uuid,code_menage,nom_chef,commune,date_enquete,enqueteur,satisfaction,delai_reception_jours,montant_recu_htg,utilisation_principale,connait_mecanisme_plainte,score_fcs,score_rcsi,telephone,gps_latitude,gps_longitude,duree_entretien_min
uuid:000024-acted,MEN-00704,Cadet,DESSALINES,2026-01-23,ENQ05 Nadege Augustin,5,9,12000,Agriculture,oui,41.7,17,+50934206677,19.56461,-72.55401,31
uuid:000351-acted,MEN-00602,Cadet,Gros-Morne,2025-10-19,ENQ03 Fabiola Cheri,4,14,6000,Nourriture,oui,51.8,25,+50944901264,19.1986,-72.60288,43
uuid:000065-acted,MEN-00464,Duverger,Gros-Morne,2025-12-23,ENQ02 Kervens Sanon,5,7,9000,Autre,non,18.8,14,+50940575758,18.60487,-72.05592,29
uuid:000474-acted,MEN-00195,Belizaire,Gonaive,27/02/2026,ENQ05 Nadege Augustin,2,12,9000,Nourriture,non,26.9,8,+50946455509,18.83637,-72.63565,24
uuid:000056-acted,MEN-00591,Pierre,Port-au-Prince,2025-11-13,ENQ06 Josue Belizaire,4,1,7500,Logement,oui,26.9,23,+50946788339,19.59131,-72.59207,45
uuid:000415-acted,MEN-00475,Noel,Gonaive,2026-03-30,ENQ02 Kervens Sanon,4,0,5250,Dette,oui,44.0,7,n/a,18.68413,-73.93617,20
uuid:000233-acted,MEN-00198,Lafleur,st marc,2025-10-26,ENQ03 Fabiola Cheri,4,7,7500,Sante,non,32.2,1,+50945688225,19.67381,-72.80157,24
uuid:000336-acted,MEN-01025,Casseus,Mirebalais,2025-11-21,ENQ03 Fabiola Cheri,4,14,7500,Nourriture,oui,56.1,11,+50934359167,,,34
uuid:000223-acted,MEN-01154,Fils-Aime,Port-au-Prince,2025-12-02,ENQ05 Nadege Augustin,5,19,7000,Nourriture,non,18.9,19,+50930707849,19.72993,-72.13143,28
uuid:000226-acted,MEN-00441,Sanon,Croix-des-Bouquets,2025-11-04,ENQ02 Kervens Sanon,4,5,7500,Sante,oui,29.2,18,+50940490399,19.03674,-72.94085,17
uuid:000069-acted,MEN-00236,Moise,DESSALINES,2025-11-01,ENQ01 Mirlande Delva,4,12,12000,Nourriture,oui,42.6,26,+50930379910,19.11606,-72.78813,32
uuid:000383-acted,MEN-00272,Michel,St-Marc,2025-10-06,ENQ04 Wisly Dorvil,5,4,7500,Education,non,29.6,0,50937,18.68365,-74.12111,39
uuid:000389-acted,MEN-00482,Belizaire,Verrettes,2025-11-27,ENQ06 Josue Belizaire,4,5,12000,Sante,oui,32.2,7,+50930878276,18.64599,-73.50347,44
uuid:000367-acted,MEN-00895,Etienne,Cap-Haitien,2025-11-06,ENQ01 Mirlande Delva,N/A,14,7500,Nourriture,non,32.2,28,+50942829949,19.45626,-73.33891,13
uuid:000214-acted,MEN-01083,Charles,Verrettes,2025-09-05,ENQ01 Mirlande Delva,4,14,9000,Logement,oui,30.7,16,+50947944762,18.71197,-72.01465,29
uuid:000457-acted,MEN-00894,Beauvoir,Mirebalais,2026-03-05,ENQ03 Fabiola Cheri,3,18,6000,Nourriture,oui,39.5,18,3712-4498,19.69977,-73.2016,28
uuid:000171-acted,MEN-01184,Toussaint,SAINT MARC,2025-11-05,ENQ03 Fabiola Cheri,2,7,6000,Nourriture,non,29.8,16,+50937360941,18.81014,-73.44493,28
uuid:000368-acted,MEN-00727,Michel,DESSALINES,2025-09-29,ENQ06 Josue Belizaire,4,4,9000,Sante,non,18.7,13,+50945031363,18.45505,-73.71455,18
uuid:000567-acted,MEN-01039,Duverger,Mirebalais,2025-10-21,ENQ04 Wisly Dorvil,3,10,7500,Nourriture,non,26.8,9,+50932686013,19.12284,-72.67679,24
uuid:000240-acted,MEN-00703,Georges,Mirebalais,2026-01-16,ENQ01 Mirlande Delva,4,18,4000,Nourriture,oui,24.3,13,+50939297919,18.7684,-72.20416,39
uuid:000446-acted,MEN-00875,Delva,St-Marc,2025-10-26,ENQ05 Nadege Augustin,3,15,9000,Dette,non,56.1,16,+50933320210,,,18
uuid:000327-acted,MEN-00307,Delva,st marc,2025-09-20,ENQ04 Wisly Dorvil,3,13,12000,Sante,non,41.4,19,+50946832076,,,20
uuid:000038-acted,MEN-00575,Augustin,SAINT MARC,12-27-2025,ENQ05 Nadege Augustin,2,4,7500,Nourriture,non,0.0,19,+50945518872,19.03186,-72.84328,28
uuid:000441-acted,MEN-00285,Noel,Leogane,2025-10-10,ENQ03 Fabiola Cheri,3,4,12000,Agriculture,oui,34.9,15,50937,19.24349,-73.89553,27
uuid:000249-acted,MEN-00213,Belizaire,Gros-Morne,2026-02-07,ENQ03 Fabiola Cheri,4,3,6250,Nourriture,non,52.8,19,+50942297924,19.75102,-72.36653,37
uuid:000421-acted-bis,MEN-00088,Lherisson,Cap-Haitien,2025-11-09,ENQ05 Nadege Augustin,1,4,9000,Nourriture,oui,43.8,16,+50939884246,19.57933,-73.10103,26
uuid:000357-acted,MEN-00347,Michel,Port-au-Prince,2026-01-30,ENQ01 Mirlande Delva,4,8,12000,Agriculture,oui,32.7,21,+50947218675,19.64947,-74.08019,33
uuid:000518-acted,MEN-00728,Dorvil,Gros-Morne,2026-01-15,ENQ02 Kervens Sanon,3,7,7500,Nourriture,oui,43.0,19,+50944257801,18.71426,-72.59659,29
uuid:000426-acted,MEN-00064,Casseus,Mirebalais,2025-11-17,ENQ06 Josue Belizaire,5,14,12000,Nourriture,oui,31.4,21,+50934102272,19.01202,-73.07072,35
uuid:000154-acted,MEN-00049,Dorvil,Verrettes,2026-03-20,ENQ04 Wisly Dorvil,4,8,7500,Nourriture,oui,32.5,11,+50935220149,19.02013,-72.00499,37
uuid:000211-acted,MEN-00547,Desir,Gonaive,2026-01-05,ENQ03 Fabiola Cheri,4,16,7500,Nourriture,non,58.7,19,+50936444062,19.74967,-73.76663,25
uuid:000111-acted,MEN-01181,Moise,Mirebalais,2025-10-10,ENQ02 Kervens Sanon,2,13,9000,Nourriture,oui,38.7,15,+50947091423,19.28575,-73.71888,31
uuid:000173-acted,MEN-00906,Noel,Mirebalais,2026-03-18,ENQ02 Kervens Sanon,2,13,9000,Sante,non,28.6,32,+50938784453,18.46921,-73.82548,42
uuid:000132-acted,MEN-00043,Louis,Cap-Haitien,2025-09-10,ENQ02 Kervens Sanon,4,10,12000,Dette,oui,8.3,13,+50930187752,19.49563,-72.30249,28
uuid:000158-acted,MEN-00004,Louis,Croix-des-Bouquets,2025-10-16,ENQ03 Fabiola Cheri,4,14,9000,Education,oui,34.3,17,+50938110526,18.41322,-73.41781,30
uuid:000160-acted,MEN-01049,Charles,Croix-des-Bouquets,2025-12-06,ENQ02 Kervens Sanon,3,16,8750,Nourriture,non,44.1,10,+50937659099,18.67254,-72.87653,23
uuid:000515-acted,MEN-00015,Moise,Gros-Morne,2025-09-07,ENQ06 Josue Belizaire,5,16,"9,000",Nourriture,non,36.0,3,+50945290326,19.07658,-72.87461,31
uuid:000417-acted,MEN-00101,Moise,Port-au-Prince,2026-01-07,ENQ03 Fabiola Cheri,3,6,9000,Nourriture,non,33.4,16,n/a,19.35818,-72.17842,30
uuid:000080-acted,MEN-00813,Cheri,Gros-Morne,2026-03-20,ENQ05 Nadege Augustin,2,12,"9,000",Nourriture,non,36.7,16,+50941863481,19.11581,-72.16925,37
uuid:000232-acted,MEN-00378,Cadet,St-Marc,2025-09-04,ENQ04 Wisly Dorvil,4,13,12000,Sante,oui,39.1,25,+50948778757,18.77537,-74.08154,35
uuid:000549-acted,MEN-00477,Georges,DESSALINES,2026-03-21,ENQ06 Josue Belizaire,4,19,12000,Nourriture,non,38.3,7,+50935141813,18.74677,-72.26851,24
uuid:000011-acted,MEN-00508,Lafleur,Gros-Morne,2025-09-11,ENQ01 Mirlande Delva,1,18,6000,Nourriture,oui,52.7,5,+50941359344,19.47565,-73.99572,20
uuid:000394-acted,MEN-00076,Alexis,Saint-Marc,2025-11-14,ENQ01 Mirlande Delva,N/A,9,9000,Dette,non,34.8,17,+50945714242,18.45695,-73.23252,18
uuid:000555-acted,MEN-00631,Louis,Port-au-Prince,2025-10-08,ENQ01 Mirlande Delva,4,6,6000,Sante,oui,28.6,11,+50945387836,19.69639,-72.93626,26
uuid:000254-acted,MEN-00554,Michel,Mirebalais,2026-03-03,ENQ05 Nadege Augustin,4,11,7500,Dette,oui,46.0,10,+50942902995,18.7114,-72.43213,2
uuid:000238-acted,MEN-00511,Michel,Mirebalais,2025-10-05,ENQ05 Nadege Augustin,3,7,9000,Sante,oui,36.5,9,+50949449979,18.52328,-72.95445,19
uuid:000243-acted,MEN-00689,Etienne,Gros-Morne,2026-01-05,ENQ06 Josue Belizaire,4,6,7500,Nourriture,oui,33.1,27,+50937357717,18.57184,-73.27117,28
uuid:000007-acted,MEN-00900,Casseus,DESSALINES,2026-03-22,ENQ03 Fabiola Cheri,4,9,12000,Agriculture,oui,42.3,25,+50939376944,,,17
uuid:000403-acted,MEN-00842,Lafleur,Croix-des-Bouquets,2026-03-24,ENQ02 Kervens Sanon,5,2,6000,Nourriture,oui,37.7,26,+50946714131,19.67311,-72.85036,31
uuid:000166-acted,MEN-01029,Desir,Mirebalais,10-17-2025,ENQ03 Fabiola Cheri,3,7,"9,000",Nourriture,oui,48.1,13,+50940467726,19.68263,-72.16421,20
uuid:000310-acted,MEN-00073,Pierre,Mirebalais,2025-12-27,ENQ01 Mirlande Delva,2,10,9000,Dette,non,28.8,22,+50948333993,,,21
uuid:000539-acted,MEN-00946,Charles,St-Marc,14/12/2025,ENQ04 Wisly Dorvil,2,16,6000,Agriculture,non,41.7,15,+50945313359,18.88481,-73.45524,20
uuid:000005-acted,MEN-00481,Lherisson,Cap-Haitien,2026-02-17,ENQ04 Wisly Dorvil,1,11,7500,Agriculture,non,43.8,19,+50936522586,19.30507,-73.24977,25
uuid:000116-acted,MEN-00935,Lherisson,Gros-Morne,2025-11-22,ENQ01 Mirlande Delva,4,4,9000,Agriculture,oui,40.9,10,+50938617524,19.31454,-72.64657,38
uuid:000012-acted,MEN-01053,Fils-Aime,Mirebalais,2025-12-11,ENQ05 Nadege Augustin,5,3,6000,Sante,oui,34.6,10,+50940158622,18.67405,-72.32445,24
uuid:000565-acted,MEN-01087,Saint-Fleur,Croix-des-Bouquets,2025-12-18,ENQ02 Kervens Sanon,4,6,12000,Nourriture,non,20.6,15,+50944159056,19.09056,-73.02613,26
uuid:000095-acted,MEN-00729,Michel,Port-au-Prince,2025-12-11,ENQ01 Mirlande Delva,5,5,9000,Logement,non,31.6,14,50937,18.89029,-73.15723,39
uuid:000152-acted,MEN-00917,Etienne,SAINT MARC,2025-12-15,ENQ03 Fabiola Cheri,4,1,6000,Nourriture,non,18.8,35,+50932132013,18.57976,-73.13257,35
uuid:000315-acted-bis,MEN-00164,Alexis,Cap-Haitien,2026-03-10,ENQ02 Kervens Sanon,3,7,6000,Nourriture,oui,35.8,24,+50930190893,19.77592,-72.64304,28
uuid:000452-acted,MEN-01122,Jean-Baptiste,Mirebalais,2026-02-22,ENQ05 Nadege Augustin,3,13,9000,Nourriture,non,44.4,8,n/a,19.50833,-74.04045,32
uuid:000499-acted,MEN-00519,Louis,Leogane,2026-03-18,ENQ04 Wisly Dorvil,4,3,12000,Nourriture,oui,50.7,10,+50944451175,18.5084,-73.78755,23
uuid:000046-acted,MEN-00542,Charles,St-Marc,12-26-2025,ENQ04 Wisly Dorvil,3,1,7500,Autre,non,30.3,11,+50944083032,18.80056,-73.23927,37
uuid:000141-acted,MEN-00090,Dorvil,GONAIVES,2025-11-16,ENQ04 Wisly Dorvil,,5,6000,Nourriture,oui,42.0,13,+50933135400,19.68318,-73.46455,18
uuid:000328-acted,MEN-00751,Lherisson,Leogane,2026-01-25,ENQ05 Nadege Augustin,4,5,10250,Nourriture,oui,26.0,21,+50946567515,18.67654,-72.79208,23
uuid:000203-acted,MEN-00870,Michel,Leogane,2026-01-03,ENQ01 Mirlande Delva,5,2,6000,Education,non,49.1,18,+50939257063,18.41537,-73.01728,26
uuid:000556-acted,MEN-01095,Cheri,Croix-des-Bouquets,2025-12-02,ENQ05 Nadege Augustin,3,0,9 000,Nourriture,oui,47.0,14,+50942683007,18.86448,-74.01558,29
uuid:000307-acted,MEN-00087,Charles,Croix-des-Bouquets,2025-11-22,ENQ03 Fabiola Cheri,4,1,7500,Nourriture,non,45.4,25,+50949243893,18.65319,-73.28299,29
uuid:000165-acted,MEN-01142,Pierre,gonaives,2025-12-30,ENQ02 Kervens Sanon,4,16,6000,Nourriture,oui,30.2,17,+50944718265,19.76109,-74.02281,0
uuid:000350-acted,MEN-00502,Cheri,Gonaïves,2025-12-10,ENQ03 Fabiola Cheri,4,18,9 000,Education,oui,41.9,20,+50947249456,18.86401,-73.6358,21
uuid:000088-acted,MEN-00366,Estime,Mirebalais,01-10-2026,ENQ05 Nadege Augustin,4,18,6000,Nourriture,non,34.6,17,+50933500962,18.89245,-72.73357,20
uuid:000374-acted,MEN-00569,Cadet,Port-au-Prince,2025-10-14,ENQ03 Fabiola Cheri,4,7,9000,Agriculture,oui,51.4,21,+50931366243,18.82347,-72.7269,24
uuid:000093-acted,MEN-00434,Augustin,Gros-Morne,2025-10-08,ENQ02 Kervens Sanon,5,3,9000,Education,non,30.8,18,+50942504964,,,44
uuid:000228-acted,MEN-00649,Noel,Gros-Morne,2025-10-30,ENQ02 Kervens Sanon,2,4,12000,Education,oui,40.2,21,+50942404466,,,35
uuid:000354-acted,MEN-00699,Alexis,Gonaive,2026-02-28,ENQ04 Wisly Dorvil,5,17,7500,Dette,non,63.7,16,+50945260182,19.72538,-72.45202,19
uuid:000278-acted,MEN-00229,Sanon,Leogane,2025-11-25,ENQ01 Mirlande Delva,,10,6000,Nourriture,oui,22.9,17,+50946236834,19.04783,-72.73313,43
uuid:000151-acted,MEN-00348,Joseph,Mirebalais,2025-12-25,ENQ01 Mirlande Delva,3,5,12000,Sante,oui,33.6,14,+50942836007,19.18234,-73.61924,39
uuid:000105-acted,MEN-00864,Cheri,Gonaive,2026-03-16,ENQ04 Wisly Dorvil,5,5,9000,Dette,non,34.9,12,+50948171565,18.87226,-73.03007,21
uuid:000250-acted,MEN-01196,Louis,Verrettes,2025-09-26,ENQ05 Nadege Augustin,4,10,9000,Nourriture,non,33.0,13,+50933822672,19.54804,-74.10042,39
uuid:000424-acted,MEN-00745,Michel,Port-au-Prince,2025-11-30,ENQ05 Nadege Augustin,5,10,9000,Education,non,54.7,14,+50943501647,19.5026,-72.83718,21
uuid:000051-acted,MEN-00669,Etienne,Cap-Haitien,2025-10-16,ENQ01 Mirlande Delva,5,6,9000,Sante,oui,53.2,27,+50937970486,18.48202,-73.48938,26
uuid:000045-acted,MEN-00299,Saint-Fleur,Mirebalais,2026-03-06,ENQ02 Kervens Sanon,4,12,7500,Nourriture,oui,45.6,18,+50934632527,19.21248,-72.68703,21
uuid:000227-acted,MEN-01003,Etienne,Verrettes,2025-12-26,ENQ03 Fabiola Cheri,5,11,6000,Nourriture,oui,37.7,24,+50932584810,18.57155,-72.21358,39
uuid:000312-acted,MEN-00338,Dorvil,Cap-Haitien,2026-03-02,ENQ06 Josue Belizaire,4,10,7500,Nourriture,oui,59.3,18,+50943923460,18.77292,-72.38156,44
uuid:000074-acted,MEN-00773,Cheri,Verrettes,2025-10-13,ENQ05 Nadege Augustin,5,11,12000,Dette,non,38.7,0,+50936551278,19.12836,-72.61066,36
uuid:000062-acted,MEN-00316,Duverger,Gonaive,2025-09-28,ENQ06 Josue Belizaire,5,11,12000,Nourriture,oui,18.7,13,+50935594083,18.41781,-73.4676,21
uuid:000219-acted,MEN-00527,Georges,Cap-Haitien,2025-12-24,ENQ02 Kervens Sanon,1,9,7500,Agriculture,oui,50.2,2,50937,19.2486,-74.04716,23
uuid:000016-acted,MEN-00746,Cadet,Gros-Morne,2025-09-18,ENQ01 Mirlande Delva,1,2,9000,Education,oui,41.7,16,+50940076668,18.8905,-73.73898,17
uuid:000562-acted,MEN-00111,Belizaire,Gros-Morne,2025-11-17,ENQ02 Kervens Sanon,4,4,6000,Sante,oui,34.7,15,+50946874538,19.26296,-73.59105,26
uuid:000293-acted,MEN-00248,Casseus,Leogane,26/11/2025,ENQ05 Nadege Augustin,4,13,6000,Nourriture,oui,50.3,2,+50946998634,19.20125,-73.42388,29
uuid:000495-acted,MEN-00942,Cheri,Gros-Morne,2025-11-04,ENQ01 Mirlande Delva,4,15,7500,Nourriture,oui,48.3,26,+50946014559,19.77625,-73.81337,34
uuid:000282-acted,MEN-00974,Belizaire,st marc,2026-02-22,ENQ05 Nadege Augustin,4,14,12000,Education,non,30.6,17,+50946468556,19.6122,-74.11108,13
uuid:000041-acted,MEN-00208,Alexis,Mirebalais,2026-03-01,ENQ01 Mirlande Delva,3,3,7500,Nourriture,oui,33.4,12,+50941302970,18.43197,-73.4861,27
uuid:000400-acted,MEN-01191,Fils-Aime,Verrettes,2025-10-26,ENQ05 Nadege Augustin,4,3,12000,Dette,oui,27.2,20,+50942806153,19.66102,-73.26992,17
uuid:000274-acted,MEN-00733,Moise,Cap-Haitien,07/03/2026,ENQ05 Nadege Augustin,4,5,12000,Nourriture,oui,23.2,27,+50948392519,18.95256,-72.92308,20
uuid:000084-acted,MEN-00455,Moise,gonaives,2026-02-01,ENQ02 Kervens Sanon,4,11,7500,Nourriture,non,24.7,12,+50947438530,,,34
uuid:000048-acted,MEN-00990,Casseus,St-Marc,2026-02-21,ENQ06 Josue Belizaire,5,7,12000,Sante,oui,58.0,14,+50936381115,18.51836,-72.75584,16
uuid:000200-acted,MEN-00326,Estime,Saint-Marc,2025-11-05,ENQ05 Nadege Augustin,3,4,7500,Education,oui,34.8,10,+50946021524,18.94916,-73.59523,26
uuid:000486-acted,MEN-00319,Charles,Mirebalais,2025-09-24,ENQ04 Wisly Dorvil,4,10,6000,Nourriture,non,30.1,11,+50943059106,19.45413,-72.79942,21
uuid:000346-acted,MEN-00424,Cheri,Mirebalais,2025-12-03,ENQ05 Nadege Augustin,5,6,9000,Nourriture,oui,21.8,18,+50949701624,19.5078,-73.24825,27
uuid:000458-acted,MEN-00235,Delva,St-Marc,2025-11-28,ENQ04 Wisly Dorvil,5,3,9000,Nourriture,non,35.1,4,+50943028193,19.48272,-72.07798,23
uuid:000180-acted-bis,MEN-00282,Belizaire,Verrettes,2026-02-13,ENQ02 Kervens Sanon,5,14,7500,Nourriture,oui,13.3,11,+50930549404,,,28
uuid:000459-acted,MEN-00286,Pierre,DESSALINES,2026-01-07,ENQ06 Josue Belizaire,5,10,12000,Dette,oui,19.0,12,+50942263724,19.14316,-73.95733,12
uuid:000279-acted,MEN-00632,Augustin,Mirebalais,2025-12-05,ENQ05 Nadege Augustin,3,13,9000,Nourriture,non,21.9,19,+50947729586,18.50946,-72.43945,39
uuid:000509-acted,MEN-00845,Dorvil,DESSALINES,2025-10-28,ENQ06 Josue Belizaire,4,3,6000,Nourriture,oui,38.3,12,+50944392695,18.72279,-73.35542,26
uuid:000444-acted,MEN-00253,Lherisson,Gros-Morne,2026-01-22,ENQ04 Wisly Dorvil,4,8,12000,Agriculture,non,37.9,15,+50939732105,19.04241,-73.77696,14
uuid:000264-acted,MEN-00030,Augustin,Verrettes,23/09/2025,ENQ06 Josue Belizaire,4,6,9000,Nourriture,oui,43.5,2,n/a,19.23531,-73.04129,33
uuid:000126-acted,MEN-00036,Duverger,Leogane,2026-03-01,ENQ05 Nadege Augustin,4,13,7500,Nourriture,non,3.5,19,3712-4498,19.74384,-72.97004,33
uuid:000297-acted,MEN-00630,Pierre,Cap-Haitien,2025-11-04,ENQ04 Wisly Dorvil,4,17,9750,Logement,oui,39.7,25,3712-4498,18.7367,-73.41038,22
uuid:000037-acted,MEN-00380,Desir,Cap-Haitien,2025-09-03,ENQ02 Kervens Sanon,3,9,9000,Nourriture,oui,33.4,10,+50947288383,19.452,-73.19369,34
uuid:000277-acted,MEN-00970,Desir,Cap-Haitien,2026-01-02,ENQ01 Mirlande Delva,5,8,6000,Nourriture,non,56.8,29,+50940602076,19.65505,-73.93241,13
uuid:000477-acted,MEN-00941,Casseus,Mirebalais,27/09/2025,ENQ05 Nadege Augustin,4,9,6000,Education,non,38.4,28,+50944014326,19.5268,-73.51824,32
uuid:000460-acted,MEN-01067,Lafleur,Mirebalais,10-26-2025,ENQ01 Mirlande Delva,4,12,12000,Sante,oui,32.6,18,+50936126072,19.71686,-73.44425,23
uuid:000068-acted,MEN-01047,Belizaire,Gros-Morne,2025-12-19,ENQ02 Kervens Sanon,3,9,12000,Education,oui,55.5,19,+50936920867,18.69475,-72.65595,29
uuid:000083-acted,MEN-01213,Cheri,Leogane,2025-10-14,ENQ01 Mirlande Delva,4,2,12000,Logement,oui,31.8,11,+50942791099,19.70347,-72.13604,2
uuid:000448-acted,MEN-00571,Beauvoir,Cap-Haitien,2026-03-05,ENQ03 Fabiola Cheri,4,10,12000,Sante,oui,26.8,7,+50931170403,18.42743,-73.43966,30
uuid:000294-acted,MEN-00607,Duverger,Port-au-Prince,2025-11-22,ENQ04 Wisly Dorvil,4,7,7500,Nourriture,oui,37.7,20,+50944923332,18.58912,-73.93211,12
uuid:000053-acted,MEN-00867,Cheri,Verrettes,2026-03-03,ENQ04 Wisly Dorvil,4,11,7500,Nourriture,non,29.3,19,+50940836183,18.578,-72.13216,22
uuid:000315-acted,MEN-00164,Alexis,Cap-Haitien,2026-03-10,ENQ02 Kervens Sanon,3,7,6000,Nourriture,oui,35.8,24,+50930190893,19.77592,-72.64304,28
uuid:000198-acted,MEN-00279,Beauvoir,Dessalines,04/01/2026,ENQ02 Kervens Sanon,3,10,9000,Education,non,30.1,18,+50947395786,18.7843,-72.19777,26
uuid:000098-acted,MEN-00677,Moise,Gros-Morne,2026-03-10,ENQ01 Mirlande Delva,ND,15,6000,Nourriture,oui,61.3,21,+50931613793,19.1171,-73.7097,13
uuid:000287-acted,MEN-00869,Dorvil,Dessaline,03/10/2025,ENQ06 Josue Belizaire,5,2,7500,Agriculture,oui,69.7,8,+50938328183,19.46816,-73.72716,21
uuid:000077-acted,MEN-01120,Jean-Baptiste,Gonaives,2025-09-17,ENQ02 Kervens Sanon,3,4,6750,Logement,non,55.7,23,+50945978029,19.71631,-73.67121,27
uuid:000210-acted,MEN-00280,Casseus,SAINT MARC,2026-02-21,ENQ02 Kervens Sanon,4,17,7500,Nourriture,oui,31.3,0,+50939171446,19.6571,-72.00744,35
uuid:000340-acted,MEN-01217,DELVA,Leogane,2025-12-17,ENQ06 Josue Belizaire,4,13,6000,Nourriture,non,56.1,9,+50938431213,19.05861,-73.57767,26
uuid:000305-acted,MEN-00468,Lherisson,Cap-Haitien,2026-02-18,ENQ01 Mirlande Delva,2,4,6000,Nourriture,oui,42.3,0,+50933630906,19.38955,-72.34956,34
uuid:000447-acted,MEN-00323,Toussaint,Dessaline,2025-09-08,ENQ02 Kervens Sanon,4,19,7500,Nourriture,oui,22.4,16,+50931460075,19.75828,-74.00516,26
uuid:000288-acted,MEN-00276,Duverger,Gros-Morne,2025-11-27,ENQ02 Kervens Sanon,3,4,9000,Education,non,22.8,22,+50943211560,19.29053,-72.60394,17
uuid:000561-acted,MEN-01007,Desir,Leogane,2025-11-25,ENQ06 Josue Belizaire,4,5,12000,Dette,oui,40.5,19,+50946684626,18.5922,-73.78384,36
uuid:000202-acted,MEN-01009,Michel,Gros-Morne,2025-11-21,ENQ02 Kervens Sanon,2,6,6000,Nourriture,non,34.0,21,+50932037746,,,31
uuid:000489-acted,MEN-00767,Toussaint,DESSALINES,2025-09-15,ENQ04 Wisly Dorvil,4,2,6000,Sante,non,33.0,12,+50938354683,18.47895,-73.67507,28
uuid:000527-acted,MEN-00851,Pierre,gonaives,2026-02-19,ENQ06 Josue Belizaire,4,11,9000,Dette,oui,32.9,13,+50947103681,18.65402,-73.27482,22
uuid:000215-acted,MEN-01175,Lafleur,st marc,2026-03-08,ENQ03 Fabiola Cheri,2,8,6000,Sante,oui,35.2,13,+50932420277,19.04621,-73.65293,27
uuid:000091-acted,MEN-00112,Augustin,Mirebalais,2026-01-30,ENQ01 Mirlande Delva,4,10,7500,Education,oui,51.9,10,+50938888732,19.79405,-73.33531,31
uuid:000427-acted,MEN-00589,Jean-Baptiste,Mirebalais,2025-09-06,ENQ03 Fabiola Cheri,5,1,9000,Sante,non,17.2,23,+50948319803,18.83863,-74.19433,24
uuid:000129-acted,MEN-01045,Georges,DESSALINES,2025-10-14,ENQ02 Kervens Sanon,4,3,5250,Agriculture,oui,40.8,13,+50933709316,18.96707,-72.52632,12
uuid:000449-acted,MEN-00593,Cadet,Gros-Morne,2026-03-22,ENQ01 Mirlande Delva,5,3,6000,Sante,non,38.6,39,+50948919223,18.58762,-72.87677,10
uuid:000115-acted,MEN-00346,Jean-Baptiste,Gros-Morne,2025-10-13,ENQ04 Wisly Dorvil,4,7,12000,Nourriture,oui,11.5,12,+50937420123,19.19125,-74.11031,30
uuid:000047-acted,MEN-00525,Etienne,Port-au-Prince,2026-03-30,ENQ04 Wisly Dorvil,5,12,12000,Sante,oui,30.1,8,+50930457718,18.96884,-73.55203,28
uuid:000487-acted,MEN-00041,Desir,Leogane,2026-02-12,ENQ06 Josue Belizaire,5,7,7500,Sante,oui,34.2,16,+50949896194,18.56331,-73.63799,24
uuid:000248-acted,MEN-01063,Lafleur,Verrettes,2026-01-04,ENQ02 Kervens Sanon,4,13,9000,Agriculture,oui,58.6,22,+50942770383,18.95458,-72.50815,32
uuid:000543-acted,MEN-00093,Fils-Aime,DESSALINES,2025-09-02,ENQ06 Josue Belizaire,5,6,9000,Sante,oui,35.2,15,+50948822196,19.03768,-73.76404,16
uuid:000456-acted,MEN-00466,Cheri,Port-au-Prince,2026-02-08,ENQ03 Fabiola Cheri,5,0,6000,Nourriture,oui,23.7,13,+50948176217,18.99692,-72.04119,28
uuid:000050-acted,MEN-01218,CASSEUS,Saint-Marc,2025-09-28,ENQ04 Wisly Dorvil,3,3,6000,Logement,oui,36.5,18,+50939171446,19.23956,-73.34953,23
uuid:000420-acted,MEN-00404,Moise,SAINT MARC,2025-09-05,ENQ03 Fabiola Cheri,4,16,7500,Nourriture,non,28.4,17,+50946814495,19.4896,-74.10868,36
uuid:000329-acted,MEN-00992,Lherisson,Saint-Marc,2025-12-02,ENQ04 Wisly Dorvil,4,12,5500,Dette,oui,18.0,7,+50942581459,19.12722,-73.74726,34
uuid:000155-acted,MEN-00768,Etienne,Dessaline,2025-11-11,ENQ04 Wisly Dorvil,4,7,6000,Nourriture,non,49.9,19,+50947687678,19.31997,-74.16247,28
uuid:000082-acted,MEN-00022,Charles,SAINT MARC,2026-03-11,ENQ05 Nadege Augustin,5,14,9000,Nourriture,oui,33.6,25,+50939834084,18.88873,-72.31842,18
uuid:000416-acted-bis,MEN-00393,Etienne,Mirebalais,2025-11-03,ENQ03 Fabiola Cheri,tres satisfait,7,12000,Nourriture,non,27.5,9,+50937498690,19.70651,-73.29408,19
uuid:000361-acted,MEN-00666,Estime,Mirebalais,2026-03-25,ENQ01 Mirlande Delva,4,14,7500,Nourriture,oui,40.8,15,+50949114951,19.74555,-73.95117,29
uuid:000079-acted,MEN-00808,Duverger,Cap-Haitien,2025-09-13,ENQ06 Josue Belizaire,5,13,6000,Sante,oui,37.0,11,+50945771891,19.2236,-72.85264,42
uuid:000393-acted,MEN-00092,Duverger,Cap-Haitien,2025-12-10,ENQ04 Wisly Dorvil,3,11,6000,Sante,oui,36.9,5,+50947891830,,,22
uuid:000380-acted,MEN-00971,Alexis,Port-au-Prince,2025-11-06,ENQ04 Wisly Dorvil,4,21,6000,Agriculture,oui,38.0,16,+50934016616,19.3943,-73.25244,36
uuid:000184-acted,MEN-00977,Lafleur,Mirebalais,2026-02-16,ENQ05 Nadege Augustin,3,4,7500,Dette,oui,19.4,14,+50938798376,18.80143,-72.72172,18
uuid:000070-acted,MEN-00080,Jean-Baptiste,Cap-Haitien,2026-01-09,ENQ01 Mirlande Delva,4,16,7500,Nourriture,non,50.7,2,+50942521532,18.56721,-72.5201,27
uuid:000269-acted,MEN-00187,Lafleur,SAINT MARC,2026-01-11,ENQ04 Wisly Dorvil,4,15,7500,Education,non,45.3,13,+50947439392,18.8484,-74.01425,26
uuid:000303-acted,MEN-00339,Desir,Leogane,2026-03-21,ENQ01 Mirlande Delva,4,10,9000,Nourriture,oui,56.2,16,+50933571508,18.65681,-73.04705,23
uuid:000097-acted,MEN-00006,Noel,Gonaïves,10/01/2026,ENQ01 Mirlande Delva,4,9,9000,Education,non,37.5,12,+50946215511,19.64143,-72.31987,23
uuid:000469-acted,MEN-00959,Jean-Baptiste,Cap-Haitien,2026-02-14,ENQ03 Fabiola Cheri,3,5,7500,Nourriture,non,26.4,26,+50933349820,18.95652,-73.1685,32
uuid:000037-acted-bis,MEN-00380,Desir,Cap-Haitien,2025-09-03,ENQ02 Kervens Sanon,3,9,9000,Nourriture,oui,33.4,10,+50947288383,19.452,-73.19369,34
uuid:000204-acted-bis,MEN-00500,Lafleur,Mirebalais,2025-11-12,ENQ03 Fabiola Cheri,4,11,6000,Logement,non,79.9,9,+50944500804,18.53862,-72.21525,22
uuid:000429-acted,MEN-00419,Sanon,Verrettes,03-14-2026,ENQ03 Fabiola Cheri,5,28,6000,Nourriture,oui,36.3,1,+50930401535,18.53994,-72.00057,32
uuid:000153-acted,MEN-00514,Georges,Port-au-Prince,2025-09-18,ENQ02 Kervens Sanon,4,2,6000,Education,oui,39.0,6,+50935216522,19.57103,-74.18647,23
uuid:000015-acted,MEN-00310,Joseph,Gros-Morne,2025-09-30,ENQ01 Mirlande Delva,4,11,9 000,Education,non,,23,+50936113764,18.73068,-73.80393,21
uuid:000405-acted,MEN-00963,Desir,Saint-Marc,2025-10-15,ENQ01 Mirlande Delva,4,9,12000,Nourriture,oui,41.7,19,+50934027194,19.3838,-73.88934,13
uuid:000275-acted,MEN-00837,Moise,SAINT MARC,2025-09-10,ENQ04 Wisly Dorvil,4,14,6000,Nourriture,oui,33.6,43,+50937045717,19.22537,-74.00759,37
uuid:000207-acted,MEN-00454,Duverger,Leogane,2025-10-29,ENQ03 Fabiola Cheri,N/A,7,"9,000",Nourriture,oui,24.7,16,+50933961365,19.63848,-72.9537,22
uuid:000094-acted,MEN-00078,Moise,Port-au-Prince,2026-01-21,ENQ04 Wisly Dorvil,5,13,6000,Nourriture,oui,40.1,27,+50933838187,19.56606,-73.80357,34
uuid:000169-acted-bis,MEN-00170,Lherisson,Gros-Morne,2025-09-23,ENQ03 Fabiola Cheri,4,7,6000,Agriculture,non,22.9,0,+50944516734,19.49765,-73.84127,6
uuid:000010-acted,MEN-01182,Estime,Verrettes,2025-10-19,ENQ03 Fabiola Cheri,ND,0,12000,Nourriture,non,40.4,26,+50943213021,18.79696,-72.42881,35
uuid:000461-acted,MEN-00588,Cheri,Mirebalais,2025-10-10,ENQ05 Nadege Augustin,1,17,6000,Nourriture,oui,46.6,25,+50932182988,18.78646,-72.91694,21
uuid:000167-acted,MEN-00988,Lafleur,Verrettes,2025-11-14,ENQ06 Josue Belizaire,3,21,3250,Nourriture,oui,22.4,16,+50933213059,19.66908,-72.16234,29
uuid:000476-acted,MEN-00759,Casseus,Port-au-Prince,2025-11-09,ENQ06 Josue Belizaire,5,11,4000,Dette,non,30.7,6,+50932316379,19.05831,-74.02215,28
uuid:000208-acted,MEN-00289,Augustin,Cap-Haitien,2025-10-06,ENQ03 Fabiola Cheri,4,1,7500,Education,oui,21.2,5,+50933056086,19.03436,-72.24649,37
uuid:000306-acted,MEN-00916,Delva,Croix-des-Bouquets,2025-12-10,ENQ02 Kervens Sanon,3,0,12000,Nourriture,oui,19.4,29,+50939741987,19.13628,-73.94044,24
uuid:000443-acted,MEN-00114,Saint-Fleur,Verrettes,10/09/2025,ENQ05 Nadege Augustin,3,11,6000,Sante,oui,29.9,0,+50930634056,18.5115,-73.40968,36
uuid:000131-acted,MEN-00952,Louis,Port-au-Prince,2025-09-11,ENQ05 Nadege Augustin,1,12,12000,Nourriture,non,43.4,25,+50936104846,19.14568,-73.97385,13
uuid:000385-acted,MEN-00009,Joseph,Mirebalais,2025-12-13,ENQ03 Fabiola Cheri,4,8,-,Nourriture,oui,22.9,20,+50938915434,19.33402,-73.06018,2
uuid:000392-acted,MEN-00160,Dorvil,Gros-Morne,2025-10-23,ENQ02 Kervens Sanon,4,3,7500,Sante,oui,24.9,8,+50946517942,18.55602,-72.7722,41
uuid:000185-acted,MEN-00392,Casseus,Cap-Haitien,2026-01-27,ENQ01 Mirlande Delva,4,13,6000,Nourriture,oui,29.7,12,+50940841754,19.68643,-73.31227,19
uuid:000464-acted,MEN-01156,Augustin,Leogane,2026-03-30,ENQ03 Fabiola Cheri,4,2,4000,Agriculture,non,31.3,13,+50933156206,18.87537,-73.91001,31
uuid:000130-acted,MEN-00328,Moise,st marc,2025-10-25,ENQ01 Mirlande Delva,5,4,12000,Education,oui,54.3,24,+50937344960,19.68254,-73.59619,39
uuid:000326-acted,MEN-00371,Toussaint,Leogane,2026-03-14,ENQ01 Mirlande Delva,4,5,9000,Nourriture,non,59.3,11,+50935454501,19.59764,-72.5654,7
uuid:000502-acted,MEN-00240,Belizaire,Leogane,2025-09-03,ENQ01 Mirlande Delva,5,0,9000,Nourriture,non,37.5,13,+50930850058,18.7459,-72.39965,44
uuid:000117-acted,MEN-00861,Noel,Port-au-Prince,2026-01-14,ENQ05 Nadege Augustin,4,10,6000,Nourriture,non,41.3,5,+50934462462,18.78705,-73.64162,9
uuid:000347-acted,MEN-00638,Sanon,Port-au-Prince,2026-01-30,ENQ04 Wisly Dorvil,3,12,7500,Sante,non,39.0,7,+50939780989,19.30121,-72.25551,18
uuid:000473-acted,MEN-00975,Joseph,Mirebalais,2025-09-17,ENQ02 Kervens Sanon,5,7,6000,Nourriture,oui,39.0,24,+50946829949,18.91758,-72.71049,16
uuid:000304-acted,MEN-00445,Pierre,DESSALINES,2026-01-18,ENQ02 Kervens Sanon,4,4,6000,Education,oui,36.1,12,+50935699020,18.43083,-73.07356,45
uuid:000002-acted,MEN-00714,Joseph,Mirebalais,2025-10-02,ENQ03 Fabiola Cheri,3,16,12000,Nourriture,non,21.0,14,+50935826204,19.46256,-73.83867,35
uuid:000027-acted,MEN-00352,Moise,Leogane,2025-11-24,ENQ05 Nadege Augustin,3,13,5250,Education,oui,49.3,14,+50939733075,19.09036,-72.56893,26
uuid:000085-acted,MEN-00172,Cadet,Gros-Morne,2025-12-30,ENQ01 Mirlande Delva,4,8,7500,Sante,non,31.9,13,+50939562807,19.48091,-73.27631,22
uuid:000058-acted,MEN-01123,Georges,Gros-Morne,2025-11-12,ENQ06 Josue Belizaire,4,6,12000,Nourriture,non,46.1,3,+50945235408,18.96717,-73.14352,23
uuid:000317-acted,MEN-01153,Cheri,Cap-Haitien,2026-02-17,ENQ05 Nadege Augustin,1,3,7500,Autre,oui,52.9,19,+50943657634,18.51547,-72.42125,23
uuid:000092-acted,MEN-00237,Jean-Baptiste,Verrettes,2025-12-14,ENQ03 Fabiola Cheri,2,2,9000,Education,oui,43.3,8,+50944225629,18.9528,-73.84886,38
uuid:000266-acted,MEN-00242,Moise,Cap-Haitien,2025-11-04,ENQ06 Josue Belizaire,5,11,7500,Logement,oui,42.7,0,+50943726824,18.82315,-73.60973,35
uuid:000203-acted-bis,MEN-00870,Michel,Leogane,2026-01-03,ENQ01 Mirlande Delva,5,2,6000,Education,non,49.1,18,+50939257063,18.41537,-73.01728,26
uuid:000412-acted,MEN-01147,Casseus,DESSALINES,2026-01-27,ENQ02 Kervens Sanon,N/A,5,9000,Nourriture,non,54.0,10,+50934038991,18.89931,-73.49279,32
uuid:000542-acted,MEN-01085,Lherisson,Cap-Haitien,11-30-2025,ENQ04 Wisly Dorvil,3,2,12000,Sante,oui,21.5,15,+50944962084,18.73062,-73.88621,22
uuid:000054-acted,MEN-00570,Estime,Gonaïves,2025-12-29,ENQ05 Nadege Augustin,4,7,9000,Nourriture,oui,26.9,13,+50930210246,19.53541,-72.76663,32
uuid:000378-acted,MEN-00063,Saint-Fleur,Mirebalais,14/12/2025,ENQ04 Wisly Dorvil,5,7,12000,Nourriture,oui,40.7,18,+50931290574,19.16178,-73.59264,43
uuid:000220-acted,MEN-00674,Beauvoir,Saint-Marc,2025-09-16,ENQ02 Kervens Sanon,4,7,6000,Sante,non,19.1,16,+50939713002,,,17
uuid:000253-acted,MEN-00234,Beauvoir,Mirebalais,2025-11-09,ENQ02 Kervens Sanon,4,14,6000,Nourriture,non,42.3,29,+50932050864,19.59948,-72.81791,21
uuid:000178-acted,MEN-01140,Delva,Gros-Morne,2025-09-06,ENQ02 Kervens Sanon,2,6,9000,Nourriture,non,30.5,24,+50941205515,18.70965,-72.89689,38
uuid:000323-acted,MEN-00826,Beauvoir,Cap-Haitien,02-22-2026,ENQ04 Wisly Dorvil,4,18,9000,Nourriture,non,35.1,3,+50944903087,,,0
uuid:000026-acted,MEN-00451,Moise,Verrettes,09-12-2025,ENQ06 Josue Belizaire,4,0,9000,Education,oui,20.7,14,+50936026923,18.69085,-72.96359,21
uuid:000463-acted,MEN-00676,Lafleur,Cap-Haitien,2026-02-19,ENQ06 Josue Belizaire,N/A,13,12000,Dette,oui,45.2,25,+50944553953,19.32792,-73.63252,35
uuid:000298-acted,MEN-00025,Jean-Baptiste,St-Marc,2025-09-22,ENQ04 Wisly Dorvil,3,5,7500,Nourriture,non,42.3,20,n/a,18.68318,-72.55924,40
uuid:000526-acted,MEN-00586,Etienne,Verrettes,2025-12-19,ENQ05 Nadege Augustin,5,11,9000,Agriculture,oui,36.4,18,+50942494376,19.11647,-73.91572,22
uuid:000352-acted,MEN-01170,Moise,Leogane,2026-03-06,ENQ01 Mirlande Delva,3,8,9000,Dette,non,15.3,25,n/a,19.41502,-73.72311,28
uuid:000382-acted,MEN-00398,Desir,Croix-des-Bouquets,2026-02-09,ENQ03 Fabiola Cheri,3,9,7500,Education,oui,39.6,8,+50945960456,18.94413,-73.23645,38
uuid:000258-acted,MEN-01006,Belizaire,DESSALINES,2026-01-24,ENQ06 Josue Belizaire,5,14,12000,Nourriture,oui,27.8,24,+50946063951,19.33367,-73.49519,27
uuid:000520-acted,MEN-00853,Estime,Gros-Morne,19/02/2026,ENQ01 Mirlande Delva,4,14,6000,Nourriture,oui,12.5,15,+50933862924,18.52089,-72.10448,41
uuid:000017-acted,MEN-00228,Noel,Leogane,2025-11-19,ENQ01 Mirlande Delva,4,13,12000,Nourriture,oui,28.9,19,+50935938766,18.75989,-73.54882,28
uuid:000422-acted,MEN-01043,Michel,Leogane,2026-03-09,ENQ06 Josue Belizaire,4,3,7500,Nourriture,non,55.5,20,+50949335279,19.62517,-72.98775,29
uuid:000516-acted,MEN-00902,Jean-Baptiste,Mirebalais,2026-01-29,ENQ02 Kervens Sanon,2,3,4500,Dette,non,25.7,7,+50942106419,18.57888,-73.35897,32
uuid:000321-acted,MEN-01176,Delva,Mirebalais,2025-09-30,ENQ06 Josue Belizaire,2,9,12000,Dette,non,42.0,17,+50934182082,18.92257,-72.55785,31
uuid:000414-acted,MEN-01072,Estime,Port-au-Prince,01-03-2026,ENQ02 Kervens Sanon,3,11,12000,Nourriture,oui,40.5,0,+50945729095,,,35
uuid:000261-acted,MEN-00724,Noel,Dessaline,12/10/2025,ENQ03 Fabiola Cheri,4,14,7500,Nourriture,oui,49.5,11,+50932994779,18.74458,-73.30605,27
uuid:000110-acted,MEN-00400,Beauvoir,Saint-Marc,21/12/2025,ENQ03 Fabiola Cheri,4,0,6000,Logement,oui,46.2,23,+50940816495,,,34
uuid:000497-acted,MEN-00420,Noel,Dessaline,2025-11-08,ENQ04 Wisly Dorvil,4,13,5000,Nourriture,oui,19.4,4,+50931189685,18.56148,-73.17622,21
uuid:000521-acted,MEN-00011,Duverger,Croix-des-Bouquets,02-22-2026,ENQ05 Nadege Augustin,4,8,12000,Dette,non,40.4,22,+50933660937,18.57162,-72.47753,31
uuid:000376-acted,MEN-01149,Augustin,Mirebalais,2025-09-18,ENQ02 Kervens Sanon,5,9,12000,Agriculture,oui,39.0,16,+50932552759,18.83723,-74.0933,11
uuid:000104-acted,MEN-00120,Dorvil,St-Marc,2025-12-01,ENQ02 Kervens Sanon,5,15,6000,Sante,oui,35.8,36,+50946699300,19.69163,-73.20417,36
uuid:000533-acted,MEN-00868,Saint-Fleur,Gonaïves,2025-09-16,ENQ06 Josue Belizaire,4,8,9000,Nourriture,non,28.6,21,+50942212388,18.74934,-72.11608,7
uuid:000246-acted,MEN-00223,Cheri,Port-au-Prince,2026-03-17,ENQ01 Mirlande Delva,4,1,12000,Nourriture,non,23.6,21,+50941583381,18.85515,-72.40398,21
uuid:000453-acted,MEN-00590,Georges,Gros-Morne,2025-10-11,ENQ05 Nadege Augustin,3,16,4250,Nourriture,oui,36.3,2,+50932437128,,,16
uuid:000421-acted,MEN-00088,Lherisson,Cap-Haitien,2025-11-09,ENQ05 Nadege Augustin,1,4,9000,Nourriture,oui,43.8,16,+50939884246,19.57933,-73.10103,26
uuid:000418-acted,MEN-00830,Michel,Leogane,2025-11-08,ENQ04 Wisly Dorvil,4,13,6000,Sante,oui,44.5,15,+50939115727,19.78287,-73.00769,41
uuid:000102-acted,MEN-00012,Casseus,Mirebalais,2025-12-02,ENQ04 Wisly Dorvil,4,7,9000,Education,non,35.6,21,+50938450833,19.50832,-73.94383,26
uuid:000481-acted,MEN-01035,Moise,Verrettes,2026-02-19,ENQ02 Kervens Sanon,5,6,7500,Logement,oui,15.4,27,+50947167468,19.22749,-72.94,30
uuid:000281-acted,MEN-00167,Michel,Croix-des-Bouquets,2026-02-05,ENQ01 Mirlande Delva,3,11,9000,Nourriture,non,29.3,8,+50948058797,18.60809,-73.82556,35
uuid:000399-acted,MEN-01124,Michel,Leogane,2025-09-20,ENQ06 Josue Belizaire,3,13,7500,Sante,oui,58.6,19,+50942396558,18.83662,-72.16648,35
uuid:000039-acted,MEN-00932,Pierre,Verrettes,2025-11-22,ENQ01 Mirlande Delva,4,0,6000,Nourriture,oui,42.7,14,+50934743762,18.5069,-74.17898,33
uuid:000390-acted,MEN-00742,Charles,Gros-Morne,26/02/2026,ENQ02 Kervens Sanon,1,14,12000,Nourriture,oui,38.0,24,+50948900451,19.68713,-72.84132,38
uuid:000169-acted,MEN-00170,Lherisson,Gros-Morne,2025-09-23,ENQ03 Fabiola Cheri,4,7,6000,Agriculture,non,22.9,0,+50944516734,19.49765,-73.84127,6
uuid:000442-acted,MEN-00109,Belizaire,Gros-Morne,2026-02-02,ENQ02 Kervens Sanon,3,12,7500,Logement,oui,25.9,26,+50932974416,18.81671,-73.21834,24
uuid:000213-acted,MEN-00300,Cheri,Port-au-Prince,2025-09-25,ENQ05 Nadege Augustin,2,8,5500,Logement,oui,37.5,22,+50945561096,18.40279,-73.85606,38
uuid:000194-acted,MEN-00715,Augustin,Dessaline,2025-11-03,ENQ02 Kervens Sanon,4,12,6000,Nourriture,oui,60.3,20,+50938530150,,,23
uuid:000033-acted-bis,MEN-00592,Louis,Gonaïves,2025-11-16,ENQ04 Wisly Dorvil,4,9,9000,Sante,oui,48.6,0,+50949078651,18.44051,-73.22254,45
uuid:000252-acted,MEN-00156,Sanon,Saint-Marc,2026-02-09,ENQ02 Kervens Sanon,4,7,12000,Dette,non,38.0,7,+50944891523,18.61983,-72.3273,23
uuid:000140-acted,MEN-00892,Desir,Croix-des-Bouquets,2025-12-12,ENQ06 Josue Belizaire,4,13,9000,Dette,oui,5.4,11,+50945733877,18.60076,-72.98954,29
uuid:000283-acted,MEN-01094,Etienne,DESSALINES,2025-12-03,ENQ03 Fabiola Cheri,4,11,7500,Agriculture,non,35.1,26,+50938440571,18.49642,-72.575,28
uuid:000465-acted,MEN-00663,Etienne,Gros-Morne,2025-12-01,ENQ04 Wisly Dorvil,5,8,7750,Nourriture,oui,42.1,18,+50933324697,19.31274,-73.42482,29
uuid:000331-acted,MEN-00534,Pierre,Mirebalais,2025-09-27,ENQ06 Josue Belizaire,4,6,9000,Nourriture,oui,51.0,6,3712-4498,18.99263,-72.85197,26
uuid:000308-acted,MEN-00335,Fils-Aime,Gros-Morne,2025-12-04,ENQ02 Kervens Sanon,3,1,9000,Nourriture,non,53.2,24,+50932221931,18.76827,-72.27576,19
uuid:000145-acted,MEN-01044,Saint-Fleur,Port-au-Prince,2025-10-16,ENQ01 Mirlande Delva,4,6,7500,Agriculture,oui,22.9,22,+50946657104,18.76584,-73.72059,21
uuid:000192-acted,MEN-00693,Charles,Gros-Morne,2025-12-18,ENQ04 Wisly Dorvil,4,0,12000,Nourriture,non,46.0,22,+50939039922,19.54028,-74.1429,28
uuid:000535-acted,MEN-00140,Fils-Aime,Cap-Haitien,2025-10-08,ENQ02 Kervens Sanon,2,8,12000,Nourriture,oui,39.2,4,+50942282774,18.95305,-72.27938,27
uuid:000230-acted,MEN-01055,Sanon,Leogane,2026-01-19,ENQ02 Kervens Sanon,3,5,7500,Education,non,14.0,18,+50935352552,18.56469,-72.39175,18
uuid:000358-acted,MEN-00735,Estime,Gros-Morne,2026-01-02,ENQ05 Nadege Augustin,4,0,6000,Nourriture,non,33.7,17,+50930792573,19.32036,-73.01124,14
uuid:000181-acted,MEN-01101,Lherisson,Mirebalais,2026-02-24,ENQ01 Mirlande Delva,3,16,7500,Nourriture,oui,21.8,17,+50948845647,18.89554,-72.7327,33
uuid:000492-acted,MEN-00266,Beauvoir,Gros-Morne,2026-01-18,ENQ01 Mirlande Delva,3,15,12000,Nourriture,oui,,13,+50935008662,19.48456,-73.91288,43
uuid:000174-acted,MEN-00954,Duverger,Gonaives,2025-10-16,ENQ01 Mirlande Delva,4,15,9000,Dette,non,22.1,25,+50943505331,18.42918,-73.85444,13
uuid:000072-acted,MEN-00531,Cadet,gonaives,2025-10-29,ENQ06 Josue Belizaire,4,10,6000,Nourriture,non,38.6,31,+50943961486,18.6913,-72.53791,21
uuid:000501-acted,MEN-00154,Cadet,Gonaive,06/03/2026,ENQ03 Fabiola Cheri,3,14,9000,Sante,oui,15.3,27,+50930854859,19.08115,-73.12337,17
uuid:000434-acted,MEN-00018,Noel,Mirebalais,2026-02-19,ENQ04 Wisly Dorvil,4,0,7500,Sante,oui,57.6,18,+50948397350,19.27033,-72.16148,25
uuid:000190-acted,MEN-00637,Louis,Dessalines,2025-11-15,ENQ04 Wisly Dorvil,2,5,7500,Nourriture,non,27.8,25,+50944153136,19.38835,-72.56395,21
uuid:000143-acted,MEN-00094,Dorvil,Gonaives,2026-02-13,ENQ06 Josue Belizaire,2,11,6000,Nourriture,oui,35.0,12,+50931177517,18.43657,-73.36716,37
uuid:000118-acted,MEN-00066,Casseus,Gonaives,2026-03-21,ENQ04 Wisly Dorvil,5,10,8750,Nourriture,oui,42.9,19,50937,,,41
uuid:000470-acted,MEN-01143,Fils-Aime,Cap-Haitien,2026-02-07,ENQ03 Fabiola Cheri,5,10,6000,Nourriture,oui,29.0,8,+50941992412,19.79467,-73.88763,41
uuid:000209-acted,MEN-00219,Louis,Port-au-Prince,2026-02-08,ENQ06 Josue Belizaire,2,2,6000,Nourriture,oui,60.2,19,+50945566261,19.46862,-73.64476,40
uuid:000064-acted,MEN-00656,Pierre,Verrettes,2026-02-16,ENQ03 Fabiola Cheri,3,13,6000,Nourriture,non,41.7,21,3712-4498,19.23696,-72.59547,39
uuid:000504-acted,MEN-01168,Michel,Dessalines,2026-03-21,ENQ03 Fabiola Cheri,4,0,7500,Agriculture,non,20.7,12,+50938333453,19.79373,-73.56666,30
uuid:000292-acted,MEN-00788,Lherisson,GONAIVES,2026-03-05,ENQ02 Kervens Sanon,5,4,12000,Nourriture,oui,29.6,17,+50941961873,19.78196,-72.10271,30
uuid:000236-acted,MEN-00178,Estime,St-Marc,2025-09-03,ENQ03 Fabiola Cheri,5,10,7500,Nourriture,oui,31.4,22,+50946621559,19.44778,-72.91629,46
uuid:000217-acted,MEN-01209,Cheri,Verrettes,2025-10-28,ENQ05 Nadege Augustin,4,7,7500,Dette,oui,31.9,20,+50940836183,18.72587,-73.05385,40
uuid:000508-acted,MEN-00893,Michel,Mirebalais,2025-09-27,ENQ02 Kervens Sanon,2,16,,Sante,oui,40.2,7,+50931042857,18.54455,-72.48304,25
uuid:000525-acted,MEN-00194,Etienne,St-Marc,30/03/2026,ENQ02 Kervens Sanon,4,0,12000,Agriculture,oui,34.6,22,+50942435357,19.70165,-72.2947,24
uuid:000365-acted,MEN-00639,Jean-Baptiste,Leogane,17/12/2025,ENQ01 Mirlande Delva,3,3,12000,Sante,oui,45.6,10,+50935661541,18.82467,-72.65827,24
uuid:000410-acted,MEN-01197,Joseph,Croix-des-Bouquets,2025-12-06,ENQ04 Wisly Dorvil,5,13,12000,Dette,oui,29.0,19,+50942935562,19.71011,-74.0506,28
uuid:000484-acted,MEN-00387,Delva,Croix-des-Bouquets,2025-09-21,ENQ04 Wisly Dorvil,4,10,6000,Agriculture,oui,20.1,8,+50945875270,18.93744,-72.40601,48
uuid:000107-acted,MEN-00790,Noel,Cap-Haitien,2026-02-06,ENQ04 Wisly Dorvil,4,13,6000,Dette,non,39.7,15,+50931577006,19.66023,-73.89369,54
uuid:000475-acted,MEN-00450,Saint-Fleur,Cap-Haitien,2026-03-12,ENQ04 Wisly Dorvil,4,7,12000,Nourriture,oui,38.5,18,+50941985418,18.44671,-74.15991,22
uuid:000170-acted,MEN-00318,Dorvil,Gonaive,2026-02-11,ENQ06 Josue Belizaire,4,6,6000,Nourriture,oui,38.9,7,+50931710511,18.92556,-73.36675,41
uuid:000120-acted,MEN-00700,Belizaire,Mirebalais,2025-12-23,ENQ02 Kervens Sanon,3,12,6000,Logement,non,40.2,16,+50948393636,18.74016,-72.1144,28
uuid:000537-acted,MEN-00188,Fils-Aime,Verrettes,2025-12-08,ENQ04 Wisly Dorvil,4,11,6000,Nourriture,oui,39.0,11,n/a,19.315,-73.4115,9
uuid:000559-acted,MEN-00055,Casseus,SAINT MARC,2025-12-28,ENQ06 Josue Belizaire,2,8,9000,Nourriture,non,34.7,7,+50934389574,,,51
uuid:000545-acted,MEN-00258,Sanon,Leogane,2026-03-09,ENQ06 Josue Belizaire,4,0,12000,Nourriture,oui,11.9,20,+50942125255,19.3575,-73.47385,23
uuid:000034-acted,MEN-00886,Augustin,Leogane,03-14-2026,ENQ03 Fabiola Cheri,4,10,12000,Nourriture,oui,46.1,16,+50948646448,,,2
uuid:000563-acted,MEN-00038,Saint-Fleur,Leogane,2026-03-24,ENQ06 Josue Belizaire,4,12,6000,Nourriture,oui,59.1,25,+50936551662,19.71611,-73.49901,26
uuid:000044-acted,MEN-01032,Saint-Fleur,Verrettes,2025-12-28,ENQ02 Kervens Sanon,3,7,7500,Nourriture,non,37.4,19,+50945187504,19.05077,-73.57416,38
uuid:000135-acted,MEN-00967,Estime,Cap-Haitien,2025-09-11,ENQ04 Wisly Dorvil,4,3,12000,Education,oui,48.8,18,+50946419590,19.24749,-72.86959,27
uuid:000341-acted,MEN-00220,Moise,Leogane,2026-01-11,ENQ05 Nadege Augustin,4,8,12000,Nourriture,non,44.0,26,+50932462656,19.24199,-72.07363,45
uuid:000408-acted,MEN-00162,Georges,Gros-Morne,2026-01-29,ENQ03 Fabiola Cheri,3,14,7500,Nourriture,non,19.0,19,+50941411404,,,39
uuid:000534-acted,MEN-00330,Etienne,Cap-Haitien,2025-10-26,ENQ02 Kervens Sanon,5,9,12000,Nourriture,non,35.5,24,+50943982681,,,39
uuid:000033-acted,MEN-00592,Louis,Gonaïves,2025-11-16,ENQ04 Wisly Dorvil,4,9,9000,Sante,oui,48.6,0,+50949078651,18.44051,-73.22254,45
uuid:000300-acted,MEN-00061,Michel,Croix-des-Bouquets,2026-01-19,ENQ06 Josue Belizaire,4,6,8000,Nourriture,non,50.0,10,+50937237782,,,31
uuid:000353-acted,MEN-00787,Michel,DESSALINES,2025-10-20,ENQ03 Fabiola Cheri,1,8,9000,Nourriture,oui,44.8,13,+50945996336,18.92268,-72.06192,27
uuid:000148-acted,MEN-01186,Duverger,Cap-Haitien,2026-03-26,ENQ01 Mirlande Delva,,10,5250,Nourriture,non,46.2,22,+50938483746,19.11952,-72.55318,19
uuid:000049-acted,MEN-00169,Michel,Mirebalais,2026-01-02,ENQ02 Kervens Sanon,3,5,9000,Nourriture,oui,43.9,27,+50940321614,19.11321,-73.75497,18
uuid:000242-acted,MEN-00805,Louis,Port-au-Prince,2025-09-27,ENQ01 Mirlande Delva,4,7,7500,Nourriture,non,34.8,1,+50935570492,19.43401,-72.46413,19
uuid:000071-acted,MEN-00314,Fils-Aime,gonaives,2026-01-24,ENQ01 Mirlande Delva,3,3,7500,Nourriture,oui,35.3,7,+50939121739,19.26941,-73.80129,19
uuid:000416-acted,MEN-00393,Etienne,Mirebalais,2025-11-03,ENQ03 Fabiola Cheri,tres satisfait,7,12000,Nourriture,non,27.5,9,+50937498690,19.70651,-73.29408,19
uuid:000548-acted,MEN-01102,Etienne,St-Marc,2025-12-05,ENQ05 Nadege Augustin,5,4,9000,Nourriture,oui,48.4,9,+50941964111,18.48891,-73.73156,25
uuid:000552-acted,MEN-00179,Augustin,Gros-Morne,2025-11-22,ENQ05 Nadege Augustin,3,0,9000,Nourriture,oui,22.9,21,+50932678749,18.70993,-73.74653,17
uuid:000222-acted,MEN-00483,Fils-Aime,Cap-Haitien,15/11/2025,ENQ01 Mirlande Delva,tres satisfait,8,4750,Sante,non,40.2,15,+50942777374,,,6
uuid:000411-acted,MEN-00478,Louis,Mirebalais,2025-09-21,ENQ02 Kervens Sanon,4,16,6000,Sante,non,29.6,13,+50949770417,18.44914,-72.20956,37
uuid:000391-acted,MEN-00333,Lafleur,Leogane,2026-03-05,ENQ02 Kervens Sanon,5,3,7500,Nourriture,oui,28.3,21,+50934085450,19.04598,-72.07978,40
uuid:000413-acted,MEN-00403,Cheri,Gonaives,2025-10-24,ENQ01 Mirlande Delva,4,7,6000,Agriculture,oui,34.5,0,+50948935036,19.50952,-73.80865,34
uuid:000299-acted,MEN-00182,Georges,Verrettes,2025-12-23,ENQ01 Mirlande Delva,5,3,6000,Nourriture,oui,41.9,13,+50934536398,19.74881,-73.74604,18
uuid:000004-acted,MEN-00106,Alexis,Croix-des-Bouquets,2026-03-08,ENQ06 Josue Belizaire,2,9,6000,Sante,oui,49.2,25,+50948278796,18.8516,-73.03712,19
uuid:000402-acted,MEN-00127,Michel,Leogane,2025-12-05,ENQ02 Kervens Sanon,2,2,7500,Dette,oui,62.4,33,+509 37 12 44 98,18.97928,-74.18462,27
uuid:000059-acted,MEN-00345,Belizaire,Gros-Morne,2025-09-04,ENQ06 Josue Belizaire,3,1,6000,Nourriture,non,19.7,19,+50932914131,19.38845,-73.83569,7
uuid:000479-acted,MEN-00610,Belizaire,Port-au-Prince,2025-11-29,ENQ03 Fabiola Cheri,4,8,6000,Dette,oui,41.7,5,+50937679774,18.46271,-72.50136,35
uuid:000138-acted,MEN-00401,Etienne,Dessalines,2026-02-24,ENQ04 Wisly Dorvil,1,8,12000,Nourriture,oui,37.0,12,+50943127970,18.70819,-72.53461,35
uuid:000119-acted,MEN-00883,Belizaire,Port-au-Prince,28/11/2025,ENQ01 Mirlande Delva,4,0,6750,Sante,oui,33.9,7,+50942711709,19.72779,-73.07118,44
uuid:000553-acted,MEN-00174,Cadet,Gros-Morne,2026-03-24,ENQ05 Nadege Augustin,4,7,6000,Nourriture,non,20.9,11,+50944967142,19.48073,-73.08243,20
uuid:000241-acted-bis,MEN-00705,Cheri,Leogane,2026-01-02,ENQ05 Nadege Augustin,3,10,6000,Nourriture,oui,44.9,13,+50933064382,18.49368,-73.31397,17
uuid:000566-acted,MEN-00470,Cadet,Port-au-Prince,2026-03-20,ENQ01 Mirlande Delva,3,8,12000,Sante,non,40.3,10,+50933928440,18.9771,-72.72117,22
uuid:000468-acted,MEN-00786,Augustin,St-Marc,2026-01-10,ENQ06 Josue Belizaire,N/A,20,6000,Education,oui,58.2,4,+50947528242,19.00844,-72.05101,22
uuid:000229-acted,MEN-00551,Lherisson,Mirebalais,2025-09-04,ENQ05 Nadege Augustin,3,0,9000,Nourriture,oui,43.8,12,+50937082527,18.40703,-72.75233,38
uuid:000496-acted,MEN-00772,Charles,Gros-Morne,2025-12-24,ENQ02 Kervens Sanon,4,12,12000,Logement,oui,44.0,10,+50944880729,18.99378,-72.34193,18
uuid:000528-acted,MEN-00882,Saint-Fleur,Verrettes,2025-12-08,ENQ01 Mirlande Delva,3,9,12000,Nourriture,oui,40.3,17,3712-4498,19.6617,-73.57606,27
uuid:000285-acted,MEN-00910,Michel,Leogane,2026-02-20,ENQ04 Wisly Dorvil,4,17,7500,Education,oui,43.1,24,+50945707596,19.6438,-73.26975,23
uuid:000386-acted,MEN-00696,Alexis,Verrettes,2025-12-11,ENQ05 Nadege Augustin,4,12,6000,Education,oui,33.6,20,+50931938006,19.43159,-73.0151,26
uuid:000311-acted-bis,MEN-00633,Duverger,SAINT MARC,14/01/2026,ENQ02 Kervens Sanon,4,0,12000,Education,oui,41.3,19,+50934012877,19.32075,-73.36983,21
uuid:000262-acted,MEN-00827,Jean-Baptiste,Croix-des-Bouquets,2026-02-18,ENQ04 Wisly Dorvil,2,16,6000,Education,oui,49.2,8,+50942336043,19.55023,-72.70352,35
uuid:000339-acted,MEN-01121,Jean-Baptiste,Cap-Haitien,22/10/2025,ENQ03 Fabiola Cheri,5,7,12000,Nourriture,oui,66.7,16,+50932530416,19.32887,-73.2949,34
uuid:000162-acted,MEN-01207,MOISE,Port-au-Prince,19/02/2026,ENQ06 Josue Belizaire,4,7,12000,Agriculture,oui,14.5,1,+50933838187,19.22133,-72.83707,40
uuid:000025-acted,MEN-00379,Desir,Mirebalais,2026-02-06,ENQ02 Kervens Sanon,4,0,9000,Nourriture,oui,48.9,11,+50931761095,18.73199,-74.12476,39
uuid:000291-acted,MEN-00504,Charles,Mirebalais,2026-02-04,ENQ03 Fabiola Cheri,5,12,6000,Nourriture,non,56.7,27,+50934830759,19.21973,-74.14238,35
uuid:000133-acted,MEN-00357,Estime,Mirebalais,2026-03-11,ENQ04 Wisly Dorvil,4,6,4250,Nourriture,oui,27.5,28,+50947462340,19.04938,-73.98692,46
uuid:000485-acted,MEN-00118,Estime,Cap-Haitien,2026-02-18,ENQ06 Josue Belizaire,4,13,7500,Education,non,54.2,16,+50944986686,18.63107,-72.7301,37
uuid:000122-acted,MEN-00556,Jean-Baptiste,Cap-Haitien,2025-12-22,ENQ06 Josue Belizaire,3,7,9000,Nourriture,non,52.0,16,+50934014150,18.9209,-72.26184,26
uuid:000008-acted,MEN-00761,Augustin,Leogane,2026-01-03,ENQ02 Kervens Sanon,3,9,9000,Nourriture,oui,23.3,17,+50943134200,18.8186,-73.26591,30
uuid:000511-acted,MEN-00930,Noel,Leogane,2025-10-25,ENQ06 Josue Belizaire,5,7,9000,Nourriture,non,34.8,14,+50948028765,19.34668,-72.43115,17
uuid:000231-acted,MEN-00463,Saint-Fleur,Cap-Haitien,2025-09-04,ENQ02 Kervens Sanon,3,0,6000,Nourriture,non,27.6,15,+50935375171,19.70002,-73.16071,19
uuid:000348-acted,MEN-00465,Toussaint,Gros-Morne,2026-01-15,ENQ04 Wisly Dorvil,5,6,9000,Sante,non,45.8,24,3712-4498,19.06996,-73.69846,37
uuid:000355-acted,MEN-01173,Augustin,Mirebalais,2025-10-03,ENQ06 Josue Belizaire,5,3,7500,Sante,oui,22.8,10,+50948838700,18.82202,-73.24987,28
uuid:000021-acted,MEN-00034,Cheri,Dessaline,2025-10-24,ENQ01 Mirlande Delva,4,7,6000,Agriculture,oui,26.4,7,+50939843103,18.96995,-72.27974,33
uuid:000325-acted,MEN-01187,Sanon,DESSALINES,2026-01-03,ENQ01 Mirlande Delva,2,1,7500,Sante,non,35.9,13,+50933203117,19.45169,-73.58645,34
uuid:000369-acted,MEN-00541,Lherisson,Leogane,03-21-2026,ENQ01 Mirlande Delva,4,12,7500,Nourriture,non,36.5,7,50937,19.22059,-73.99474,34
uuid:000029-acted,MEN-00683,Pierre,Cap-Haitien,2026-01-02,ENQ05 Nadege Augustin,4,17,7500,Dette,non,38.7,14,+50948039651,19.6073,-73.59749,31
uuid:000175-acted,MEN-00185,Fils-Aime,Gros-Morne,2026-03-23,ENQ06 Josue Belizaire,4,7,9000,Logement,non,37.1,9,+50935055484,19.67327,-74.18091,17
uuid:000114-acted,MEN-00381,Saint-Fleur,Leogane,2025-09-18,ENQ01 Mirlande Delva,4,19,9000,Autre,oui,36.8,20,+50939148767,19.03386,-73.06611,42
uuid:000179-acted,MEN-01060,Desir,Mirebalais,2026-01-01,ENQ06 Josue Belizaire,3,4,6000,Sante,oui,38.6,13,+50949405023,19.08856,-73.63541,8
uuid:000146-acted,MEN-00089,Desir,Port-au-Prince,2026-01-17,ENQ02 Kervens Sanon,3,6,8750,Sante,oui,41.9,13,+50947099622,,,24
uuid:000031-acted,MEN-00060,Delva,Mirebalais,25/10/2025,ENQ06 Josue Belizaire,3,12,12000,Nourriture,non,23.8,18,+50944723899,18.729,-72.68976,29
uuid:000235-acted,MEN-00065,Alexis,Gros-Morne,2026-03-28,ENQ06 Josue Belizaire,3,2,6000,Nourriture,oui,27.9,5,+50948389356,18.89524,-72.41189,34
uuid:000020-acted,MEN-00155,Toussaint,Dessalines,2025-10-26,ENQ01 Mirlande Delva,4,8,12000,Nourriture,non,33.8,15,+50944726643,18.96039,-72.00007,41
uuid:000330-acted,MEN-01192,Duverger,Mirebalais,2025-09-07,ENQ03 Fabiola Cheri,3,16,12000,Nourriture,oui,46.3,7,+50941947858,18.54778,-74.0634,30
uuid:000523-acted,MEN-00384,Delva,Cap-Haitien,2025-11-02,ENQ03 Fabiola Cheri,5,5,9000,Nourriture,non,35.2,6,+50939515316,19.41046,-73.72782,29
uuid:000030-acted,MEN-00878,Georges,SAINT MARC,2025-12-31,ENQ06 Josue Belizaire,2,1,7500,Nourriture,non,43.3,23,+50932391897,19.47902,-73.59236,31
uuid:000191-acted,MEN-01099,Augustin,Mirebalais,2025-10-26,ENQ04 Wisly Dorvil,3,0,7500,Nourriture,oui,40.4,18,+50939818258,19.76771,-72.8357,25
uuid:000267-acted,MEN-00653,Augustin,Port-au-Prince,2026-02-01,ENQ03 Fabiola Cheri,5,6,7500,Nourriture,non,23.6,25,+50939463025,18.96707,-72.9864,18
uuid:000040-acted,MEN-00391,Joseph,Leogane,2026-02-15,ENQ01 Mirlande Delva,5,11,12000,Dette,non,39.0,9,n/a,18.60508,-72.12276,26
uuid:000289-acted,MEN-00069,Georges,Verrettes,2026-03-17,ENQ05 Nadege Augustin,5,2,7500,Nourriture,oui,30.5,12,+50932376601,18.42497,-72.90924,8
uuid:000466-acted,MEN-00931,Joseph,Verrettes,2026-01-21,ENQ02 Kervens Sanon,5,9,7500,Nourriture,oui,40.4,25,+50940940414,18.5128,-73.83355,21
uuid:000176-acted,MEN-00356,Charles,Leogane,2025-11-10,ENQ02 Kervens Sanon,3,6,6000,Education,oui,52.8,3,+50933694614,19.48388,-73.41277,24
uuid:000362-acted,MEN-01076,Delva,Leogane,2026-02-02,ENQ03 Fabiola Cheri,4,6,7500,Autre,non,46.9,10,+50949635978,18.72668,-73.51224,24
uuid:000177-acted,MEN-00243,Cheri,Verrettes,2025-11-13,ENQ02 Kervens Sanon,4,12,7500,Education,oui,36.6,18,+50942031031,18.51812,-72.41352,31
uuid:000232-acted-bis,MEN-00378,Cadet,St-Marc,2025-09-04,ENQ04 Wisly Dorvil,4,13,12000,Sante,oui,39.1,25,+50948778757,18.77537,-74.08154,35
uuid:000042-acted,MEN-00008,Duverger,Croix-des-Bouquets,2026-02-02,ENQ02 Kervens Sanon,4,11,6000,Dette,oui,43.0,18,+50936736967,19.56411,-72.63388,32
uuid:000113-acted,MEN-00427,Louis,Cap-Haitien,05/02/2026,ENQ03 Fabiola Cheri,3,12,6000,Dette,oui,41.0,10,+50938734291,18.84496,-73.64376,24
uuid:000435-acted,MEN-00833,Augustin,Verrettes,2025-09-29,ENQ06 Josue Belizaire,4,3,6000,Sante,non,37.5,30,+50942322180,19.46771,-72.3439,25
uuid:000407-acted,MEN-00904,Cheri,Port-au-Prince,2026-01-30,ENQ01 Mirlande Delva,4,5,12000,Sante,oui,34.6,5,+50947477113,19.18699,-74.07679,12
uuid:000433-acted,MEN-01026,Charles,Croix-des-Bouquets,2026-02-07,ENQ04 Wisly Dorvil,3,10,6000,Nourriture,non,18.5,20,+50943653286,18.70056,-73.2275,21
uuid:000563-acted-bis,MEN-00038,Saint-Fleur,Leogane,2026-03-24,ENQ06 Josue Belizaire,4,12,6000,Nourriture,oui,59.1,25,+50936551662,19.71611,-73.49901,26
uuid:000106-acted,MEN-00835,Charles,Croix-des-Bouquets,2025-10-21,ENQ01 Mirlande Delva,4,17,9000,Nourriture,oui,49.3,11,+50939755923,18.71802,-73.51663,28
uuid:000488-acted,MEN-01115,Cheri,Port-au-Prince,2025-10-15,ENQ03 Fabiola Cheri,1,9,6000,Nourriture,oui,17.7,31,+50942457896,19.44377,-72.32425,31
uuid:000431-acted,MEN-00479,Duverger,Cap-Haitien,2026-03-03,ENQ04 Wisly Dorvil,5,16,9000,Nourriture,oui,52.0,9,+50936063078,19.08744,-73.76769,25
uuid:000344-acted,MEN-00613,Jean-Baptiste,Cap-Haitien,2025-10-07,ENQ01 Mirlande Delva,4,10,6000,Sante,oui,60.4,21,+50937323407,19.21281,-73.03164,30
uuid:000480-acted,MEN-00718,Cadet,Verrettes,2025-10-04,ENQ01 Mirlande Delva,4,7,12000,Nourriture,oui,41.1,7,+50938827267,19.19304,-74.06719,23
uuid:000060-acted,MEN-00536,Casseus,SAINT MARC,2025-12-08,ENQ03 Fabiola Cheri,4,1,6000,Sante,oui,42.9,3,+50940519061,19.56071,-73.66534,28
uuid:000109-acted,MEN-01103,Georges,Leogane,28/09/2025,ENQ04 Wisly Dorvil,4,3,6000,Agriculture,non,63.8,32,+50930228732,19.05189,-73.37633,11
uuid:000255-acted,MEN-00429,Augustin,Leogane,2025-10-27,ENQ03 Fabiola Cheri,3,0,12000,Education,non,43.1,13,+50938206875,19.66539,-74.11581,25
uuid:000043-acted,MEN-00583,Charles,Port-au-Prince,2025-10-26,ENQ04 Wisly Dorvil,2,3,7500,Dette,oui,52.3,7,+50936561847,19.69851,-73.93457,34
uuid:000398-acted,MEN-00023,Michel,Cap-Haitien,2025-11-26,ENQ01 Mirlande Delva,4,8,12000,Nourriture,non,49.9,23,+50948957250,18.46381,-72.29405,43
uuid:000147-acted,MEN-00695,Lafleur,Port-au-Prince,2026-01-10,ENQ02 Kervens Sanon,2,10,6000,Education,oui,38.3,8,+50933051029,19.0019,-72.17372,26
uuid:000381-acted,MEN-00865,Dorvil,Leogane,2026-03-12,ENQ02 Kervens Sanon,ND,14,7500,Logement,non,34.0,20,+50945559234,18.97931,-72.95213,38
uuid:000272-acted,MEN-00821,Duverger,DESSALINES,2026-01-07,ENQ01 Mirlande Delva,4,7,7500,Nourriture,non,36.4,17,+50943649324,19.56498,-72.60024,20
uuid:000239-acted,MEN-00051,Moise,Gonaïves,2025-11-06,ENQ02 Kervens Sanon,4,3,9000,Nourriture,oui,38.2,25,+50940147651,19.13268,-73.78772,38
uuid:000251-acted,MEN-00555,Beauvoir,Port-au-Prince,2025-11-26,ENQ01 Mirlande Delva,3,9,12000,Sante,oui,27.4,9,+50947448516,18.67182,-72.35824,26
uuid:000364-acted,MEN-01038,Delva,Port-au-Prince,2025-09-23,ENQ06 Josue Belizaire,2,16,12000,Sante,oui,34.0,15,+50944968105,19.00036,-72.81311,13
uuid:000149-acted,MEN-01138,Casseus,Mirebalais,2025-12-26,ENQ03 Fabiola Cheri,4,9,12000,Sante,oui,14.9,11,+50946351841,18.45119,-73.91088,20
uuid:000314-acted,MEN-00246,Jean-Baptiste,Gros-Morne,2026-03-28,ENQ02 Kervens Sanon,4,13,"9,000",Agriculture,non,46.3,8,+50934174394,19.29018,-73.51525,33
uuid:000234-acted,MEN-00457,Joseph,Mirebalais,2025-12-31,ENQ02 Kervens Sanon,5,16,12000,Nourriture,non,40.7,15,+50934099561,19.26418,-73.62279,32
uuid:000273-acted,MEN-00161,Duverger,Croix-des-Bouquets,2026-01-10,ENQ05 Nadege Augustin,4,9,12000,Logement,oui,35.9,20,3712-4498,18.96905,-73.60115,37
uuid:000108-acted,MEN-00264,Casseus,Gros-Morne,2026-03-17,ENQ04 Wisly Dorvil,5,8,7000,Sante,non,999,5,+50947008599,19.38199,-72.13191,38
uuid:000301-acted,MEN-00193,Duverger,St-Marc,2026-02-24,ENQ05 Nadege Augustin,3,11,7500,Nourriture,oui,33.4,7,3712-4498,,,32
uuid:000073-acted,MEN-00383,Beauvoir,Gros-Morne,2025-12-04,ENQ02 Kervens Sanon,3,7,9000,Sante,non,23.4,10,+50942190244,18.83273,-73.26809,21
uuid:000055-acted,MEN-01135,Sanon,Mirebalais,2025-12-19,ENQ05 Nadege Augustin,N/A,6,12000,Nourriture,oui,38.3,10,+50933952617,18.76162,-73.60805,27
uuid:000286-acted,MEN-00312,Dorvil,Gonaïves,2025-09-25,ENQ04 Wisly Dorvil,4,9,12000,Dette,oui,41.0,15,+50946725728,18.72009,-72.71,28
uuid:000430-acted,MEN-00643,Lafleur,Dessalines,2026-02-23,ENQ01 Mirlande Delva,3,9,12000,Agriculture,non,42.2,13,+50940329442,19.67088,-73.10598,27
uuid:000271-acted,MEN-00801,Saint-Fleur,Gros-Morne,2025-09-21,ENQ04 Wisly Dorvil,4,8,9000,Nourriture,oui,17.0,29,+50930421435,19.70451,-73.5241,34
uuid:000503-acted,MEN-01040,Jean-Baptiste,Port-au-Prince,07/12/2025,ENQ06 Josue Belizaire,4,15,12000,Nourriture,oui,26.2,18,+50945647682,19.02221,-73.28707,32
uuid:000529-acted,MEN-00416,Cheri,Croix-des-Bouquets,2025-09-16,ENQ01 Mirlande Delva,4,8,6000,Nourriture,oui,47.7,22,+50937069717,18.52752,-72.54424,29
uuid:000204-acted,MEN-00500,Lafleur,Mirebalais,2025-11-12,ENQ03 Fabiola Cheri,4,11,6000,Logement,non,79.9,9,+50944500804,18.53862,-72.21525,22
uuid:000256-acted,MEN-00778,Jean-Baptiste,Cap-Haitien,2025-12-01,ENQ04 Wisly Dorvil,5,0,12000,Education,oui,31.5,15,+50945849761,18.99631,-74.18784,28
uuid:000083-acted-bis,MEN-01213,Cheri,Leogane,2025-10-14,ENQ01 Mirlande Delva,4,2,12000,Logement,oui,31.8,11,+50942791099,19.70347,-72.13604,2
uuid:000423-acted,MEN-00642,Cadet,Croix-des-Bouquets,2025-12-15,ENQ02 Kervens Sanon,4,18,12000,Agriculture,non,18.9,9,+50932991418,19.13385,-72.12005,19
uuid:000538-acted,MEN-00783,Delva,Leogane,2026-01-10,ENQ06 Josue Belizaire,4,9,6000,Nourriture,oui,47.0,32,+50941977263,18.57475,-72.49073,15
uuid:000295-acted,MEN-01216,LAFLEUR,Dessalines,2025-11-02,ENQ01 Mirlande Delva,3,8,4250,Nourriture,oui,41.7,20,+50940329442,19.47277,-73.59322,28
uuid:000335-acted,MEN-00341,Lafleur,Verrettes,2026-03-22,ENQ04 Wisly Dorvil,4,11,6000,Sante,oui,29.2,17,n/a,18.72008,-74.083,30
uuid:000440-acted,MEN-00355,Pierre,Cap-Haitien,2025-09-06,ENQ04 Wisly Dorvil,3,11,7500,Education,oui,48.2,16,+50941766845,19.45174,-73.21182,45
uuid:000414-acted-bis,MEN-01072,Estime,Port-au-Prince,01-03-2026,ENQ02 Kervens Sanon,3,11,12000,Nourriture,oui,40.5,0,+50945729095,,,35
uuid:000183-acted,MEN-00222,Alexis,Leogane,2025-09-16,ENQ03 Fabiola Cheri,4,7,9000,Sante,non,25.7,19,+50939001168,19.30792,-73.50527,14
uuid:000438-acted,MEN-00002,Noel,GONAIVES,2025-12-22,ENQ04 Wisly Dorvil,ND,9,7500,Nourriture,oui,40.1,14,+50939516848,18.62159,-73.06151,14
uuid:000505-acted,MEN-00221,Dorvil,Cap-Haitien,2026-03-06,ENQ02 Kervens Sanon,5,5,12000,Nourriture,oui,24.9,21,+50933635559,18.83557,-73.24469,18
uuid:000052-acted,MEN-00192,Charles,Leogane,2025-11-28,ENQ02 Kervens Sanon,4,18,6000,Sante,oui,38.5,23,+50936441062,18.99515,-73.18947,32
uuid:000187-acted,MEN-00270,Pierre,Mirebalais,2026-02-18,ENQ03 Fabiola Cheri,4,23,12000,Education,oui,41.4,18,+50947991873,19.32792,-73.35345,22
uuid:000560-acted,MEN-00553,Casseus,Gros-Morne,2026-03-26,ENQ03 Fabiola Cheri,5,16,12000,Nourriture,oui,47.6,9,+50933985294,,,44
uuid:000455-acted,MEN-01108,Michel,Croix-des-Bouquets,2025-10-29,ENQ03 Fabiola Cheri,1,18,6000,Nourriture,non,9.6,20,+50946641700,19.77451,-73.86609,25
uuid:000379-acted,MEN-00058,Cadet,Mirebalais,2026-01-19,ENQ04 Wisly Dorvil,3,9,-,Nourriture,non,40.0,31,+50945144527,18.71625,-72.69812,47
uuid:000531-acted,MEN-00782,Desir,Saint-Marc,2026-01-01,ENQ04 Wisly Dorvil,,11,9000,Nourriture,non,42.7,5,+50937102333,19.54675,-72.75959,37
uuid:000404-acted,MEN-00033,Lafleur,Mirebalais,2026-01-31,ENQ03 Fabiola Cheri,3,7,12000,Logement,non,25.8,12,+50948435929,19.06907,-74.08828,26
uuid:000439-acted,MEN-00408,Noel,gonaives,2025-09-10,ENQ03 Fabiola Cheri,4,6,7500,Nourriture,oui,38.1,14,+50943400672,18.69515,-73.33911,35
uuid:000087-acted,MEN-00950,Augustin,Leogane,2026-02-04,ENQ01 Mirlande Delva,4,12,12000,Agriculture,non,51.2,11,+50947448792,18.6232,-73.04164,31
uuid:000436-acted,MEN-01066,Pierre,Cap-Haitien,2025-11-08,ENQ03 Fabiola Cheri,4,7,5000,Nourriture,oui,30.5,13,+50942765419,18.42856,-72.87867,30
uuid:000197-acted,MEN-00290,Jean-Baptiste,Gros-Morne,2025-10-16,ENQ02 Kervens Sanon,4,3,7500,Sante,oui,49.4,12,+50938290260,19.16236,-72.0213,37
uuid:000337-acted,MEN-01215,Jean-Baptiste,Cap-Haitien,2025-10-09,ENQ01 Mirlande Delva,5,12,12000,Nourriture,oui,47.3,12,+50949168226,19.70444,-72.43753,27
uuid:000006-acted,MEN-01146,Belizaire,Cap-Haitien,2025-09-07,ENQ01 Mirlande Delva,3,0,9000,Nourriture,oui,31.2,24,+50936534306,18.79477,-72.5659,17
uuid:000363-acted,MEN-00325,Lherisson,Port-au-Prince,2026-01-30,ENQ04 Wisly Dorvil,,1,7500,Nourriture,oui,32.8,17,+50939603920,18.63827,-73.34491,39
uuid:000086-acted,MEN-00701,Dorvil,Gonaives,2025-12-07,ENQ02 Kervens Sanon,4,9,9000,Nourriture,oui,26.1,21,+50938237573,,,20
uuid:000090-acted,MEN-00744,Michel,Port-au-Prince,2025-10-20,ENQ01 Mirlande Delva,tres satisfait,5,9000,Sante,oui,54.8,19,+50943467562,19.00722,-73.79521,38
uuid:000318-acted,MEN-00306,Saint-Fleur,gonaives,2026-01-25,ENQ03 Fabiola Cheri,N/A,19,7500,Agriculture,non,43.8,23,+50936684123,19.61677,-72.01567,2
uuid:000035-acted,MEN-00176,Casseus,Mirebalais,2025-10-14,ENQ04 Wisly Dorvil,4,9,9000,Nourriture,oui,28.3,7,+50942154020,19.77891,-73.81094,24
uuid:000036-acted,MEN-00204,Beauvoir,Verrettes,2025-10-19,ENQ06 Josue Belizaire,4,16,6000,Nourriture,non,6.8,28,+50939047719,18.53623,-72.50559,29
uuid:000522-acted,MEN-00136,Beauvoir,Gros-Morne,2026-01-18,ENQ04 Wisly Dorvil,4,8,12000,Nourriture,oui,34.9,9,+50941317202,18.70576,-72.71567,34
uuid:000244-acted,MEN-01031,Moise,Cap-Haitien,2026-03-27,ENQ06 Josue Belizaire,4,0,9000,Sante,oui,38.2,13,+50947937615,18.52338,-72.59752,22
uuid:000512-acted,MEN-00621,Toussaint,Leogane,2026-01-06,ENQ04 Wisly Dorvil,5,3,6000,Sante,oui,45.2,20,+50948067151,18.5065,-72.39429,19
uuid:000472-acted,MEN-00067,Pierre,Gros-Morne,2026-01-22,ENQ02 Kervens Sanon,5,6,9000,Sante,oui,46.4,9,+50940035865,19.60899,-74.12012,0
uuid:000284-acted,MEN-00723,Estime,Port-au-Prince,2026-02-26,ENQ02 Kervens Sanon,3,12,12000,Nourriture,non,27.6,1,+50948017844,18.91033,-74.04927,39
uuid:000237-acted,MEN-00257,Etienne,Mirebalais,2025-10-05,ENQ01 Mirlande Delva,3,15,12000,Agriculture,oui,44.2,15,+50935529612,19.72426,-72.22674,24
uuid:000370-acted,MEN-00490,Louis,Mirebalais,2026-01-21,ENQ03 Fabiola Cheri,5,14,9000 HTG,Nourriture,oui,26.0,16,+50936158805,,,46
uuid:000019-acted,MEN-00367,Fils-Aime,Cap-Haitien,03-25-2026,ENQ06 Josue Belizaire,4,1,"9,000",Nourriture,non,non collecte,21,+50934766565,,,30
uuid:000172-acted,MEN-00199,Casseus,Gonaïves,2026-03-12,ENQ05 Nadege Augustin,5,18,6000,Nourriture,oui,47.6,18,+50948987380,18.60422,-73.70529,25
uuid:000564-acted,MEN-00085,Etienne,Port-au-Prince,2026-02-04,ENQ01 Mirlande Delva,5,9,6000,Nourriture,non,43.8,8,+50939466792,19.3154,-72.83213,38
uuid:000513-acted,MEN-00538,Estime,Gonaive,2026-01-13,ENQ02 Kervens Sanon,5,13,9000,Nourriture,oui,44.0,25,50937,19.08878,-73.77727,24
uuid:000372-acted,MEN-01041,Michel,Leogane,19/01/2026,ENQ04 Wisly Dorvil,3,15,6000,Logement,non,36.8,10,+50939909847,18.53552,-72.6182,26
uuid:000099-acted,MEN-00496,Lherisson,st marc,2026-01-10,ENQ03 Fabiola Cheri,4,7,12000,Dette,oui,59.7,15,+50942940421,18.86495,-73.30206,22
uuid:000311-acted,MEN-00633,Duverger,SAINT MARC,14/01/2026,ENQ02 Kervens Sanon,4,0,12000,Education,oui,41.3,19,+50934012877,19.32075,-73.36983,21
uuid:000349-acted,MEN-00165,Augustin,Verrettes,2025-12-19,ENQ06 Josue Belizaire,4,15,6000,Logement,oui,52.3,9,+50939942709,18.48877,-72.74078,39
uuid:000263-acted,MEN-01111,Georges,Mirebalais,2026-03-27,ENQ05 Nadege Augustin,3,6,12000,Logement,oui,19.6,21,+50934949757,18.46501,-73.58996,27
uuid:000309-acted,MEN-00982,Fils-Aime,st marc,2025-11-04,ENQ04 Wisly Dorvil,4,11,7500,Sante,non,25.4,6,+50939184218,19.12912,-73.61201,31
uuid:000225-acted,MEN-00596,Georges,Leogane,2026-01-11,ENQ03 Fabiola Cheri,5,18,6000,Agriculture,oui,60.8,15,+50940145877,18.79955,-73.2127,31
uuid:000395-acted,MEN-01160,Saint-Fleur,Gros-Morne,2025-09-16,ENQ02 Kervens Sanon,2,4,9000,Nourriture,non,38.7,26,3712-4498,19.04819,-73.63754,31
uuid:000260-acted,MEN-00252,Saint-Fleur,Gros-Morne,2025-10-15,ENQ01 Mirlande Delva,4,8,12000,Nourriture,oui,64.5,13,+50944513245,18.79803,-72.64219,34
uuid:000551-acted,MEN-00545,Duverger,Mirebalais,2025-12-28,ENQ02 Kervens Sanon,4,12,9000,Nourriture,non,47.5,24,+50942375951,18.75882,-73.98323,30
uuid:000142-acted,MEN-00449,Duverger,Verrettes,09-02-2025,ENQ03 Fabiola Cheri,3,13,9000,Nourriture,oui,48.7,7,+50944510597,18.54479,-73.38404,34
uuid:000259-acted,MEN-00587,Noel,Mirebalais,2026-03-07,ENQ02 Kervens Sanon,3,9,9000,Nourriture,oui,20.5,8,+50935243156,19.56305,-73.82459,26
uuid:000322-acted,MEN-00857,Beauvoir,Leogane,2026-02-10,ENQ02 Kervens Sanon,4,10,9000,Nourriture,non,45.0,22,+509 37 12 44 98,18.45664,-74.04743,19
uuid:000245-acted,MEN-00912,Desir,Cap-Haitien,2025-12-04,ENQ01 Mirlande Delva,4,9,12000,Nourriture,oui,33.3,9,+50940840199,19.03854,-73.90027,23
uuid:000536-acted,MEN-01036,Joseph,Verrettes,2025-10-23,ENQ02 Kervens Sanon,3,4,6000,Sante,oui,44.7,13,+50930368760,18.62797,-72.50147,32
uuid:000144-acted,MEN-00518,Moise,Gros-Morne,2025-11-15,ENQ06 Josue Belizaire,3,10,,Dette,non,62.9,17,+50945753542,18.66932,-72.51929,34
uuid:000189-acted,MEN-00670,Louis,Mirebalais,2026-01-30,ENQ06 Josue Belizaire,tres satisfait,8,6000,Dette,oui,31.4,6,+50940907006,18.67228,-72.08287,22
uuid:000428-acted,MEN-00396,Noel,GONAIVES,2026-02-16,ENQ02 Kervens Sanon,3,7,6000,Logement,non,42.4,20,+50935815107,19.46526,-73.87888,30
uuid:000541-acted,MEN-00749,Georges,Cap-Haitien,12-23-2025,ENQ02 Kervens Sanon,4,9,7500,Agriculture,non,53.7,1,+50935495347,18.63057,-73.33021,5
uuid:000313-acted,MEN-01194,Toussaint,Port-au-Prince,2025-12-16,ENQ06 Josue Belizaire,3,6,9000,Sante,oui,15.6,26,+50931679168,19.27961,-72.7675,41
uuid:000066-acted,MEN-01204,DUVERGER,Mirebalais,2026-01-19,ENQ03 Fabiola Cheri,3,13,12000,Nourriture,oui,47.2,27,+50941947858,18.55671,-72.48282,24
uuid:000544-acted,MEN-00238,Louis,Mirebalais,12-21-2025,ENQ03 Fabiola Cheri,4,7,6000,Nourriture,non,34.3,16,+50932400550,18.59391,-72.63622,29
uuid:000103-acted,MEN-00995,Cheri,Mirebalais,2025-09-02,ENQ06 Josue Belizaire,4,12,12000,Sante,oui,999,14,+50949128268,18.43444,-72.11981,33
uuid:000206-acted,MEN-00856,Etienne,Gonaive,2025-10-04,ENQ04 Wisly Dorvil,2,12,9000,Nourriture,oui,999,2,+50936146515,18.74709,-72.94998,36
uuid:000316-acted,MEN-00180,Cheri,Verrettes,02-23-2026,ENQ05 Nadege Augustin,5,6,6000,Nourriture,oui,29.8,7,+50944108458,18.4874,-72.86498,21
uuid:000089-acted,MEN-00426,Saint-Fleur,Gonaive,2026-02-25,ENQ03 Fabiola Cheri,4,11,6000,Sante,oui,55.1,14,+50943145541,19.51729,-73.70922,33
uuid:000067-acted,MEN-00010,Georges,Cap-Haitien,2026-03-15,ENQ01 Mirlande Delva,2,16,9 000,Nourriture,non,22.6,25,+50937510145,18.81549,-73.02037,28
uuid:000377-acted,MEN-00624,Cadet,GONAIVES,2026-03-12,ENQ06 Josue Belizaire,4,15,6000,Nourriture,oui,22.8,4,+50943574898,19.28431,-72.03092,27
uuid:000078-acted,MEN-00940,Lafleur,Cap-Haitien,2025-11-14,ENQ02 Kervens Sanon,2,17,6000,Nourriture,non,40.1,33,+50944210303,18.49942,-74.12652,16
uuid:000247-acted,MEN-00342,Lafleur,SAINT MARC,2025-12-03,ENQ06 Josue Belizaire,3,5,6000,Nourriture,non,28.4,21,+509 37 12 44 98,19.69402,-72.12055,26
uuid:000127-acted,MEN-01093,Casseus,Cap-Haitien,2026-02-21,ENQ06 Josue Belizaire,4,6,6000,Nourriture,non,23.1,0,+50934248705,19.21706,-73.33378,26
uuid:000532-acted,MEN-00486,Estime,Saint-Marc,2025-09-26,ENQ01 Mirlande Delva,4,13,6000,Nourriture,oui,48.2,14,+50948810667,19.46923,-74.18611,17
uuid:000128-acted,MEN-00425,Belizaire,Saint-Marc,2025-12-03,ENQ03 Fabiola Cheri,4,6,6000,Nourriture,oui,61.7,0,+50932059658,18.94401,-72.05164,38
uuid:000013-acted,MEN-00212,Jean-Baptiste,Croix-des-Bouquets,17/01/2026,ENQ05 Nadege Augustin,4,12,9000,Sante,oui,59.6,19,+50941324290,19.23748,-72.95511,30
uuid:000467-acted-bis,MEN-00953,Jean-Baptiste,Dessalines,2026-03-20,ENQ01 Mirlande Delva,5,12,9000,Nourriture,oui,36.4,17,+50945899365,19.00048,-72.76342,23
uuid:000280-acted,MEN-00044,Desir,Mirebalais,2025-11-14,ENQ04 Wisly Dorvil,3,7,6000,Nourriture,non,54.1,22,+50938521627,19.59653,-73.82027,18
uuid:000425-acted,MEN-01065,Charles,Mirebalais,2025-12-24,ENQ06 Josue Belizaire,4,11,9000,Education,non,31.7,10,+50948577701,19.10218,-73.20226,15
uuid:000343-acted,MEN-00743,Cadet,Port-au-Prince,2026-02-07,ENQ06 Josue Belizaire,4,12,9 000,Sante,non,30.1,7,+50935254360,19.58992,-72.03915,46
uuid:000375-acted,MEN-00562,Estime,Mirebalais,2026-01-25,ENQ03 Fabiola Cheri,2,7,7500,Education,non,40.3,12,+50948186690,18.46212,-73.41143,22
uuid:000401-acted,MEN-01171,Charles,Leogane,2025-10-26,ENQ01 Mirlande Delva,3,5,3500,Logement,oui,24.5,20,+50934178836,19.62056,-72.66633,29
uuid:000164-acted,MEN-00363,Beauvoir,Leogane,2025-12-15,ENQ04 Wisly Dorvil,2,12,9000,Nourriture,oui,18.6,16,+50948463411,18.87622,-72.77406,41
uuid:000359-acted,MEN-00268,Beauvoir,Port-au-Prince,2026-01-05,ENQ06 Josue Belizaire,5,8,7500,Agriculture,non,39.1,11,+50937394282,18.50989,-73.05939,31
uuid:000396-acted,MEN-00758,Jean-Baptiste,Gonaïves,2025-12-05,ENQ01 Mirlande Delva,3,8,9000,Nourriture,non,29.0,1,+50936647621,18.69416,-72.89843,19
uuid:000557-acted,MEN-00130,Desir,Gonaïves,2025-10-17,ENQ01 Mirlande Delva,ND,9,6000,Education,non,66.3,13,+50940719597,19.77752,-74.09012,32
uuid:000296-acted,MEN-00698,Lafleur,Cap-Haitien,2025-12-23,ENQ04 Wisly Dorvil,3,12,6000,Agriculture,non,24.2,19,+50944305685,,,29
uuid:000387-acted,MEN-00133,Lherisson,Port-au-Prince,2026-02-21,ENQ06 Josue Belizaire,2,10,7500,Sante,non,33.8,20,+50930963750,19.65113,-73.42013,43
uuid:000324-acted,MEN-00334,Estime,Cap-Haitien,05/09/2025,ENQ06 Josue Belizaire,ND,3,12000,Nourriture,oui,30.3,13,+50947355312,19.61633,-72.96933,24
uuid:000270-acted,MEN-00943,Charles,Cap-Haitien,2025-09-30,ENQ05 Nadege Augustin,3,4,9000,Nourriture,non,44.7,8,+50934223956,18.84998,-73.31531,33
uuid:000265-acted,MEN-00461,Delva,Gonaive,2025-11-18,ENQ01 Mirlande Delva,4,7,7500,Nourriture,non,22.5,23,+50947718153,18.46475,-72.52645,17
uuid:000450-acted,MEN-00825,Moise,Mirebalais,2025-10-24,ENQ06 Josue Belizaire,2,7,9000,Nourriture,oui,16.7,3,+50932390462,19.57473,-72.49291,26
uuid:000445-acted,MEN-01208,LAFLEUR,Cap-Haitien,2025-10-15,ENQ02 Kervens Sanon,5,12,12000,Nourriture,oui,44.1,20,n/a,,,35
uuid:000241-acted,MEN-00705,Cheri,Leogane,2026-01-02,ENQ05 Nadege Augustin,3,10,6000,Nourriture,oui,44.9,13,+50933064382,18.49368,-73.31397,17
uuid:000257-acted,MEN-01057,Cheri,Verrettes,2026-02-07,ENQ05 Nadege Augustin,5,7,5750,Education,oui,35.7,15,+50938471050,19.50306,-72.05415,18
uuid:000467-acted,MEN-00953,Jean-Baptiste,Dessalines,2026-03-20,ENQ01 Mirlande Delva,5,12,9000,Nourriture,oui,36.4,17,+50945899365,19.00048,-72.76342,23
uuid:000136-acted,MEN-00848,Toussaint,Port-au-Prince,2026-01-23,ENQ01 Mirlande Delva,3,16,7500,Nourriture,non,49.9,22,+50947724154,18.81672,-72.25176,37
uuid:000540-acted,MEN-01077,Louis,Leogane,2025-09-13,ENQ05 Nadege Augustin,4,9,6000,Nourriture,oui,28.0,16,+50942336226,,,6
uuid:000057-acted,MEN-00563,Beauvoir,st marc,12/02/2026,ENQ06 Josue Belizaire,4,5,7500,Nourriture,non,32.5,3,+50931941224,18.7667,-72.51976,34
uuid:000216-acted,MEN-00435,Augustin,Cap-Haitien,2026-01-02,ENQ05 Nadege Augustin,4,13,6000,Nourriture,oui,43.8,9,+50933743138,18.90726,-73.44819,35
uuid:000547-acted,MEN-00816,Lherisson,Croix-des-Bouquets,2025-10-28,ENQ01 Mirlande Delva,1,2,12000,Nourriture,non,3.6,9,+50942252488,18.96662,-73.2833,13
uuid:000482-acted,MEN-00809,Duverger,Verrettes,2025-10-08,ENQ04 Wisly Dorvil,3,9,9000,Sante,non,26.7,25,+50949549620,18.72644,-73.32171,26
uuid:000161-acted,MEN-00765,Desir,DESSALINES,2025-12-13,ENQ03 Fabiola Cheri,2,2,6000,Agriculture,non,29.5,16,+50936965347,19.15443,-74.05212,15
uuid:000076-acted,MEN-00901,Pierre,SAINT MARC,2026-02-28,ENQ04 Wisly Dorvil,5,10,9000,Nourriture,non,19.8,13,+50943800463,18.62705,-73.07943,24
uuid:000471-acted,MEN-01150,Moise,Gros-Morne,2026-02-20,ENQ03 Fabiola Cheri,4,0,7500,Nourriture,oui,36.3,1,+50943842740,19.1335,-73.92364,16
uuid:000320-acted,MEN-01030,Delva,Leogane,2026-02-24,ENQ02 Kervens Sanon,3,9,9 000,Nourriture,oui,43.4,9,+50945764301,19.39605,-72.09567,47
uuid:000343-acted-bis,MEN-00743,Cadet,Port-au-Prince,2026-02-07,ENQ06 Josue Belizaire,4,12,9 000,Sante,non,30.1,7,+50935254360,19.58992,-72.03915,46
uuid:000342-acted,MEN-00645,Belizaire,GONAIVES,2025-09-16,ENQ04 Wisly Dorvil,4,6,12000,Dette,oui,42.1,29,+50948578195,19.44562,-73.32376,15
uuid:000101-acted,MEN-00128,Pierre,Croix-des-Bouquets,2025-12-04,ENQ03 Fabiola Cheri,5,8,9000,Dette,non,27.6,4,+50938720870,19.77296,-72.86311,35
uuid:000493-acted,MEN-00503,Cadet,Port-au-Prince,2026-01-03,ENQ06 Josue Belizaire,4,0,7500,Nourriture,non,34.0,12,+50939653044,18.7883,-73.06601,35
uuid:000075-acted,MEN-00377,Beauvoir,Gros-Morne,2026-01-31,ENQ01 Mirlande Delva,4,14,7500,Nourriture,non,63.6,19,+50932220305,18.86081,-72.3513,23
uuid:000332-acted,MEN-01028,Georges,Croix-des-Bouquets,2026-03-25,ENQ04 Wisly Dorvil,5,6,12000,Agriculture,non,19.2,7,+50947631294,18.73707,-72.71994,29
uuid:000023-acted,MEN-00100,Sanon,st marc,2025-10-27,ENQ02 Kervens Sanon,4,11,12000,Nourriture,oui,53.6,17,+50944136832,18.92322,-72.33839,49
uuid:000186-acted,MEN-00373,Beauvoir,SAINT MARC,2026-03-20,ENQ06 Josue Belizaire,1,1,7500,Sante,oui,47.8,11,+50947742598,19.04522,-72.0155,24
uuid:000182-acted,MEN-00572,Toussaint,Cap-Haitien,2026-02-09,ENQ06 Josue Belizaire,5,6,9000,Nourriture,oui,60.2,35,+50937758010,19.64877,-72.64687,29
uuid:000199-acted,MEN-00828,Moise,Verrettes,2026-01-18,ENQ04 Wisly Dorvil,4,9,12000,Autre,oui,35.3,11,+50942945046,18.55077,-73.60409,35
uuid:000193-acted,MEN-00600,Duverger,Port-au-Prince,2025-10-24,ENQ04 Wisly Dorvil,4,5,5750,Logement,oui,35.9,12,+50937004246,19.29002,-73.11372,29
uuid:000419-acted,MEN-00462,Cadet,DESSALINES,2026-01-31,ENQ05 Nadege Augustin,,4,6000,Agriculture,non,24.8,14,+50937029081,18.65688,-73.74408,28
uuid:000188-acted,MEN-00524,Fils-Aime,gonaives,2026-03-08,ENQ01 Mirlande Delva,4,3,12000,Nourriture,oui,41.8,8,+50941420153,18.61112,-73.48614,37
uuid:000163-acted,MEN-00042,Belizaire,Gros-Morne,2026-03-01,ENQ03 Fabiola Cheri,4,9,6000,Education,oui,46.9,24,+50933863227,19.52029,-74.09428,10
uuid:000519-acted,MEN-00293,Lafleur,Port-au-Prince,2026-01-05,ENQ02 Kervens Sanon,4,5,9000,Nourriture,non,63.4,18,+50940603026,19.31865,-73.8476,35
uuid:000221-acted,MEN-00622,Georges,Croix-des-Bouquets,2025-11-16,ENQ02 Kervens Sanon,4,13,6000,Nourriture,non,33.6,12,+50930021148,18.56091,-72.95268,31
uuid:000137-acted,MEN-00780,Desir,st marc,2025-09-19,ENQ05 Nadege Augustin,5,8,6000,Sante,oui,44.5,18,+50945208020,19.38221,-74.18656,37
uuid:000195-acted,MEN-01023,Estime,Gros-Morne,2025-11-05,ENQ06 Josue Belizaire,5,13,7500,Agriculture,non,41.2,14,+509 37 12 44 98,19.37385,-72.63893,32
uuid:000360-acted,MEN-00506,Lherisson,Gros-Morne,2025-11-28,ENQ02 Kervens Sanon,3,17,7500,Logement,oui,7.6,14,+50937963535,19.79457,-73.05422,39
uuid:000338-acted,MEN-00938,Cadet,Mirebalais,2026-01-16,ENQ02 Kervens Sanon,4,5,12000,Nourriture,oui,38.6,11,+50944648802,18.56445,-72.63146,18
uuid:000517-acted,MEN-00489,Dorvil,Cap-Haitien,2025-09-07,ENQ05 Nadege Augustin,3,19,6000,Nourriture,non,40.4,6,+50932773423,,,37
uuid:000081-acted,MEN-00966,Louis,gonaives,2025-09-10,ENQ06 Josue Belizaire,5,0,9000,Education,oui,32.9,20,+50948799897,19.64327,-74.06785,18
uuid:000462-acted,MEN-00209,Desir,Gonaives,2026-01-13,ENQ01 Mirlande Delva,5,13,6000,Nourriture,oui,non collecte,10,+509 37 12 44 98,19.17,-72.62138,18
uuid:000159-acted,MEN-00907,Noel,Leogane,2025-10-03,ENQ02 Kervens Sanon,4,4,12000,Dette,oui,51.8,14,+50936003021,19.07999,-73.11717,34
uuid:000356-acted,MEN-01128,Louis,Verrettes,2025-10-01,ENQ04 Wisly Dorvil,2,11,6000,Dette,oui,43.5,17,+50943003854,18.49931,-72.25647,21
uuid:000318-acted-bis,MEN-00306,Saint-Fleur,gonaives,2026-01-25,ENQ03 Fabiola Cheri,N/A,19,7500,Agriculture,non,43.8,23,+50936684123,19.61677,-72.01567,2
uuid:000018-acted,MEN-00756,Jean-Baptiste,Cap-Haitien,2025-11-21,ENQ03 Fabiola Cheri,4,10,9000,Sante,non,57.9,21,+50949168226,19.75615,-73.74795,19
uuid:000483-acted,MEN-00439,Lafleur,Gros-Morne,2025-09-28,ENQ03 Fabiola Cheri,3,4,7500,Nourriture,non,55.0,14,+50930609104,18.76116,-73.21707,38
uuid:000014-acted,MEN-01013,Fils-Aime,Cap-Haitien,2025-12-15,ENQ02 Kervens Sanon,4,13,9000,Dette,non,51.9,13,+50937593649,18.49643,-73.03171,35
uuid:000061-acted,MEN-00407,Moise,Dessalines,25/09/2025,ENQ04 Wisly Dorvil,5,6,7500,Sante,oui,46.4,6,+50949620438,19.38037,-72.47499,30
uuid:000506-acted,MEN-00492,Fils-Aime,Port-au-Prince,2025-10-11,ENQ06 Josue Belizaire,4,10,7500,Education,oui,52.1,12,+50935932371,19.22535,-73.33596,28
uuid:000373-acted,MEN-00048,Sanon,Leogane,2025-11-26,ENQ05 Nadege Augustin,4,13,7500,Logement,oui,27.8,16,+50944765329,19.08192,-72.42213,19
uuid:000028-acted,MEN-00183,Noel,Mirebalais,2025-11-15,ENQ02 Kervens Sanon,3,7,9250,Dette,oui,11.3,4,+50937582796,19.1153,-73.24865,24
uuid:000156-acted,MEN-00680,Fils-Aime,gonaives,2025-10-03,ENQ04 Wisly Dorvil,5,4,7500,Nourriture,oui,41.2,28,+50943778896,19.56702,-72.91606,14
uuid:000451-acted,MEN-00144,Belizaire,Cap-Haitien,2025-11-20,ENQ03 Fabiola Cheri,3,7,6000,Sante,oui,22.8,1,+50941937605,19.48658,-73.04232,52
uuid:000276-acted,MEN-00846,Dorvil,Croix-des-Bouquets,2026-01-14,ENQ04 Wisly Dorvil,4,9,6000,Nourriture,oui,43.5,19,+50934773738,19.68267,-73.79028,40
uuid:000366-acted,MEN-00752,Lafleur,st marc,2026-02-26,ENQ05 Nadege Augustin,4,6,12000,Sante,non,43.3,7,3712-4498,18.57684,-74.09307,31
uuid:000218-acted,MEN-00605,Desir,Leogane,2025-11-07,ENQ01 Mirlande Delva,1,7,12000,Nourriture,oui,34.3,12,+50948447738,18.7458,-72.19687,36
uuid:000500-acted,MEN-01033,Georges,Verrettes,2026-01-26,ENQ06 Josue Belizaire,5,1,6000,Nourriture,oui,39.3,10,+50934404178,18.47481,-73.03038,19
uuid:000345-acted,MEN-01012,Casseus,Gros-Morne,2025-10-04,ENQ01 Mirlande Delva,4,11,7500,Nourriture,oui,26.8,11,+50933692328,19.37223,-72.91864,21
uuid:000490-acted,MEN-01070,Joseph,Gros-Morne,2026-02-27,ENQ04 Wisly Dorvil,5,3,6000,Dette,oui,35.0,15,+50942122658,19.12635,-73.66616,32
uuid:000546-acted,MEN-00849,Michel,Gros-Morne,20/09/2025,ENQ02 Kervens Sanon,3,19,9000,Sante,oui,41.3,6,+50948742264,19.0809,-74.06015,27
uuid:000333-acted,MEN-01203,Lherisson,Gonaïves,2026-02-08,ENQ02 Kervens Sanon,3,11,12000,Dette,non,54.8,15,+50941961873,19.69918,-73.7746,33
uuid:000384-acted,MEN-00794,Toussaint,SAINT MARC,2026-03-23,ENQ06 Josue Belizaire,4,7,6000,Dette,oui,19.1,14,+50942225479,18.40674,-74.14476,35
uuid:000558-acted,MEN-00726,Desir,Leogane,2025-09-06,ENQ06 Josue Belizaire,3,17,9000,Nourriture,non,68.0,23,+50933019245,19.09234,-72.20001,23
uuid:000125-acted,MEN-00640,Joseph,DESSALINES,2026-01-11,ENQ03 Fabiola Cheri,4,8,9000,Sante,oui,47.0,7,+50932672959,19.15281,-72.23117,29
uuid:000550-acted,MEN-00498,Delva,gonaives,24/01/2026,ENQ06 Josue Belizaire,4,5,6000,Sante,oui,32.6,25,+50946051799,19.41698,-73.27001,30
uuid:000003-acted,MEN-00436,Louis,Leogane,2026-03-28,ENQ02 Kervens Sanon,N/A,7,12000,Nourriture,oui,56.8,17,+50944339408,18.49632,-73.04726,25
uuid:000139-acted,MEN-00936,Etienne,Gros-Morne,2025-09-21,ENQ01 Mirlande Delva,2,8,7500,Agriculture,non,32.8,9,+50932110172,19.76285,-73.32131,21
uuid:000121-acted,MEN-00491,Charles,Cap-Haitien,29/12/2025,ENQ05 Nadege Augustin,4,10,7500,Sante,non,42.6,19,+50949524973,18.72173,-72.17523,15
uuid:000009-acted,MEN-00245,Belizaire,Cap-Haitien,2025-11-18,ENQ04 Wisly Dorvil,3,3,12000,Nourriture,oui,35.5,7,+50949018795,18.63479,-73.25118,29
uuid:000494-acted,MEN-00948,Desir,Verrettes,07/02/2026,ENQ02 Kervens Sanon,2,14,12000,Sante,non,42.4,23,+50939989111,18.78327,-74.09957,40
uuid:000022-acted,MEN-00190,Pierre,St-Marc,2025-10-26,ENQ01 Mirlande Delva,3,11,9000,Agriculture,oui,28.5,21,+50935561361,19.11267,-73.89711,30
uuid:000554-acted,MEN-00117,Joseph,gonaives,2026-03-18,ENQ04 Wisly Dorvil,5,11,12000,Nourriture,non,63.9,19,+50946796092,18.9561,-72.71142,27
uuid:000032-acted,MEN-00540,Estime,Croix-des-Bouquets,2025-11-13,ENQ01 Mirlande Delva,ND,6,9000,Sante,oui,23.5,17,+50937471847,19.55788,-73.87942,2
uuid:000478-acted,MEN-00086,Dorvil,Saint-Marc,2025-12-25,ENQ04 Wisly Dorvil,4,11,7500,Nourriture,oui,48.8,15,+50932200492,18.68796,-73.52474,25
uuid:000406-acted,MEN-00059,Louis,Mirebalais,2025-12-10,ENQ01 Mirlande Delva,4,7,9000,Dette,non,58.2,21,+50946413395,18.87514,-73.5403,30
uuid:000057-acted-bis,MEN-00563,Beauvoir,st marc,12/02/2026,ENQ06 Josue Belizaire,4,5,7500,Nourriture,non,32.5,3,+50931941224,18.7667,-72.51976,34
uuid:000013-acted-bis,MEN-00212,Jean-Baptiste,Croix-des-Bouquets,17/01/2026,ENQ05 Nadege Augustin,4,12,9000,Sante,oui,59.6,19,+50941324290,19.23748,-72.95511,30
uuid:000201-acted,MEN-00702,Casseus,Cap-Haitien,2026-01-12,ENQ03 Fabiola Cheri,3,9,6000,Nourriture,oui,24.7,20,+50949488758,19.64759,-73.54713,35
uuid:000514-acted,MEN-00113,Delva,Mirebalais,2026-03-04,ENQ04 Wisly Dorvil,4,8,6000,Education,oui,20.9,5,+50937719176,19.61468,-72.13952,25
uuid:000319-acted,MEN-00533,Toussaint,Leogane,2026-01-17,ENQ03 Fabiola Cheri,4,16,6000,Nourriture,oui,27.8,13,+50933428522,19.67725,-72.47653,25
uuid:000524-acted,MEN-00153,Lafleur,Cap-Haitien,17/10/2025,ENQ05 Nadege Augustin,2,9,4500,Nourriture,non,47.7,14,+50935967535,,,21
uuid:000510-acted,MEN-00309,Toussaint,Leogane,2026-01-11,ENQ04 Wisly Dorvil,5,0,7500,Nourriture,non,30.5,7,+50949156858,19.39515,-72.36285,15
uuid:000491-acted,MEN-00836,Etienne,Port-au-Prince,2026-02-23,ENQ06 Josue Belizaire,4,6,7500,Education,oui,34.7,0,+50935235533,19.26527,-72.48471,26
uuid:000530-acted,MEN-00456,Saint-Fleur,Cap-Haitien,2025-11-12,ENQ06 Josue Belizaire,1,18,"9,000",Nourriture,oui,39.0,20,+50945817677,19.51306,-72.14158,26
uuid:000212-acted,MEN-00766,Cheri,Gros-Morne,2025-12-12,ENQ04 Wisly Dorvil,3,0,12000,Nourriture,oui,46.9,16,+50946172925,19.44939,-73.1559,30
uuid:000123-acted,MEN-00052,Duverger,Cap-Haitien,2026-02-15,ENQ03 Fabiola Cheri,4,4,6000,Nourriture,oui,44.8,23,+50936256017,18.83738,-73.63984,36
uuid:000371-acted,MEN-01090,Augustin,Gros-Morne,2026-03-05,ENQ02 Kervens Sanon,4,13,12000,Education,oui,25.4,16,+50944525227,19.19954,-72.75445,29
uuid:000157-acted,MEN-00871,Moise,Leogane,2025-12-14,ENQ02 Kervens Sanon,4,15,7500,Nourriture,oui,22.1,5,+50938486607,19.7896,-73.43314,34
uuid:000112-acted,MEN-00843,Duverger,Cap-Haitien,2026-02-18,ENQ05 Nadege Augustin,3,0,6000,Nourriture,oui,40.9,17,+50939234881,19.39553,-73.18808,46
uuid:000498-acted,MEN-01019,Charles,Cap-Haitien,2025-12-13,ENQ01 Mirlande Delva,4,2,6000,Agriculture,oui,43.5,26,50937,18.9016,-72.35568,33
uuid:000060-acted-bis,MEN-00536,Casseus,SAINT MARC,2025-12-08,ENQ03 Fabiola Cheri,4,1,6000,Sante,oui,42.9,3,+50940519061,19.56071,-73.66534,28
uuid:000168-acted,MEN-00493,Cheri,Port-au-Prince,2025-10-26,ENQ02 Kervens Sanon,3,12,6000,Education,non,12.9,43,+50935314261,19.39625,-72.41229,42
uuid:000437-acted,MEN-00143,Augustin,Leogane,2025-10-06,ENQ03 Fabiola Cheri,3,16,7500,Dette,non,48.8,14,+50943132927,19.3863,-72.20906,46
uuid:000063-acted,MEN-00415,Charles,Mirebalais,10-30-2025,ENQ05 Nadege Augustin,4,3,6000,Nourriture,non,40.8,26,+50933926335,18.48608,-73.03206,23
uuid:000196-acted,MEN-00386,Lherisson,Leogane,2026-02-08,ENQ02 Kervens Sanon,2,1,"9,000",Sante,non,41.2,15,50937,18.60621,-73.81911,23
uuid:000397-acted,MEN-00446,Lherisson,Cap-Haitien,2025-10-26,ENQ03 Fabiola Cheri,5,6,9000,Sante,oui,999,1,+50934844091,18.93056,-72.47957,34
uuid:000268-acted,MEN-00887,Michel,Cap-Haitien,2026-01-07,ENQ02 Kervens Sanon,3,11,7500,Education,oui,45.9,19,+50933141699,19.04828,-72.60612,23
uuid:000180-acted,MEN-00282,Belizaire,Verrettes,2026-02-13,ENQ02 Kervens Sanon,5,14,7500,Nourriture,oui,13.3,11,+50930549404,,,28
uuid:000205-acted,MEN-00784,Cheri,Leogane,2025-11-21,ENQ02 Kervens Sanon,4,11,9000,Agriculture,oui,31.7,20,+50941623800,18.52282,-72.31917,16
uuid:000290-acted,MEN-00175,Cadet,Dessaline,20/11/2025,ENQ03 Fabiola Cheri,4,10,12000,Nourriture,non,31.8,19,+50946559171,19.71746,-74.0135,20
uuid:000507-acted,MEN-00007,Toussaint,Gros-Morne,2026-02-24,ENQ06 Josue Belizaire,3,5,12000,Nourriture,oui,40.3,6,+50945596102,18.87295,-73.17727,2
uuid:000334-acted,MEN-00294,Etienne,Croix-des-Bouquets,2025-11-09,ENQ03 Fabiola Cheri,2,9,12000,Sante,non,29.6,0,+50933653207,19.7085,-72.5469,29
uuid:000134-acted,MEN-00608,Jean-Baptiste,Port-au-Prince,2025-12-13,ENQ05 Nadege Augustin,4,8,12000,Nourriture,oui,35.8,0,+50933947053,19.70776,-72.13842,27
uuid:000100-acted,MEN-00115,Alexis,Cap-Haitien,2026-03-05,ENQ03 Fabiola Cheri,3,0,12000,Nourriture,oui,35.8,28,+50936132067,19.47126,-72.55636,37
uuid:000409-acted,MEN-01096,Georges,Croix-des-Bouquets,11/10/2025,ENQ03 Fabiola Cheri,3,7,-,Nourriture,non,21.3,18,+50934790967,19.15699,-74.13642,38
uuid:000302-acted,MEN-00305,Cheri,Port-au-Prince,2025-09-23,ENQ02 Kervens Sanon,3,6,9000,Sante,non,32.9,23,+50949126026,18.44536,-74.04772,36
uuid:000001-acted,MEN-00688,Toussaint,Gonaive,2025-10-12,ENQ03 Fabiola Cheri,3,10,7500,Dette,oui,16.6,23,+50934836957,19.39927,-73.90107,24
uuid:000124-acted,MEN-00560,Dorvil,Leogane,2026-01-10,ENQ02 Kervens Sanon,3,5,6000,Autre,oui,20.4,18,+50931011350,19.48822,-72.16071,32
uuid:000432-acted,MEN-00096,Dorvil,Dessaline,2025-09-09,ENQ02 Kervens Sanon,3,7,12000,Nourriture,non,64.3,22,+50947397417,19.18656,-73.52414,31
uuid:000356-acted-bis,MEN-01128,Louis,Verrettes,2025-10-01,ENQ04 Wisly Dorvil,2,11,6000,Dette,oui,43.5,17,+50943003854,18.49931,-72.25647,21
uuid:000454-acted,MEN-00601,Sanon,Gonaive,2026-03-20,ENQ06 Josue Belizaire,4,10,6000,Nourriture,non,68.5,7,+50940814309,19.71139,-73.86745,25
uuid:000150-acted,MEN-00135,Lherisson,Leogane,2025-10-27,ENQ05 Nadege Augustin,4,7,7500,Sante,oui,39.4,20,+50941777776,19.7696,-73.48418,16
uuid:000224-acted,MEN-00241,Casseus,Leogane,2025-09-15,ENQ02 Kervens Sanon,3,15,7500,Dette,non,32.7,4,+50931980705,18.70548,-72.43069,25
uuid:000388-acted,MEN-00157,Cheri,Leogane,2025-09-09,ENQ05 Nadege Augustin,2,14,7500,Sante,non,49.3,15,+50942791099,19.55774,-73.72744,34
uuid:000096-acted,MEN-00852,Moise,DESSALINES,2026-01-23,ENQ06 Josue Belizaire,4,15,12000,Nourriture,oui,24.4,22,+50940298011,19.28884,-73.05222,37
