code_ecole,nom_ecole,region,semaine,date_saisie,jours_classe,eleves_inscrits,eleves_presents,eleves_presents_parraines,repas_servis,enseignants_prevus,enseignants_presents
EC001,Ecole Ganthier I,Ouest,1,2026-01-03,5,141,98,45,0,4,3
EC001,Ecole Ganthier I,Ouest,2,2026-01-10,5,141,116,49,0,4,4
EC001,Ecole Ganthier I,Ouest,3,2026-01-17,5,141,103,42,0,4,4
EC001,Ecole Ganthier I,Ouest,4,2026-01-24,5,141,105,38,0,4,4
EC001,Ecole Ganthier I,Ouest,5,2026-02-03,5,141,110,46,0,4,2
EC001,Ecole Ganthier I,Ouest,6,2026-02-10,5,141,106,54,0,4,2
EC001,Ecole Ganthier I,Ouest,7,2026-02-17,5,141,99,57,0,4,3
EC001,Ecole Ganthier I,Ouest,8,2026-02-24,5,141,104,39,0,4,3
EC001,Ecole Ganthier I,Ouest,9,2026-03-03,5,141,90,32,0,4,2
EC001,Ecole Ganthier I,Ouest,10,2026-03-10,5,141,113,42,0,4,3
EC001,Ecole Ganthier I,Ouest,11,2026-03-17,5,141,105,42,0,4,3
EC001,Ecole Ganthier I,Ouest,12,2026-03-24,5,141,100,47,0,4,4
EC002,Ecole Ganthier II,Ouest,1,2026-01-03,5,304,251,148,1227,5,5
EC002,Ecole Ganthier II,Ouest,2,2026-01-10,0,304,241,154,0,5,5
EC002,Ecole Ganthier II,Ouest,3,2026-01-17,5,304,233,109,1000,5,4
EC002,Ecole Ganthier II,Ouest,4,2026-01-24,4,304,247,106,955,5,4
EC002,Ecole Ganthier II,Ouest,5,2026-02-03,5,304,236,138,1120,5,4
EC002,Ecole Ganthier II,Ouest,6,2026-02-10,5,304,218,95,1084,5,4
EC002,Ecole Ganthier II,Ouest,7,2026-02-17,5,304,260,94,1197,5,4
EC002,Ecole Ganthier II,Ouest,8,2026-02-24,5,304,252,160,1086,5,5
EC002,Ecole Ganthier II,Ouest,9,2026-03-03,5,304,270,127,1338,5,4
EC002,Ecole Ganthier II,Ouest,10,2026-03-10,5,304,252,133,1188,5,4
EC002,Ecole Ganthier II,Ouest,11,2026-03-17,5,304,222,95,1055,5,5
EC002,Ecole Ganthier II,Ouest,12,2026-03-24,5,304,230,107,1093,5,5
EC003,Ecole Croix-des-Bouquets,Ouest,1,2026-01-03,5,225,179,63,844,4,3
EC003,Ecole Croix-des-Bouquets,Ouest,2,2026-01-10,5,225,137,50,604,4,4
EC003,Ecole Croix-des-Bouquets,Ouest,3,2026-01-17,5,225,147,62,656,4,3
EC003,Ecole Croix-des-Bouquets,Ouest,4,2026-01-24,5,225,154,86,725,4,2
EC003,Ecole Croix-des-Bouquets,Ouest,5,2026-02-03,5,225,142,89,614,4,4
EC003,Ecole Croix-des-Bouquets,Ouest,6,2026-02-10,5,225,135,83,648,4,4
EC003,Ecole Croix-des-Bouquets,Ouest,7,2026-02-17,5,225,133,54,628,4,4
EC003,Ecole Croix-des-Bouquets,Ouest,8,2026-02-24,5,225,137,58,675,4,4
EC003,Ecole Croix-des-Bouquets,Ouest,9,2026-03-03,5,225,134,47,646,4,2
EC003,Ecole Croix-des-Bouquets,Ouest,10,2026-03-10,5,225,149,59,682,4,2
EC003,Ecole Croix-des-Bouquets,Ouest,11,2026-03-17,5,225,149,91,734,4,3
EC003,Ecole Croix-des-Bouquets,Ouest,12,2026-03-24,3,225,144,75,376,4,4
EC004,Ecole Thomazeau,Ouest,1,2026-01-03,3,100,86,52,254,6,6
EC004,Ecole Thomazeau,Ouest,2,2026-01-10,5,100,71,39,320,6,5
EC004,Ecole Thomazeau,Ouest,3,2026-01-17,5,100,71,28,351,6,6
EC004,Ecole Thomazeau,Ouest,4,2026-01-24,5,100,82,48,402,6,6
EC004,Ecole Thomazeau,Ouest,5,2026-02-03,5,100,87,41,413,6,4
EC004,Ecole Thomazeau,Ouest,6,2026-02-10,5,100,73,31,353,6,6
EC004,Ecole Thomazeau,Ouest,7,2026-02-17,5,100,84,34,414,6,6
EC004,Ecole Thomazeau,Ouest,8,2026-02-24,5,100,79,46,349,6,6
EC004,Ecole Thomazeau,Ouest,9,2026-03-03,5,100,71,26,342,6,6
EC004,Ecole Thomazeau,Ouest,10,2026-03-10,5,100,77,36,383,6,5
EC004,Ecole Thomazeau,Ouest,11,2026-03-17,5,100,87,37,407,6,6
EC004,Ecole Thomazeau,Ouest,12,2026-03-24,4,100,77,34,298,6,5
EC005,Ecole Cornillon,Ouest,1,2026-01-03,5,101,81,42,359,6,4
EC005,Ecole Cornillon,Ouest,2,2026-01-10,5,101,87,44,422,6,4
EC005,Ecole Cornillon,Ouest,3,2026-01-17,5,101,87,39,374,6,4
EC005,Ecole Cornillon,Ouest,4,2026-01-24,5,101,78,41,370,6,6
EC005,Ecole Cornillon,Ouest,5,2026-02-03,5,101,86,40,391,6,6
EC005,Ecole Cornillon,Ouest,6,2026-02-10,5,101,92,37,436,6,5
EC005,Ecole Cornillon,Ouest,7,2026-02-17,5,101,94,41,438,6,6
EC005,Ecole Cornillon,Ouest,8,2026-02-24,5,101,83,34,401,6,5
EC005,Ecole Cornillon,Ouest,9,2026-03-03,5,101,78,32,359,6,4
EC005,Ecole Cornillon,Ouest,10,2026-03-10,5,101,86,32,398,6,4
EC005,Ecole Cornillon,Ouest,11,2026-03-17,5,101,97,40,434,6,6
EC005,Ecole Cornillon,Ouest,12,2026-03-24,5,101,93,33,463,6,5
EC006,Ecole Fonds-Verrettes,Ouest,1,2026-01-03,5,267,201,108,883,6,4
EC006,Ecole Fonds-Verrettes,Ouest,2,2026-01-10,5,267,194,91,845,6,4
EC006,Ecole Fonds-Verrettes,Ouest,3,2026-01-17,0,267,188,111,0,6,5
EC006,Ecole Fonds-Verrettes,Ouest,4,2026-01-24,2,267,175,109,303,6,6
EC006,Ecole Fonds-Verrettes,Ouest,5,2026-02-03,5,267,163,86,808,6,5
EC006,Ecole Fonds-Verrettes,Ouest,6,2026-02-10,5,267,145,82,671,6,5
EC006,Ecole Fonds-Verrettes,Ouest,7,2026-02-17,5,267,204,98,982,6,4
EC006,Ecole Fonds-Verrettes,Ouest,8,2026-02-24,5,267,213,124,982,6,6
EC006,Ecole Fonds-Verrettes,Ouest,9,2026-03-03,5,267,190,81,853,6,5
EC006,Ecole Fonds-Verrettes,Ouest,10,2026-03-10,5,267,185,73,839,6,6
EC006,Ecole Fonds-Verrettes,Ouest,11,2026-03-17,5,267,193,98,880,6,6
EC006,Ecole Fonds-Verrettes,Ouest,12,2026-03-24,5,267,185,86,893,6,4
EC007,Ecole Kenscoff,Ouest,1,2026-01-03,4,204,152,66,552,5,4
EC007,Ecole Kenscoff,Ouest,2,2026-01-10,5,204,185,105,897,5,5
EC007,Ecole Kenscoff,Ouest,3,2026-01-17,5,204,179,83,850,5,4
EC007,Ecole Kenscoff,Ouest,4,2026-01-24,5,204,195,117,963,5,4
EC007,Ecole Kenscoff,Ouest,5,2026-02-03,5,204,195,107,841,5,4
EC007,Ecole Kenscoff,Ouest,6,2026-02-10,5,204,172,84,737,5,4
EC007,Ecole Kenscoff,Ouest,7,2026-02-17,5,204,170,104,757,5,4
EC007,Ecole Kenscoff,Ouest,8,2026-02-24,5,204,184,68,784,5,4
EC007,Ecole Kenscoff,Ouest,9,2026-03-03,3,204,176,112,451,5,5
EC007,Ecole Kenscoff,Ouest,10,2026-03-10,5,204,179,73,763,5,5
EC007,Ecole Kenscoff,Ouest,11,2026-03-17,5,204,169,107,777,5,5
EC007,Ecole Kenscoff,Ouest,12,2026-03-24,5,204,176,70,828,5,3
EC008,Ecole Gressier,Ouest,1,2026-01-03,5,288,174,77,815,6,6
EC008,Ecole Gressier,Ouest,2,2026-01-10,5,288,162,100,734,6,4
EC008,Ecole Gressier,Ouest,3,2026-01-17,5,288,145,61,692,6,6
EC008,Ecole Gressier,Ouest,4,2026-01-24,5,288,154,81,668,6,5
EC008,Ecole Gressier,Ouest,5,2026-02-03,5,288,162,74,749,6,6
EC008,Ecole Gressier,Ouest,6,2026-02-10,4,288,187,111,647,6,6
EC008,Ecole Gressier,Ouest,7,2026-02-17,5,288,185,88,888,6,4
EC008,Ecole Gressier,Ouest,8,2026-02-24,5,288,148,87,688,6,5
EC008,Ecole Gressier,Ouest,9,2026-03-03,5,288,174,77,771,6,6
EC008,Ecole Gressier,Ouest,10,2026-03-10,5,288,143,69,688,6,5
EC008,Ecole Gressier,Ouest,11,2026-03-17,5,288,161,97,706,6,6
EC008,Ecole Gressier,Ouest,12,2026-03-24,5,288,167,71,744,6,5
EC009,Ecole Puits-Sale,Sud,1,2026-01-03,5,97,73,46,0,9,9
EC009,Ecole Puits-Sale,Sud,2,2026-01-10,5,97,74,34,0,9,8
EC009,Ecole Puits-Sale,Sud,3,2026-01-17,5,97,70,34,0,9,9
EC009,Ecole Puits-Sale,Sud,4,2026-01-24,5,97,65,27,0,9,7
EC009,Ecole Puits-Sale,Sud,5,2026-02-03,5,97,70,36,0,9,9
EC009,Ecole Puits-Sale,Sud,6,2026-02-10,5,97,68,39,0,9,9
EC009,Ecole Puits-Sale,Sud,7,2026-02-17,5,97,68,28,0,9,7
EC009,Ecole Puits-Sale,Sud,8,2026-02-24,5,97,75,28,0,9,8
EC009,Ecole Puits-Sale,Sud,9,2026-03-03,5,97,69,39,0,9,9
EC009,Ecole Puits-Sale,Sud,10,2026-03-10,5,97,67,43,0,9,8
EC009,Ecole Puits-Sale,Sud,11,2026-03-17,5,97,81,35,0,9,9
EC009,Ecole Puits-Sale,Sud,12,2026-03-24,5,97,69,24,0,9,8
EC010,Ecole Maniche,Sud,1,2026-01-03,5,274,257,112,1274,7,5
EC010,Ecole Maniche,Sud,2,2026-01-10,5,274,253,125,1240,7,6
EC010,Ecole Maniche,Sud,3,2026-01-17,5,274,237,151,1052,7,6
EC010,Ecole Maniche,Sud,4,2026-01-24,5,274,254,93,1173,7,6
EC010,Ecole Maniche,Sud,5,2026-02-03,5,274,260,134,1164,7,7
EC010,Ecole Maniche,Sud,6,2026-02-10,5,274,255,147,1199,7,6
EC010,Ecole Maniche,Sud,7,2026-02-17,5,274,234,112,1145,7,6
EC010,Ecole Maniche,Sud,8,2026-02-24,5,274,249,133,1172,7,5
EC010,Ecole Maniche,Sud,9,2026-03-03,5,274,245,105,1056,7,7
EC010,Ecole Maniche,Sud,10,2026-03-10,5,274,220,81,935,7,6
EC010,Ecole Maniche,Sud,11,2026-03-17,5,274,239,104,1066,7,6
EC010,Ecole Maniche,Sud,12,2026-03-24,5,274,244,102,1085,7,5
EC011,Ecole Marceline,Sud,1,2026-01-03,5,216,156,59,689,4,4
EC011,Ecole Marceline,Sud,2,2026-01-10,5,216,145,86,624,4,4
EC011,Ecole Marceline,Sud,3,2026-01-17,5,216,133,83,609,4,3
EC011,Ecole Marceline,Sud,4,2026-01-24,5,216,139,77,689,4,3
EC011,Ecole Marceline,Sud,5,2026-02-03,5,216,137,84,657,4,3
EC011,Ecole Marceline,Sud,6,2026-02-10,5,216,160,60,795,4,3
EC011,Ecole Marceline,Sud,7,2026-02-17,5,216,175,104,819,4,4
EC011,Ecole Marceline,Sud,8,2026-02-24,5,216,156,85,770,4,4
EC011,Ecole Marceline,Sud,9,2026-03-03,5,216,125,80,575,4,3
EC011,Ecole Marceline,Sud,10,2026-03-10,5,216,156,85,763,4,4
EC011,Ecole Marceline,Sud,11,2026-03-17,5,216,127,59,612,4,4
EC011,Ecole Marceline,Sud,12,2026-03-24,5,216,147,65,660,4,3
EC012,Ecole Camp-Perrin,Sud,1,2026-01-03,5,276,254,155,1167,7,7
EC012,Ecole Camp-Perrin,Sud,2,2026-01-10,5,276,253,116,1218,7,5
EC012,Ecole Camp-Perrin,Sud,3,2026-01-17,5,276,266,103,1187,7,5
EC012,Ecole Camp-Perrin,Sud,4,2026-01-24,5,276,258,92,1218,7,7
EC012,Ecole Camp-Perrin,Sud,5,2026-02-03,5,276,252,119,1113,7,7
EC012,Ecole Camp-Perrin,Sud,6,2026-02-10,5,276,256,98,1247,7,6
EC012,Ecole Camp-Perrin,Sud,7,2026-02-17,5,276,247,117,1139,7,6
EC012,Ecole Camp-Perrin,Sud,8,2026-02-24,5,276,273,140,1238,7,6
EC012,Ecole Camp-Perrin,Sud,9,2026-03-03,5,276,269,116,1302,7,6
EC012,Ecole Camp-Perrin,Sud,10,2026-03-10,5,276,222,130,987,7,7
EC012,Ecole Camp-Perrin,Sud,11,2026-03-17,5,276,239,155,1103,7,7
EC012,Ecole Camp-Perrin,Sud,12,2026-03-24,5,276,266,131,1196,7,6
EC013,Ecole Chantal,Sud,1,2026-01-03,5,112,86,55,380,12,11
EC013,Ecole Chantal,Sud,2,2026-01-10,5,112,68,39,291,12,10
EC013,Ecole Chantal,Sud,3,2026-01-17,5,112,79,51,382,12,10
EC013,Ecole Chantal,Sud,4,2026-01-24,5,112,70,34,299,12,11
EC013,Ecole Chantal,Sud,5,2026-02-03,5,112,72,43,311,12,11
EC013,Ecole Chantal,Sud,6,2026-02-10,2,112,76,35,144,12,12
EC013,Ecole Chantal,Sud,7,2026-02-17,5,112,74,39,336,12,12
EC013,Ecole Chantal,Sud,8,2026-02-24,5,112,68,41,332,12,11
EC013,Ecole Chantal,Sud,9,2026-03-03,5,112,60,29,279,12,11
EC013,Ecole Chantal,Sud,10,2026-03-10,5,112,60,32,296,12,12
EC013,Ecole Chantal,Sud,11,2026-03-17,5,112,67,36,328,12,11
EC013,Ecole Chantal,Sud,12,2026-03-24,5,112,71,31,303,12,12
EC014,Ecole Torbeck,Sud,1,2026-01-03,5,112,86,33,399,6,5
EC014,Ecole Torbeck,Sud,2,2026-01-10,5,112,94,37,411,6,5
EC014,Ecole Torbeck,Sud,3,2026-01-17,5,112,84,52,366,6,5
EC014,Ecole Torbeck,Sud,4,2026-01-24,5,112,85,41,403,6,5
EC014,Ecole Torbeck,Sud,5,2026-02-03,5,112,86,41,387,6,5
EC014,Ecole Torbeck,Sud,6,2026-02-10,5,112,84,53,400,6,5
EC014,Ecole Torbeck,Sud,7,2026-02-17,5,112,90,44,398,6,5
EC014,Ecole Torbeck,Sud,8,2026-02-24,5,112,94,41,448,6,6
EC014,Ecole Torbeck,Sud,9,2026-03-03,5,112,82,42,390,6,4
EC014,Ecole Torbeck,Sud,10,2026-03-10,5,112,80,49,384,6,6
EC014,Ecole Torbeck,Sud,11,2026-03-17,5,112,86,35,377,6,6
EC014,Ecole Torbeck,Sud,12,2026-03-24,5,112,97,54,460,6,6
EC015,Ecole Cavaillon,Sud,1,2026-01-03,5,248,245,108,1122,4,3
EC015,Ecole Cavaillon,Sud,2,2026-01-10,5,248,215,83,1060,4,4
EC015,Ecole Cavaillon,Sud,3,2026-01-17,5,248,231,118,1150,4,3
EC015,Ecole Cavaillon,Sud,4,2026-01-24,5,248,235,101,1027,4,3
EC015,Ecole Cavaillon,Sud,5,2026-02-03,5,248,219,129,1007,4,4
EC015,Ecole Cavaillon,Sud,6,2026-02-10,5,248,245,156,1199,4,2
EC015,Ecole Cavaillon,Sud,7,2026-02-17,5,248,205,106,885,4,3
EC015,Ecole Cavaillon,Sud,8,2026-02-24,0,248,245,119,0,4,2
EC015,Ecole Cavaillon,Sud,9,2026-03-03,5,248,205,94,975,4,3
EC015,Ecole Cavaillon,Sud,10,2026-03-10,3,248,235,146,622,4,4
EC015,Ecole Cavaillon,Sud,11,2026-03-17,5,248,198,107,858,4,4
EC015,Ecole Cavaillon,Sud,12,2026-03-24,5,248,225,99,1039,4,4
EC016,Ecole Mirebalais,Centre,1,2026-01-03,5,201,133,61,659,5,3
EC016,Ecole Mirebalais,Centre,2,2026-01-10,5,201,141,67,677,5,5
EC016,Ecole Mirebalais,Centre,3,2026-01-17,5,201,131,70,649,5,5
EC016,Ecole Mirebalais,Centre,4,2026-01-24,3,201,125,51,343,5,5
EC016,Ecole Mirebalais,Centre,5,2026-02-03,5,201,159,81,792,5,5
EC016,Ecole Mirebalais,Centre,6,2026-02-10,5,201,155,67,771,5,4
EC016,Ecole Mirebalais,Centre,7,2026-02-17,5,201,148,94,634,5,5
EC016,Ecole Mirebalais,Centre,8,2026-02-24,5,201,161,62,752,5,5
EC016,Ecole Mirebalais,Centre,9,2026-03-03,5,201,123,73,544,5,5
EC016,Ecole Mirebalais,Centre,10,2026-03-10,5,201,133,70,592,5,5
EC016,Ecole Mirebalais,Centre,11,2026-03-17,5,201,117,44,573,5,5
EC016,Ecole Mirebalais,Centre,12,2026-03-24,2,201,133,70,226,5,5
EC017,Ecole Hinche,Centre,1,2026-01-03,4,220,130,64,502,4,3
EC017,Ecole Hinche,Centre,2,2026-01-10,5,220,148,71,653,4,3
EC017,Ecole Hinche,Centre,3,2026-01-17,3,220,118,43,326,4,3
EC017,Ecole Hinche,Centre,4,2026-01-24,5,220,160,61,765,4,3
EC017,Ecole Hinche,Centre,5,2026-02-03,5,220,167,61,744,4,2
EC017,Ecole Hinche,Centre,6,2026-02-10,5,220,160,90,725,4,3
EC017,Ecole Hinche,Centre,7,2026-02-17,5,220,134,50,640,4,2
EC017,Ecole Hinche,Centre,8,2026-02-24,5,220,156,90,747,4,4
EC017,Ecole Hinche,Centre,9,2026-03-03,5,220,155,92,705,4,2
EC017,Ecole Hinche,Centre,10,2026-03-10,5,220,136,65,645,4,4
EC017,Ecole Hinche,Centre,11,2026-03-17,5,220,139,52,599,4,3
EC017,Ecole Hinche,Centre,12,2026-03-24,5,220,131,74,636,4,3
EC018,Ecole Lascahobas,Centre,1,2026-01-03,3,122,97,59,288,6,5
EC018,Ecole Lascahobas,Centre,2,2026-01-10,5,122,94,53,467,6,5
EC018,Ecole Lascahobas,Centre,3,2026-01-17,5,122,108,42,498,6,6
EC018,Ecole Lascahobas,Centre,4,2026-01-24,5,122,106,54,459,6,6
EC018,Ecole Lascahobas,Centre,5,2026-02-03,5,122,106,68,515,6,5
EC018,Ecole Lascahobas,Centre,6,2026-02-10,5,122,88,45,414,6,4
EC018,Ecole Lascahobas,Centre,7,2026-02-17,5,122,100,56,448,6,6
EC018,Ecole Lascahobas,Centre,8,2026-02-24,5,122,105,42,457,6,4
EC018,Ecole Lascahobas,Centre,9,2026-03-03,5,122,104,37,500,6,6
EC018,Ecole Lascahobas,Centre,10,2026-03-10,5,122,105,51,458,6,6
EC018,Ecole Lascahobas,Centre,11,2026-03-17,5,122,99,37,424,6,6
EC018,Ecole Lascahobas,Centre,12,2026-03-24,5,122,88,32,379,6,5
EC019,Ecole Boucan-Carre,Centre,1,2026-01-03,5,147,93,40,447,11,11
EC019,Ecole Boucan-Carre,Centre,2,2026-01-10,5,147,103,39,490,11,10
EC019,Ecole Boucan-Carre,Centre,3,2026-01-17,5,147,101,47,474,11,11
EC019,Ecole Boucan-Carre,Centre,4,2026-01-24,5,147,100,63,482,11,11
EC019,Ecole Boucan-Carre,Centre,5,2026-02-03,5,147,110,52,478,11,10
EC019,Ecole Boucan-Carre,Centre,6,2026-02-10,5,147,109,54,531,11,11
EC019,Ecole Boucan-Carre,Centre,7,2026-02-17,5,147,104,36,513,11,11
EC019,Ecole Boucan-Carre,Centre,8,2026-02-24,5,147,100,52,478,11,10
EC019,Ecole Boucan-Carre,Centre,9,2026-03-03,5,147,79,31,391,11,10
EC019,Ecole Boucan-Carre,Centre,10,2026-03-10,5,147,111,69,479,11,11
EC019,Ecole Boucan-Carre,Centre,11,2026-03-17,5,147,89,41,398,11,11
EC019,Ecole Boucan-Carre,Centre,12,2026-03-24,5,147,92,53,396,11,9
EC020,Ecole Savanette,Centre,1,2026-01-03,5,215,174,79,834,6,4
EC020,Ecole Savanette,Centre,2,2026-01-10,5,215,200,84,871,6,6
EC020,Ecole Savanette,Centre,3,2026-01-17,5,215,212,78,1052,6,4
EC020,Ecole Savanette,Centre,4,2026-01-24,5,215,212,122,1021,6,5
EC020,Ecole Savanette,Centre,5,2026-02-03,5,215,212,136,952,6,4
EC020,Ecole Savanette,Centre,6,2026-02-10,5,215,189,91,869,6,4
EC020,Ecole Savanette,Centre,7,2026-02-17,5,215,201,100,901,6,5
EC020,Ecole Savanette,Centre,8,2026-02-24,3,215,206,123,532,6,6
EC020,Ecole Savanette,Centre,9,2026-03-03,5,215,181,93,876,6,6
EC020,Ecole Savanette,Centre,10,2026-03-10,5,215,195,115,924,6,6
EC020,Ecole Savanette,Centre,11,2026-03-17,5,215,163,79,791,6,6
EC020,Ecole Savanette,Centre,12,2026-03-24,5,215,195,73,923,6,6
EC021,Ecole Thomonde,Centre,1,2026-01-03,5,303,263,133,0,7,7
EC021,Ecole Thomonde,Centre,2,2026-01-10,5,303,289,180,0,7,6
EC021,Ecole Thomonde,Centre,3,2026-01-17,5,303,268,157,0,7,5
EC021,Ecole Thomonde,Centre,4,2026-01-24,5,303,299,134,0,7,6
EC021,Ecole Thomonde,Centre,5,2026-02-03,5,303,275,150,0,7,6
EC021,Ecole Thomonde,Centre,6,2026-02-10,5,303,299,134,0,7,6
EC021,Ecole Thomonde,Centre,7,2026-02-17,5,303,295,161,0,7,5
EC021,Ecole Thomonde,Centre,8,2026-02-24,5,303,273,144,0,7,7
EC021,Ecole Thomonde,Centre,9,2026-03-03,5,303,249,147,0,7,5
EC021,Ecole Thomonde,Centre,10,2026-03-10,5,303,295,187,0,7,5
EC021,Ecole Thomonde,Centre,11,2026-03-17,5,303,295,148,0,7,7
EC021,Ecole Thomonde,Centre,12,2026-03-24,5,303,287,115,0,7,7
EC022,Ecole Gonaives,Artibonite,1,2026-01-03,5,235,141,91,615,8,8
EC022,Ecole Gonaives,Artibonite,2,2026-01-10,5,235,131,49,632,8,6
EC022,Ecole Gonaives,Artibonite,3,2026-01-17,5,235,153,88,665,8,7
EC022,Ecole Gonaives,Artibonite,4,2026-01-24,5,235,144,58,686,8,7
EC022,Ecole Gonaives,Artibonite,5,2026-02-03,5,235,148,70,704,8,8
EC022,Ecole Gonaives,Artibonite,6,2026-02-10,5,235,154,82,741,8,7
EC022,Ecole Gonaives,Artibonite,7,2026-02-17,5,235,143,83,704,8,8
EC022,Ecole Gonaives,Artibonite,8,2026-02-24,5,235,177,112,882,8,7
EC022,Ecole Gonaives,Artibonite,9,2026-03-03,5,235,136,64,594,8,8
EC022,Ecole Gonaives,Artibonite,10,2026-03-10,5,235,117,45,519,8,6
EC022,Ecole Gonaives,Artibonite,11,2026-03-17,5,235,111,62,514,8,8
EC022,Ecole Gonaives,Artibonite,12,2026-03-24,5,235,157,90,699,8,7
EC023,Ecole Saint-Marc,Artibonite,1,2026-01-03,5,188,125,52,0,10,9
EC023,Ecole Saint-Marc,Artibonite,2,2026-01-10,5,188,160,100,0,10,9
EC023,Ecole Saint-Marc,Artibonite,3,2026-01-17,3,188,153,70,0,10,10
EC023,Ecole Saint-Marc,Artibonite,4,2026-01-24,5,188,186,70,0,10,8
EC023,Ecole Saint-Marc,Artibonite,5,2026-02-03,5,188,151,65,0,10,9
EC023,Ecole Saint-Marc,Artibonite,6,2026-02-10,5,188,144,56,0,10,8
EC023,Ecole Saint-Marc,Artibonite,7,2026-02-17,5,188,132,46,0,10,10
EC023,Ecole Saint-Marc,Artibonite,8,2026-02-24,5,188,134,68,0,10,8
EC023,Ecole Saint-Marc,Artibonite,9,2026-03-03,5,188,127,53,0,10,10
EC023,Ecole Saint-Marc,Artibonite,10,2026-03-10,4,188,153,82,0,10,9
EC023,Ecole Saint-Marc,Artibonite,11,2026-03-17,5,188,163,86,0,10,10
EC023,Ecole Saint-Marc,Artibonite,12,2026-03-24,5,188,160,83,0,10,8
EC024,Ecole Dessalines,Artibonite,1,2026-01-03,5,134,111,46,506,11,9
EC024,Ecole Dessalines,Artibonite,2,2026-01-10,5,134,126,63,569,11,10
EC024,Ecole Dessalines,Artibonite,3,2026-01-17,5,134,124,44,608,11,11
EC024,Ecole Dessalines,Artibonite,4,2026-01-24,5,134,112,72,497,11,11
EC024,Ecole Dessalines,Artibonite,5,2026-02-03,5,134,127,69,549,11,10
EC024,Ecole Dessalines,Artibonite,6,2026-02-10,5,134,124,55,531,11,10
EC024,Ecole Dessalines,Artibonite,7,2026-02-17,5,134,112,62,558,11,10
EC024,Ecole Dessalines,Artibonite,8,2026-02-24,5,134,110,65,472,11,10
EC024,Ecole Dessalines,Artibonite,9,2026-03-03,2,134,123,44,243,11,10
EC024,Ecole Dessalines,Artibonite,10,2026-03-10,5,134,119,70,548,11,11
EC024,Ecole Dessalines,Artibonite,11,2026-03-17,5,134,120,70,587,11,11
EC024,Ecole Dessalines,Artibonite,12,2026-03-24,5,134,124,73,567,11,10
EC025,Ecole Verrettes,Artibonite,1,2026-01-03,5,317,208,133,961,12,11
EC025,Ecole Verrettes,Artibonite,2,2026-01-10,5,317,181,106,805,12,12
EC025,Ecole Verrettes,Artibonite,3,2026-01-17,5,317,216,128,1006,12,12
EC025,Ecole Verrettes,Artibonite,4,2026-01-24,5,317,205,91,916,12,11
EC025,Ecole Verrettes,Artibonite,5,2026-02-03,5,317,167,76,715,12,12
EC025,Ecole Verrettes,Artibonite,6,2026-02-10,5,317,206,98,974,12,12
EC025,Ecole Verrettes,Artibonite,7,2026-02-17,5,317,181,106,861,12,12
EC025,Ecole Verrettes,Artibonite,8,2026-02-24,5,317,179,95,865,12,12
EC025,Ecole Verrettes,Artibonite,9,2026-03-03,5,317,186,85,922,12,12
EC025,Ecole Verrettes,Artibonite,10,2026-03-10,5,317,211,116,1046,12,12
EC025,Ecole Verrettes,Artibonite,11,2026-03-17,5,317,193,88,865,12,12
EC025,Ecole Verrettes,Artibonite,12,2026-03-24,5,317,188,72,902,12,11
EC026,Ecole Petite-Riviere,Artibonite,1,2026-01-03,5,218,151,87,721,11,11
EC026,Ecole Petite-Riviere,Artibonite,2,2026-01-10,5,218,142,61,701,11,10
EC026,Ecole Petite-Riviere,Artibonite,3,2026-01-17,5,218,149,59,712,11,11
EC026,Ecole Petite-Riviere,Artibonite,4,2026-01-24,5,218,149,95,743,11,9
EC026,Ecole Petite-Riviere,Artibonite,5,2026-02-03,5,218,161,99,787,11,9
EC026,Ecole Petite-Riviere,Artibonite,6,2026-02-10,5,218,152,85,665,11,11
EC026,Ecole Petite-Riviere,Artibonite,7,2026-02-17,5,218,152,59,736,11,11
EC026,Ecole Petite-Riviere,Artibonite,8,2026-02-24,5,218,152,79,699,11,10
EC026,Ecole Petite-Riviere,Artibonite,9,2026-03-03,5,218,143,67,684,11,10
EC026,Ecole Petite-Riviere,Artibonite,10,2026-03-10,5,218,136,78,661,11,11
EC026,Ecole Petite-Riviere,Artibonite,11,2026-03-17,5,218,137,67,635,11,11
EC026,Ecole Petite-Riviere,Artibonite,12,2026-03-24,5,218,144,84,681,11,11
EC027,Ecole Ennery,Artibonite,1,2026-01-03,5,273,239,145,1164,5,4
EC027,Ecole Ennery,Artibonite,2,2026-01-10,5,273,240,95,1078,5,3
EC027,Ecole Ennery,Artibonite,3,2026-01-17,5,273,245,106,1055,5,5
EC027,Ecole Ennery,Artibonite,4,2026-01-24,5,273,220,113,955,5,5
EC027,Ecole Ennery,Artibonite,5,2026-02-03,5,273,246,129,1152,5,5
EC027,Ecole Ennery,Artibonite,6,2026-02-10,5,273,239,135,1124,5,4
EC027,Ecole Ennery,Artibonite,7,2026-02-17,0,273,261,151,0,5,5
EC027,Ecole Ennery,Artibonite,8,2026-02-24,5,273,246,116,1163,5,4
EC027,Ecole Ennery,Artibonite,9,2026-03-03,5,273,195,85,864,5,3
EC027,Ecole Ennery,Artibonite,10,2026-03-10,5,273,211,102,1005,5,5
EC027,Ecole Ennery,Artibonite,11,2026-03-17,5,273,207,110,928,5,3
EC027,Ecole Ennery,Artibonite,12,2026-03-24,5,273,219,141,987,5,4
EC028,Ecole Gros-Morne,Artibonite,1,2026-01-03,5,266,196,87,0,12,11
EC028,Ecole Gros-Morne,Artibonite,2,2026-01-10,5,266,225,109,0,12,12
EC028,Ecole Gros-Morne,Artibonite,3,2026-01-17,5,266,206,110,0,12,12
EC028,Ecole Gros-Morne,Artibonite,4,2026-01-24,5,266,225,139,0,12,12
EC028,Ecole Gros-Morne,Artibonite,5,2026-02-03,5,266,208,82,0,12,11
EC028,Ecole Gros-Morne,Artibonite,6,2026-02-10,5,266,199,122,0,12,11
EC028,Ecole Gros-Morne,Artibonite,7,2026-02-17,4,266,168,69,0,12,12
EC028,Ecole Gros-Morne,Artibonite,8,2026-02-24,3,266,208,103,0,12,10
EC028,Ecole Gros-Morne,Artibonite,9,2026-03-03,5,266,201,76,0,12,12
EC028,Ecole Gros-Morne,Artibonite,10,2026-03-10,5,266,204,115,0,12,11
EC028,Ecole Gros-Morne,Artibonite,11,2026-03-17,5,266,185,75,0,12,11
EC028,Ecole Gros-Morne,Artibonite,12,2026-03-24,5,266,214,99,0,12,11
EC029,Ecole Marchand,Artibonite,1,2026-01-03,5,256,183,101,794,11,11
EC029,Ecole Marchand,Artibonite,2,2026-01-10,5,256,237,139,1067,11,11
EC029,Ecole Marchand,Artibonite,3,2026-01-17,5,256,197,98,843,11,11
EC029,Ecole Marchand,Artibonite,4,2026-01-24,5,256,209,123,969,11,11
EC029,Ecole Marchand,Artibonite,5,2026-02-03,5,256,178,95,778,11,10
EC029,Ecole Marchand,Artibonite,6,2026-02-10,5,256,190,83,855,11,10
EC029,Ecole Marchand,Artibonite,7,2026-02-17,5,256,188,111,850,11,9
EC029,Ecole Marchand,Artibonite,8,2026-02-24,5,256,179,85,802,11,9
EC029,Ecole Marchand,Artibonite,9,2026-03-03,5,256,170,73,806,11,10
EC029,Ecole Marchand,Artibonite,10,2026-03-10,5,256,169,95,792,11,11
EC029,Ecole Marchand,Artibonite,11,2026-03-17,5,256,179,83,871,11,11
EC029,Ecole Marchand,Artibonite,12,2026-03-24,0,256,158,64,0,11,10
EC030,Ecole Anse-Rouge,Artibonite,1,2026-01-03,5,131,79,46,390,4,2
EC030,Ecole Anse-Rouge,Artibonite,2,2026-01-10,5,131,75,42,347,4,3
EC030,Ecole Anse-Rouge,Artibonite,3,2026-01-17,5,131,77,34,337,4,3
EC030,Ecole Anse-Rouge,Artibonite,4,2026-01-24,5,131,74,33,357,4,2
EC030,Ecole Anse-Rouge,Artibonite,5,2026-02-03,5,131,84,41,417,4,4
EC030,Ecole Anse-Rouge,Artibonite,6,2026-02-10,5,131,76,31,378,4,4
EC030,Ecole Anse-Rouge,Artibonite,7,2026-02-17,5,131,79,39,364,4,3
EC030,Ecole Anse-Rouge,Artibonite,8,2026-02-24,5,131,70,41,311,4,4
EC030,Ecole Anse-Rouge,Artibonite,9,2026-03-03,5,131,62,29,279,4,4
EC030,Ecole Anse-Rouge,Artibonite,10,2026-03-10,5,131,74,32,354,4,4
EC030,Ecole Anse-Rouge,Artibonite,11,2026-03-17,5,131,71,29,345,4,4
EC030,Ecole Anse-Rouge,Artibonite,12,2026-03-24,5,131,67,37,291,4,3
