interview_id,submittal_id,scheduled_date,completed,no_show,outcome
I000001,S000001,2026-03-25,1,0,pass
I000002,S000004,2026-04-07,1,0,pass
I000003,S000011,2025-03-04,1,0,offer
I000004,S000017,2025-03-21,1,0,offer
I000005,S000020,2025-04-05,1,0,pass
I000006,S000023,2025-03-04,1,0,offer
I000007,S000024,2025-03-14,1,0,pass
I000008,S000025,2025-03-15,1,0,pass
I000009,S000035,2025-05-10,1,0,offer
I000010,S000039,2025-06-02,1,0,pass
I000011,S000043,2025-04-28,0,1,no_show
I000012,S000045,2025-05-04,1,0,offer
I000013,S000047,2025-05-16,1,0,pass
I000014,S000049,2025-05-13,1,0,offer
I000015,S000052,2025-05-27,1,0,pass
I000016,S000057,2025-06-05,1,0,pass
I000017,S000060,2025-06-15,1,0,offer
I000018,S000061,2025-06-15,1,0,pass
I000019,S000063,2025-07-03,1,0,pass
I000020,S000066,2025-12-17,0,1,no_show
I000021,S000072,2025-10-02,1,0,pass
I000022,S000076,2025-10-03,0,1,no_show
I000023,S000080,2025-10-23,1,0,pass
I000024,S000085,2025-08-14,1,0,offer
I000025,S000090,2025-06-17,1,0,offer
I000026,S000091,2025-06-24,1,0,pass
I000027,S000092,2025-06-30,1,0,pass
I000028,S000093,2025-06-28,1,0,pass
I000029,S000095,2026-01-28,1,0,offer
I000030,S000098,2025-07-28,1,0,pass
I000031,S000100,2025-08-03,1,0,pass
I000032,S000101,2025-08-03,1,0,pass
I000033,S000106,2026-05-19,0,1,no_show
I000034,S000108,2026-05-24,1,0,offer
I000035,S000109,2025-03-19,1,0,offer
I000036,S000110,2025-03-27,1,0,pass
I000037,S000111,2025-04-07,1,0,pass
I000038,S000112,2025-04-10,1,0,pass
I000039,S000113,2026-05-01,1,0,pass
I000040,S000115,2026-05-03,1,0,offer
I000041,S000117,2026-05-13,1,0,pass
I000042,S000119,2026-05-23,1,0,pass
I000043,S000120,2026-05-22,1,0,pass
I000044,S000124,2026-03-05,1,0,pass
I000045,S000126,2026-03-19,1,0,offer
I000046,S000127,2026-03-18,1,0,pass
I000047,S000132,2026-01-31,1,0,offer
I000048,S000140,2026-01-16,1,0,pass
I000049,S000142,2026-01-27,1,0,pass
I000050,S000143,2026-01-29,1,0,pass
I000051,S000146,2026-03-03,1,0,offer
I000052,S000147,2026-03-05,1,0,pass
I000053,S000148,2026-03-08,1,0,pass
I000054,S000151,2025-07-06,1,0,pass
I000055,S000153,2025-07-18,1,0,pass
I000056,S000155,2025-09-23,1,0,offer
I000057,S000159,2025-10-10,1,0,pass
I000058,S000161,2025-05-06,1,0,pass
I000059,S000163,2025-05-07,1,0,offer
I000060,S000164,2025-05-13,1,0,pass
I000061,S000165,2025-05-24,1,0,pass
I000062,S000168,2026-01-10,1,0,offer
I000063,S000171,2026-01-15,1,0,pass
I000064,S000173,2026-01-29,1,0,pass
I000065,S000174,2026-02-06,1,0,pass
I000066,S000175,2026-02-06,1,0,pass
I000067,S000178,2026-03-02,1,0,pass
I000068,S000179,2025-07-22,1,0,pass
I000069,S000181,2025-07-23,1,0,offer
I000070,S000184,2026-03-08,1,0,offer
I000071,S000188,2026-01-01,1,0,pass
I000072,S000189,2026-01-07,1,0,pass
I000073,S000191,2026-01-22,1,0,pass
I000074,S000192,2026-01-17,1,0,offer
I000075,S000195,2026-07-09,1,0,offer
I000076,S000196,2026-07-16,1,0,pass
I000077,S000206,2026-07-12,1,0,offer
I000078,S000207,2026-07-18,1,0,pass
I000079,S000211,2025-06-02,1,0,offer
I000080,S000213,2025-06-06,1,0,pass
I000081,S000214,2025-06-12,0,1,no_show
I000082,S000215,2025-06-10,1,0,pass
I000083,S000219,2026-05-29,1,0,offer
I000084,S000220,2026-05-29,1,0,pass
I000085,S000221,2026-06-01,1,0,pass
I000086,S000222,2026-06-05,1,0,pass
I000087,S000224,2026-06-10,1,0,pass
I000088,S000225,2026-06-18,0,1,no_show
I000089,S000226,2026-06-17,1,0,pass
I000090,S000228,2026-02-02,1,0,pass
I000091,S000231,2025-03-18,1,0,pass
I000092,S000232,2025-03-19,1,0,pass
I000093,S000237,2025-08-05,1,0,pass
I000094,S000239,2025-08-20,1,0,offer
I000095,S000240,2025-04-04,0,1,no_show
I000096,S000241,2025-04-11,1,0,pass
I000097,S000243,2025-04-18,1,0,pass
I000098,S000244,2025-04-20,1,0,offer
I000099,S000246,2025-05-01,1,0,offer
I000100,S000247,2025-07-03,1,0,offer
I000101,S000250,2025-07-16,1,0,pass
I000102,S000251,2025-07-18,1,0,pass
I000103,S000254,2025-08-08,1,0,pass
I000104,S000255,2025-08-10,1,0,pass
I000105,S000256,2025-08-23,1,0,pass
I000106,S000261,2026-07-08,1,0,offer
I000107,S000262,2026-07-05,1,0,pass
I000108,S000263,2025-09-01,1,0,pass
I000109,S000266,2025-09-11,1,0,pass
I000110,S000271,2026-05-02,1,0,pass
I000111,S000273,2025-06-18,1,0,pass
I000112,S000274,2025-06-14,1,0,pass
I000113,S000275,2025-06-22,1,0,pass
I000114,S000278,2026-01-14,1,0,offer
I000115,S000279,2026-01-18,1,0,pass
I000116,S000280,2026-01-24,1,0,pass
I000117,S000281,2026-01-21,1,0,pass
I000118,S000282,2026-01-24,1,0,pass
I000119,S000283,2025-08-30,1,0,pass
I000120,S000284,2025-08-27,1,0,pass
I000121,S000285,2025-09-13,1,0,pass
I000122,S000287,2025-09-12,1,0,offer
I000123,S000288,2025-09-28,1,0,pass
I000124,S000291,2025-08-07,1,0,offer
I000125,S000292,2025-08-13,1,0,pass
I000126,S000298,2025-08-22,1,0,pass
I000127,S000300,2025-03-18,1,0,pass
I000128,S000301,2026-02-18,1,0,pass
I000129,S000306,2025-03-11,1,0,pass
I000130,S000308,2025-03-22,1,0,offer
I000131,S000309,2025-03-25,1,0,pass
I000132,S000310,2025-03-31,1,0,offer
I000133,S000311,2025-04-07,1,0,pass
I000134,S000314,2025-04-27,1,0,offer
I000135,S000315,2025-04-23,1,0,pass
I000136,S000318,2025-05-08,1,0,pass
I000137,S000321,2025-05-26,1,0,offer
I000138,S000322,2025-05-30,1,0,pass
I000139,S000323,2025-06-07,1,0,pass
I000140,S000324,2025-06-02,1,0,pass
I000141,S000326,2026-04-04,1,0,offer
I000142,S000330,2025-10-29,0,1,no_show
I000143,S000333,2025-11-23,1,0,pass
I000144,S000334,2025-12-06,1,0,pass
I000145,S000335,2025-12-04,1,0,pass
I000146,S000336,2025-12-08,1,0,pass
I000147,S000337,2026-03-06,1,0,pass
I000148,S000344,2025-06-01,1,0,offer
I000149,S000345,2025-06-02,1,0,pass
I000150,S000348,2025-06-11,1,0,pass
I000151,S000350,2026-03-13,1,0,offer
I000152,S000352,2026-03-26,0,1,no_show
I000153,S000353,2025-06-28,1,0,offer
I000154,S000355,2025-07-03,1,0,offer
I000155,S000358,2025-07-25,1,0,offer
I000156,S000362,2025-05-01,1,0,offer
I000157,S000363,2025-05-09,1,0,pass
I000158,S000364,2025-05-05,1,0,pass
I000159,S000368,2025-12-30,1,0,offer
I000160,S000369,2026-01-06,1,0,pass
I000161,S000371,2026-05-21,1,0,pass
I000162,S000375,2026-05-30,1,0,offer
I000163,S000376,2026-06-06,1,0,pass
I000164,S000382,2026-07-18,1,0,pass
I000165,S000386,2025-12-14,0,1,no_show
I000166,S000387,2025-12-19,1,0,offer
I000167,S000388,2025-12-13,1,0,pass
I000168,S000390,2025-12-23,1,0,pass
I000169,S000391,2025-10-24,1,0,pass
I000170,S000392,2026-07-06,1,0,pass
I000171,S000393,2026-07-11,1,0,offer
I000172,S000395,2026-07-19,1,0,pass
I000173,S000398,2026-07-06,1,0,pass
I000174,S000399,2026-07-06,1,0,pass
I000175,S000403,2026-07-18,1,0,offer
I000176,S000405,2026-04-29,1,0,pass
I000177,S000408,2026-05-12,1,0,pass
I000178,S000410,2026-05-17,1,0,offer
I000179,S000414,2026-03-06,1,0,pass
I000180,S000415,2026-03-10,1,0,pass
I000181,S000417,2026-04-16,1,0,pass
I000182,S000419,2026-04-18,1,0,offer
I000183,S000422,2026-05-04,1,0,pass
I000184,S000425,2026-01-31,1,0,pass
I000185,S000429,2026-01-18,1,0,offer
I000186,S000431,2026-01-23,1,0,offer
I000187,S000432,2026-01-25,1,0,pass
I000188,S000433,2026-01-26,1,0,pass
I000189,S000434,2026-02-01,0,1,no_show
I000190,S000438,2026-01-29,1,0,pass
I000191,S000439,2026-01-31,1,0,pass
I000192,S000444,2025-05-28,1,0,offer
I000193,S000445,2025-06-08,1,0,pass
I000194,S000449,2025-07-16,1,0,offer
I000195,S000450,2025-07-26,1,0,pass
I000196,S000451,2025-07-28,1,0,pass
I000197,S000452,2025-07-31,0,1,no_show
I000198,S000453,2025-08-03,0,1,no_show
I000199,S000458,2026-06-11,0,1,no_show
I000200,S000459,2026-06-07,1,0,pass
I000201,S000465,2026-05-31,1,0,pass
I000202,S000468,2026-06-20,1,0,pass
I000203,S000471,2026-06-30,1,0,offer
I000204,S000472,2026-07-06,1,0,pass
I000205,S000475,2025-10-18,0,1,no_show
I000206,S000477,2025-11-04,1,0,pass
I000207,S000479,2025-11-16,1,0,offer
I000208,S000480,2025-12-10,1,0,pass
I000209,S000481,2025-12-21,1,0,offer
I000210,S000482,2025-12-16,1,0,pass
I000211,S000483,2025-12-15,1,0,pass
I000212,S000486,2025-09-20,0,1,no_show
I000213,S000488,2025-10-09,1,0,pass
I000214,S000489,2025-10-03,1,0,offer
I000215,S000490,2025-07-16,1,0,offer
I000216,S000491,2025-07-14,1,0,pass
I000217,S000493,2025-07-24,1,0,pass
I000218,S000495,2025-08-04,1,0,pass
I000219,S000497,2025-08-01,1,0,pass
I000220,S000498,2025-08-18,1,0,offer
I000221,S000500,2025-08-19,1,0,pass
I000222,S000504,2026-02-25,1,0,pass
I000223,S000508,2026-03-17,1,0,offer
I000224,S000511,2026-03-24,0,1,no_show
I000225,S000513,2025-11-28,1,0,pass
I000226,S000514,2025-12-01,1,0,pass
I000227,S000516,2025-12-11,1,0,offer
I000228,S000518,2025-06-01,1,0,pass
I000229,S000520,2025-06-04,1,0,offer
I000230,S000521,2025-06-12,1,0,pass
I000231,S000522,2025-06-16,1,0,pass
I000232,S000523,2025-06-15,1,0,pass
I000233,S000524,2025-05-17,1,0,offer
I000234,S000525,2025-05-19,1,0,pass
I000235,S000526,2025-05-20,1,0,pass
I000236,S000527,2025-08-18,1,0,offer
I000237,S000529,2025-08-31,1,0,pass
I000238,S000531,2025-09-08,1,0,pass
I000239,S000532,2025-09-21,1,0,pass
I000240,S000533,2025-09-23,1,0,pass
I000241,S000535,2026-06-05,1,0,pass
I000242,S000538,2026-06-20,1,0,offer
I000243,S000540,2026-02-16,1,0,pass
I000244,S000542,2026-02-20,1,0,offer
I000245,S000543,2026-03-02,1,0,pass
I000246,S000544,2026-03-01,1,0,pass
I000247,S000547,2026-03-13,0,1,no_show
I000248,S000548,2025-05-21,1,0,pass
I000249,S000549,2025-05-30,1,0,offer
I000250,S000550,2025-06-06,1,0,pass
I000251,S000551,2025-06-07,1,0,pass
I000252,S000553,2025-06-11,1,0,pass
I000253,S000555,2025-09-03,1,0,pass
I000254,S000557,2025-09-10,1,0,offer
I000255,S000558,2025-09-30,1,0,pass
I000256,S000559,2025-09-30,1,0,pass
I000257,S000562,2026-02-03,1,0,pass
I000258,S000566,2026-02-15,1,0,pass
I000259,S000569,2026-02-28,1,0,pass
I000260,S000570,2026-03-07,1,0,pass
I000261,S000572,2025-11-21,1,0,offer
I000262,S000573,2025-12-03,1,0,pass
I000263,S000575,2025-12-13,1,0,offer
I000264,S000576,2025-12-18,1,0,pass
I000265,S000578,2025-12-26,1,0,pass
I000266,S000579,2025-12-30,1,0,pass
I000267,S000580,2026-01-03,0,1,no_show
I000268,S000581,2025-05-11,1,0,offer
I000269,S000584,2025-05-14,1,0,pass
I000270,S000586,2025-05-23,1,0,pass
I000271,S000587,2025-05-29,1,0,pass
I000272,S000589,2025-05-31,1,0,pass
I000273,S000590,2025-06-01,1,0,pass
I000274,S000591,2026-02-14,1,0,offer
I000275,S000593,2026-02-15,1,0,pass
I000276,S000595,2026-02-24,1,0,pass
I000277,S000597,2026-03-05,1,0,pass
I000278,S000599,2026-03-04,1,0,pass
I000279,S000600,2026-01-05,1,0,offer
I000280,S000601,2026-01-13,1,0,pass
I000281,S000602,2026-01-15,1,0,pass
I000282,S000604,2026-01-28,1,0,pass
I000283,S000607,2026-02-11,1,0,pass
I000284,S000608,2026-02-22,1,0,pass
I000285,S000610,2025-05-07,1,0,offer
I000286,S000613,2026-06-20,1,0,pass
I000287,S000614,2025-10-09,1,0,pass
I000288,S000615,2025-10-11,1,0,offer
I000289,S000616,2025-10-14,1,0,offer
I000290,S000620,2025-10-31,1,0,pass
I000291,S000621,2025-08-02,1,0,offer
I000292,S000625,2025-08-20,1,0,offer
I000293,S000626,2026-02-06,1,0,pass
I000294,S000628,2026-02-08,1,0,offer
I000295,S000632,2025-09-02,1,0,pass
I000296,S000633,2025-09-18,1,0,pass
I000297,S000639,2025-06-14,1,0,pass
I000298,S000640,2025-05-30,1,0,offer
I000299,S000642,2025-05-29,1,0,pass
I000300,S000643,2025-06-05,1,0,pass
I000301,S000644,2025-06-04,1,0,pass
I000302,S000646,2025-06-14,1,0,pass
I000303,S000647,2026-02-09,1,0,offer
I000304,S000648,2026-02-13,1,0,pass
I000305,S000650,2026-02-24,1,0,pass
I000306,S000651,2026-03-05,1,0,pass
I000307,S000653,2026-03-13,1,0,pass
I000308,S000655,2026-03-27,1,0,pass
I000309,S000656,2026-07-04,1,0,offer
I000310,S000657,2026-07-11,1,0,pass
I000311,S000659,2026-07-19,1,0,pass
I000312,S000663,2026-05-03,0,1,no_show
I000313,S000666,2025-12-28,1,0,pass
I000314,S000667,2026-01-03,1,0,pass
I000315,S000670,2026-01-16,1,0,pass
I000316,S000675,2025-06-07,0,1,no_show
I000317,S000676,2025-06-07,1,0,pass
I000318,S000680,2025-06-24,1,0,pass
I000319,S000682,2025-09-01,1,0,offer
I000320,S000683,2025-09-05,1,0,pass
I000321,S000685,2025-09-14,1,0,offer
I000322,S000687,2025-09-16,1,0,offer
I000323,S000688,2025-09-18,1,0,pass
I000324,S000690,2025-11-04,1,0,offer
I000325,S000691,2025-11-09,1,0,pass
I000326,S000697,2026-05-05,1,0,pass
I000327,S000698,2026-05-10,1,0,offer
I000328,S000700,2025-10-13,1,0,pass
I000329,S000702,2025-10-15,1,0,pass
I000330,S000703,2025-10-18,1,0,pass
I000331,S000705,2025-10-25,1,0,pass
I000332,S000707,2025-11-10,1,0,pass
I000333,S000708,2025-11-10,1,0,pass
I000334,S000710,2025-11-14,1,0,offer
I000335,S000711,2025-11-21,1,0,offer
I000336,S000712,2025-11-25,1,0,pass
I000337,S000713,2025-11-28,1,0,pass
I000338,S000714,2025-07-18,0,1,no_show
I000339,S000717,2025-07-27,1,0,pass
I000340,S000719,2025-06-22,1,0,offer
I000341,S000720,2025-06-29,1,0,pass
I000342,S000721,2025-07-03,1,0,offer
I000343,S000723,2025-07-12,1,0,pass
I000344,S000725,2025-07-21,1,0,pass
I000345,S000729,2025-11-23,1,0,pass
I000346,S000731,2025-12-05,1,0,pass
I000347,S000732,2025-06-01,1,0,offer
I000348,S000735,2025-06-17,1,0,pass
I000349,S000737,2025-08-16,1,0,pass
I000350,S000738,2025-08-20,1,0,pass
I000351,S000739,2025-08-19,1,0,pass
I000352,S000741,2025-08-26,1,0,pass
I000353,S000745,2026-04-13,1,0,pass
I000354,S000747,2026-04-22,1,0,pass
I000355,S000749,2026-04-26,1,0,offer
I000356,S000750,2025-08-01,1,0,offer
I000357,S000752,2025-08-08,0,1,no_show
I000358,S000753,2025-08-15,1,0,pass
I000359,S000754,2025-08-18,1,0,pass
I000360,S000755,2025-08-17,0,1,no_show
I000361,S000756,2025-06-30,1,0,offer
I000362,S000757,2025-07-03,1,0,pass
I000363,S000759,2025-07-10,0,1,no_show
I000364,S000761,2025-07-17,1,0,pass
I000365,S000762,2025-07-26,0,1,no_show
I000366,S000763,2025-07-26,1,0,pass
I000367,S000773,2026-01-06,1,0,pass
I000368,S000778,2026-01-18,1,0,pass
I000369,S000779,2026-01-21,1,0,pass
I000370,S000781,2025-06-02,1,0,pass
I000371,S000783,2025-06-18,0,1,no_show
I000372,S000784,2025-06-25,1,0,offer
I000373,S000787,2025-07-06,1,0,pass
I000374,S000790,2026-04-22,1,0,pass
I000375,S000791,2026-04-22,1,0,pass
I000376,S000792,2026-04-25,0,1,no_show
I000377,S000795,2026-05-12,1,0,pass
I000378,S000796,2026-05-09,1,0,pass
I000379,S000797,2026-05-15,0,1,no_show
I000380,S000798,2026-05-17,1,0,offer
I000381,S000801,2026-03-19,1,0,offer
I000382,S000802,2026-03-23,1,0,offer
I000383,S000804,2026-03-28,0,1,no_show
I000384,S000807,2026-04-04,1,0,pass
I000385,S000808,2026-04-08,1,0,pass
I000386,S000811,2026-02-01,1,0,pass
I000387,S000812,2026-02-13,1,0,pass
I000388,S000815,2026-02-27,1,0,pass
I000389,S000816,2026-03-01,1,0,offer
I000390,S000818,2026-03-03,1,0,offer
I000391,S000819,2026-03-07,1,0,pass
I000392,S000820,2026-03-06,1,0,pass
I000393,S000822,2026-03-21,1,0,pass
I000394,S000825,2026-01-27,1,0,offer
I000395,S000826,2026-01-23,1,0,offer
I000396,S000827,2026-01-30,0,1,no_show
I000397,S000829,2026-04-08,1,0,pass
I000398,S000830,2026-04-01,1,0,pass
I000399,S000832,2026-04-07,1,0,pass
I000400,S000835,2026-04-13,1,0,offer
I000401,S000837,2026-04-26,1,0,pass
I000402,S000838,2026-04-25,1,0,pass
I000403,S000840,2026-04-28,0,1,no_show
I000404,S000841,2025-11-17,1,0,offer
I000405,S000844,2025-11-28,1,0,offer
I000406,S000845,2025-11-26,1,0,pass
I000407,S000848,2025-07-11,1,0,offer
I000408,S000852,2026-01-18,1,0,pass
I000409,S000855,2026-01-31,1,0,offer
I000410,S000858,2025-09-25,1,0,pass
I000411,S000859,2025-10-02,1,0,pass
I000412,S000862,2025-10-15,1,0,offer
I000413,S000865,2026-02-20,0,1,no_show
I000414,S000867,2026-03-08,1,0,pass
I000415,S000870,2026-03-27,1,0,offer
I000416,S000873,2025-12-17,0,1,no_show
I000417,S000876,2025-12-28,1,0,pass
I000418,S000877,2025-12-30,1,0,offer
I000419,S000878,2026-01-02,1,0,pass
I000420,S000881,2026-06-14,0,1,no_show
I000421,S000883,2026-06-26,1,0,pass
I000422,S000885,2026-07-06,1,0,offer
I000423,S000886,2026-07-11,1,0,pass
I000424,S000889,2026-06-24,1,0,pass
I000425,S000890,2026-07-04,1,0,pass
I000426,S000891,2026-07-04,1,0,pass
I000427,S000894,2026-04-02,1,0,offer
I000428,S000895,2026-04-16,0,1,no_show
I000429,S000897,2026-04-23,1,0,pass
I000430,S000899,2026-05-02,1,0,pass
I000431,S000902,2026-05-24,1,0,pass
I000432,S000903,2026-05-30,1,0,pass
I000433,S000904,2026-05-27,1,0,pass
I000434,S000908,2025-10-05,1,0,pass
I000435,S000910,2025-10-23,1,0,pass
I000436,S000911,2025-10-30,1,0,pass
I000437,S000913,2025-06-13,1,0,offer
I000438,S000915,2025-06-28,1,0,pass
I000439,S000917,2026-04-25,1,0,offer
I000440,S000918,2026-04-20,1,0,pass
I000441,S000921,2026-04-29,1,0,pass
I000442,S000922,2026-05-15,1,0,pass
I000443,S000923,2026-05-08,1,0,pass
I000444,S000924,2026-05-12,1,0,pass
I000445,S000927,2026-05-08,1,0,pass
I000446,S000928,2026-05-17,1,0,offer
I000447,S000931,2026-05-27,1,0,pass
I000448,S000936,2025-07-30,1,0,offer
I000449,S000937,2025-07-24,1,0,pass
I000450,S000939,2025-08-13,0,1,no_show
I000451,S000940,2025-08-15,1,0,pass
I000452,S000942,2025-09-04,1,0,offer
I000453,S000944,2025-09-13,1,0,pass
I000454,S000949,2026-01-28,1,0,offer
I000455,S000951,2026-02-13,0,1,no_show
I000456,S000952,2026-02-10,1,0,pass
I000457,S000953,2026-02-14,1,0,pass
I000458,S000954,2026-02-20,1,0,pass
I000459,S000956,2026-04-26,1,0,offer
I000460,S000957,2026-04-25,1,0,pass
I000461,S000958,2026-05-09,1,0,pass
I000462,S000959,2026-05-03,1,0,pass
I000463,S000960,2026-05-14,0,1,no_show
I000464,S000964,2026-04-06,1,0,offer
I000465,S000966,2026-04-14,1,0,pass
I000466,S000970,2026-01-06,1,0,pass
I000467,S000973,2026-06-14,1,0,pass
I000468,S000974,2026-06-21,1,0,pass
I000469,S000976,2026-06-21,1,0,pass
I000470,S000982,2025-11-14,1,0,pass
I000471,S000983,2025-11-24,1,0,pass
I000472,S000986,2025-11-28,1,0,offer
I000473,S000987,2025-12-03,1,0,pass
I000474,S000988,2025-12-12,1,0,pass
I000475,S000989,2025-12-07,1,0,pass
I000476,S000991,2026-05-26,1,0,offer
I000477,S000993,2026-06-05,1,0,pass
I000478,S000994,2026-06-12,1,0,offer
I000479,S000995,2026-06-14,1,0,pass
I000480,S000996,2025-07-30,1,0,pass
I000481,S000997,2025-08-07,1,0,pass
I000482,S000998,2025-08-11,1,0,pass
I000483,S001001,2025-07-19,1,0,offer
I000484,S001003,2025-07-18,1,0,pass
I000485,S001004,2025-07-27,1,0,pass
I000486,S001005,2025-07-30,1,0,pass
I000487,S001006,2025-08-05,1,0,pass
I000488,S001008,2025-11-13,1,0,offer
I000489,S001012,2025-11-16,1,0,pass
I000490,S001014,2025-11-21,1,0,pass
I000491,S001017,2025-06-30,1,0,pass
I000492,S001019,2025-07-09,1,0,offer
I000493,S001021,2026-06-06,1,0,pass
I000494,S001022,2026-06-13,1,0,pass
I000495,S001023,2026-06-14,1,0,pass
I000496,S001024,2026-06-12,1,0,offer
I000497,S001027,2026-07-04,1,0,pass
I000498,S001030,2026-06-03,1,0,pass
I000499,S001031,2026-06-11,0,1,no_show
I000500,S001032,2026-06-14,1,0,offer
I000501,S001033,2026-06-19,1,0,pass
I000502,S001035,2026-03-16,1,0,pass
I000503,S001037,2026-03-20,1,0,offer
I000504,S001040,2026-04-06,1,0,pass
I000505,S001042,2026-06-15,1,0,offer
I000506,S001043,2026-06-19,1,0,pass
I000507,S001044,2026-06-26,1,0,pass
I000508,S001045,2026-06-21,1,0,pass
I000509,S001048,2025-08-12,1,0,offer
I000510,S001049,2025-08-29,1,0,pass
I000511,S001050,2025-12-18,1,0,pass
I000512,S001052,2025-12-24,1,0,offer
I000513,S001053,2025-12-31,1,0,pass
I000514,S001054,2026-01-04,1,0,pass
I000515,S001056,2026-02-20,1,0,pass
I000516,S001058,2026-03-06,1,0,pass
I000517,S001059,2026-03-01,1,0,pass
I000518,S001060,2026-03-06,1,0,pass
I000519,S001069,2025-07-30,1,0,pass
I000520,S001070,2026-04-12,1,0,offer
I000521,S001073,2026-04-26,1,0,pass
I000522,S001074,2026-04-18,1,0,pass
I000523,S001075,2026-05-26,1,0,pass
I000524,S001076,2026-06-05,1,0,offer
I000525,S001077,2026-06-04,0,1,no_show
I000526,S001078,2026-06-03,1,0,pass
I000527,S001080,2026-06-13,1,0,pass
I000528,S001082,2026-06-23,1,0,pass
I000529,S001083,2026-06-21,1,0,pass
I000530,S001084,2026-07-08,0,1,no_show
I000531,S001086,2026-05-06,1,0,offer
I000532,S001088,2026-05-07,1,0,pass
I000533,S001089,2026-05-17,1,0,pass
I000534,S001091,2026-05-27,1,0,pass
I000535,S001098,2026-02-10,1,0,pass
I000536,S001103,2026-03-15,1,0,offer
I000537,S001107,2025-10-25,1,0,pass
I000538,S001108,2025-11-01,1,0,offer
I000539,S001109,2025-10-31,1,0,pass
I000540,S001110,2026-01-14,1,0,pass
I000541,S001112,2026-01-22,1,0,pass
I000542,S001113,2026-01-26,1,0,offer
I000543,S001115,2026-02-03,1,0,pass
I000544,S001116,2026-02-12,1,0,pass
I000545,S001117,2026-02-10,1,0,pass
I000546,S001119,2026-03-02,1,0,offer
I000547,S001120,2026-02-24,1,0,pass
I000548,S001122,2026-03-05,1,0,pass
I000549,S001127,2026-05-03,1,0,offer
I000550,S001130,2026-02-21,0,1,no_show
I000551,S001132,2026-03-06,1,0,pass
I000552,S001138,2026-01-30,1,0,pass
I000553,S001139,2026-02-10,1,0,offer
I000554,S001140,2026-02-09,1,0,pass
I000555,S001141,2026-02-16,1,0,pass
I000556,S001142,2026-02-21,1,0,pass
I000557,S001146,2025-09-25,1,0,offer
I000558,S001148,2025-10-04,1,0,pass
I000559,S001150,2025-10-07,0,1,no_show
I000560,S001153,2026-06-26,1,0,pass
I000561,S001158,2025-12-30,1,0,offer
I000562,S001161,2025-12-27,1,0,offer
I000563,S001162,2025-12-28,1,0,pass
I000564,S001164,2026-01-11,1,0,pass
I000565,S001169,2026-07-06,1,0,offer
I000566,S001173,2026-03-04,1,0,offer
I000567,S001174,2026-03-08,1,0,pass
I000568,S001175,2026-03-08,0,1,no_show
I000569,S001177,2026-03-16,1,0,pass
I000570,S001178,2026-03-18,1,0,pass
I000571,S001180,2026-03-09,0,1,no_show
I000572,S001182,2026-03-21,1,0,pass
I000573,S001183,2026-03-28,1,0,offer
I000574,S001187,2026-05-24,1,0,offer
I000575,S001188,2026-06-06,1,0,pass
I000576,S001189,2026-06-06,1,0,pass
I000577,S001190,2026-06-05,1,0,pass
I000578,S001192,2026-03-31,1,0,offer
I000579,S001195,2026-04-08,1,0,pass
I000580,S001196,2026-04-08,1,0,pass
I000581,S001198,2026-04-16,1,0,pass
I000582,S001199,2026-04-17,1,0,pass
I000583,S001201,2025-11-10,1,0,offer
I000584,S001203,2025-11-15,1,0,offer
I000585,S001204,2025-11-12,1,0,pass
I000586,S001205,2025-11-01,0,1,no_show
I000587,S001206,2025-11-05,1,0,pass
I000588,S001207,2026-02-06,1,0,offer
I000589,S001208,2026-02-17,1,0,offer
I000590,S001209,2026-02-15,1,0,pass
I000591,S001210,2026-02-23,1,0,pass
I000592,S001211,2026-02-26,1,0,pass
I000593,S001214,2025-09-26,1,0,offer
I000594,S001215,2025-10-03,1,0,pass
I000595,S001216,2025-10-04,0,1,no_show
I000596,S001218,2025-09-15,1,0,pass
I000597,S001219,2025-09-22,1,0,offer
I000598,S001222,2025-10-07,1,0,pass
I000599,S001225,2025-11-24,1,0,offer
I000600,S001227,2025-12-02,1,0,pass
I000601,S001228,2025-12-07,1,0,pass
I000602,S001231,2026-06-10,0,1,no_show
I000603,S001233,2026-06-21,1,0,offer
I000604,S001234,2026-06-24,1,0,pass
I000605,S001235,2026-06-24,0,1,no_show
I000606,S001236,2026-07-11,1,0,pass
I000607,S001237,2025-09-24,1,0,pass
I000608,S001238,2025-09-22,1,0,pass
I000609,S001239,2025-09-24,1,0,pass
I000610,S001244,2026-05-10,1,0,pass
I000611,S001245,2026-05-23,1,0,pass
I000612,S001246,2026-05-18,1,0,pass
I000613,S001251,2026-06-08,1,0,offer
I000614,S001253,2026-06-10,1,0,pass
I000615,S001254,2026-06-22,1,0,pass
I000616,S001255,2026-06-28,1,0,pass
I000617,S001256,2026-06-24,1,0,pass
I000618,S001259,2025-10-30,1,0,pass
I000619,S001260,2025-11-06,1,0,pass
I000620,S001261,2025-11-10,1,0,offer
I000621,S001262,2025-11-11,0,1,no_show
I000622,S001267,2025-11-26,1,0,pass
I000623,S001270,2025-07-28,1,0,offer
I000624,S001273,2026-07-24,1,0,pass
I000625,S001274,2025-09-14,0,1,no_show
I000626,S001276,2025-09-30,1,0,pass
I000627,S001277,2025-10-08,1,0,offer
I000628,S001278,2025-10-10,1,0,pass
I000629,S001279,2025-10-08,0,1,no_show
I000630,S001280,2025-10-15,1,0,pass
I000631,S001281,2025-10-23,1,0,pass
I000632,S001283,2025-11-07,1,0,pass
I000633,S001285,2025-11-18,0,1,no_show
I000634,S001286,2025-11-19,0,1,no_show
I000635,S001287,2025-07-19,1,0,pass
I000636,S001288,2025-07-24,1,0,pass
I000637,S001289,2025-08-01,0,1,no_show
I000638,S001292,2025-08-09,1,0,pass
I000639,S001296,2025-10-22,1,0,pass
I000640,S001299,2025-11-05,1,0,offer
I000641,S001300,2025-11-07,1,0,pass
I000642,S001301,2025-11-12,1,0,offer
I000643,S001302,2025-11-07,1,0,pass
I000644,S001304,2025-11-17,1,0,pass
I000645,S001312,2025-11-29,1,0,pass
I000646,S001313,2025-12-04,1,0,offer
I000647,S001315,2025-12-10,1,0,pass
I000648,S001316,2025-12-14,1,0,pass
I000649,S001317,2026-07-24,1,0,pass
I000650,S001318,2026-07-25,0,1,no_show
I000651,S001325,2026-03-27,1,0,offer
I000652,S001329,2026-04-08,1,0,pass
I000653,S001331,2026-04-15,1,0,offer
I000654,S001336,2026-04-29,1,0,pass
I000655,S001337,2025-11-05,1,0,pass
I000656,S001340,2025-11-19,1,0,pass
I000657,S001342,2026-02-04,1,0,pass
I000658,S001343,2026-02-07,1,0,offer
I000659,S001345,2026-02-16,1,0,pass
I000660,S001346,2026-02-19,0,1,no_show
I000661,S001347,2026-02-24,1,0,pass
I000662,S001351,2026-07-17,1,0,pass
I000663,S001353,2026-07-23,1,0,pass
I000664,S001355,2026-03-27,1,0,pass
I000665,S001358,2026-04-12,1,0,pass
I000666,S001359,2026-04-10,1,0,offer
I000667,S001364,2026-02-03,1,0,pass
I000668,S001365,2026-02-13,1,0,pass
I000669,S001366,2026-04-24,1,0,pass
I000670,S001367,2026-04-28,1,0,offer
I000671,S001371,2026-05-17,1,0,pass
I000672,S001372,2026-05-20,1,0,pass
I000673,S001375,2026-07-02,1,0,offer
I000674,S001377,2026-07-04,1,0,pass
I000675,S001378,2026-07-14,1,0,pass
I000676,S001382,2026-05-09,1,0,pass
I000677,S001384,2026-05-12,1,0,offer
I000678,S001385,2026-05-22,1,0,pass
I000679,S001389,2025-12-09,1,0,pass
I000680,S001391,2025-12-12,1,0,offer
I000681,S001392,2025-12-11,1,0,pass
I000682,S001393,2025-12-17,1,0,pass
I000683,S001394,2026-07-02,1,0,offer
I000684,S001396,2026-07-07,1,0,pass
I000685,S001397,2026-07-11,1,0,pass
I000686,S001399,2025-10-30,1,0,offer
I000687,S001403,2025-11-18,1,0,pass
I000688,S001405,2025-11-25,1,0,pass
I000689,S001406,2025-11-25,1,0,pass
I000690,S001408,2026-03-07,1,0,pass
I000691,S001412,2025-10-08,1,0,offer
I000692,S001415,2025-10-09,1,0,pass
I000693,S001418,2026-07-24,1,0,offer
I000694,S001422,2026-04-15,1,0,pass
I000695,S001424,2026-05-01,1,0,pass
I000696,S001426,2025-11-04,1,0,pass
I000697,S001427,2025-11-11,1,0,offer
I000698,S001428,2025-11-20,1,0,pass
I000699,S001429,2025-11-25,1,0,offer
I000700,S001430,2025-12-25,1,0,pass
I000701,S001431,2025-12-24,1,0,offer
I000702,S001432,2025-12-30,1,0,pass
I000703,S001434,2026-01-17,1,0,offer
I000704,S001436,2026-01-16,1,0,pass
I000705,S001438,2026-04-20,1,0,pass
I000706,S001439,2026-04-21,1,0,pass
I000707,S001441,2026-04-25,1,0,pass
I000708,S001442,2026-02-04,1,0,pass
I000709,S001443,2026-02-08,1,0,pass
I000710,S001445,2026-02-17,0,1,no_show
I000711,S001455,2026-04-04,1,0,offer
I000712,S001461,2026-03-18,1,0,pass
I000713,S001462,2026-03-28,1,0,offer
I000714,S001463,2026-04-04,1,0,pass
I000715,S001466,2025-09-25,1,0,offer
I000716,S001467,2025-09-25,1,0,pass
I000717,S001469,2025-10-09,1,0,pass
I000718,S001471,2025-10-16,1,0,pass
I000719,S001474,2025-11-04,1,0,pass
I000720,S001475,2025-11-13,1,0,offer
I000721,S001477,2025-11-23,1,0,pass
I000722,S001480,2025-12-12,1,0,pass
I000723,S001483,2025-09-07,1,0,pass
I000724,S001487,2025-09-28,1,0,offer
I000725,S001489,2025-10-02,1,0,pass
I000726,S001490,2025-10-12,1,0,pass
I000727,S001494,2025-11-24,1,0,offer
I000728,S001495,2025-11-28,1,0,pass
I000729,S001502,2026-07-09,1,0,offer
I000730,S001504,2026-03-06,1,0,pass
I000731,S001508,2026-03-09,1,0,offer
I000732,S001510,2026-03-18,1,0,pass
I000733,S001512,2025-11-10,1,0,offer
I000734,S001519,2026-06-27,1,0,pass
I000735,S001524,2026-07-04,1,0,pass
I000736,S001525,2026-07-07,1,0,pass
I000737,S001526,2026-07-18,1,0,pass
I000738,S001527,2026-07-12,1,0,offer
I000739,S001528,2026-01-25,1,0,pass
I000740,S001529,2026-01-29,1,0,pass
I000741,S001534,2026-02-13,1,0,pass
I000742,S001535,2026-02-12,1,0,pass
I000743,S001536,2026-02-12,1,0,pass
I000744,S001538,2026-06-20,1,0,offer
I000745,S001540,2026-06-24,1,0,pass
I000746,S001541,2025-09-17,1,0,offer
I000747,S001544,2025-09-24,1,0,pass
I000748,S001550,2026-06-21,1,0,offer
I000749,S001551,2026-06-25,1,0,pass
I000750,S001553,2026-07-05,1,0,offer
I000751,S001555,2026-02-24,1,0,pass
I000752,S001556,2026-02-27,1,0,pass
I000753,S001558,2026-03-05,1,0,pass
I000754,S001559,2026-03-05,1,0,pass
I000755,S001560,2025-12-01,1,0,offer
I000756,S001563,2025-12-12,1,0,pass
I000757,S001568,2025-12-28,1,0,pass
I000758,S001572,2025-10-06,1,0,pass
I000759,S001573,2025-10-18,1,0,offer
I000760,S001577,2026-03-25,1,0,offer
I000761,S001579,2026-03-24,1,0,pass
I000762,S001581,2026-04-06,1,0,pass
I000763,S001582,2026-04-10,1,0,pass
I000764,S001583,2026-04-20,1,0,pass
I000765,S001584,2025-12-13,1,0,offer
I000766,S001589,2026-06-06,1,0,pass
I000767,S001591,2026-06-19,1,0,offer
I000768,S001592,2026-06-17,1,0,pass
I000769,S001597,2026-05-25,1,0,pass
I000770,S001600,2025-08-29,1,0,pass
I000771,S001603,2026-01-31,0,1,no_show
I000772,S001605,2026-02-11,1,0,pass
I000773,S001607,2026-02-15,1,0,pass
I000774,S001608,2026-04-12,1,0,pass
I000775,S001611,2026-04-19,1,0,pass
I000776,S001613,2026-04-05,1,0,pass
I000777,S001614,2025-09-08,1,0,offer
I000778,S001615,2025-09-07,1,0,pass
I000779,S001623,2026-01-29,1,0,offer
I000780,S001625,2026-07-03,1,0,offer
I000781,S001626,2026-07-06,1,0,pass
I000782,S001627,2026-07-13,1,0,pass
I000783,S001628,2026-03-12,1,0,pass
I000784,S001629,2026-03-16,1,0,pass
I000785,S001631,2026-03-30,1,0,offer
I000786,S001633,2026-07-03,1,0,pass
I000787,S001634,2026-07-01,1,0,pass
I000788,S001635,2026-07-06,0,1,no_show
I000789,S001640,2026-04-30,1,0,pass
I000790,S001641,2026-04-28,1,0,pass
I000791,S001644,2026-04-24,1,0,pass
I000792,S001647,2026-06-25,1,0,pass
I000793,S001650,2026-07-04,1,0,pass
I000794,S001651,2026-07-06,1,0,pass
I000795,S001653,2026-02-17,1,0,offer
I000796,S001654,2026-02-20,1,0,pass
I000797,S001656,2026-02-22,1,0,pass
I000798,S001660,2026-03-12,1,0,pass
I000799,S001662,2025-12-04,1,0,offer
I000800,S001666,2025-12-10,1,0,pass
I000801,S001668,2026-01-25,0,1,no_show
I000802,S001669,2026-01-26,1,0,offer
I000803,S001674,2026-02-07,1,0,pass
I000804,S001677,2026-02-06,0,1,no_show
I000805,S001679,2026-02-27,1,0,offer
I000806,S001681,2026-03-07,1,0,pass
I000807,S001686,2026-03-26,1,0,pass
I000808,S001692,2026-06-17,1,0,offer
I000809,S001693,2026-06-26,1,0,pass
I000810,S001694,2026-06-26,1,0,pass
I000811,S001696,2026-07-04,0,1,no_show
I000812,S001700,2026-01-01,1,0,pass
I000813,S001702,2026-01-08,1,0,offer
I000814,S001704,2025-12-03,1,0,pass
I000815,S001706,2025-12-09,1,0,pass
I000816,S001707,2025-12-16,1,0,pass
I000817,S001711,2025-09-21,1,0,pass
I000818,S001713,2025-10-02,0,1,no_show
I000819,S001716,2025-12-20,1,0,pass
I000820,S001717,2025-12-15,1,0,offer
I000821,S001718,2025-12-24,1,0,pass
I000822,S001719,2025-12-26,1,0,pass
I000823,S001720,2025-12-31,1,0,pass
I000824,S001721,2025-12-30,1,0,pass
I000825,S001724,2026-01-10,1,0,pass
I000826,S001725,2026-01-12,0,1,no_show
I000827,S001726,2026-06-26,1,0,offer
I000828,S001727,2026-07-02,1,0,pass
I000829,S001728,2026-07-07,1,0,pass
I000830,S001730,2025-11-02,1,0,offer
I000831,S001732,2025-11-20,1,0,pass
I000832,S001733,2025-11-23,1,0,pass
I000833,S001736,2025-12-13,1,0,pass
I000834,S001742,2026-07-13,0,1,no_show
I000835,S001743,2026-07-17,1,0,offer
I000836,S001745,2026-07-26,1,0,pass
I000837,S001749,2026-05-16,1,0,offer
I000838,S001750,2026-05-15,0,1,no_show
I000839,S001753,2026-03-11,1,0,pass
I000840,S001755,2026-03-12,0,1,no_show
I000841,S001756,2026-03-22,1,0,offer
I000842,S001758,2026-03-25,0,1,no_show
I000843,S001760,2026-04-03,1,0,pass
I000844,S001761,2026-04-01,1,0,pass
I000845,S001765,2026-01-20,1,0,pass
I000846,S001768,2026-02-15,1,0,pass
I000847,S001771,2026-02-17,1,0,offer
I000848,S001772,2026-02-28,0,1,no_show
I000849,S001773,2026-02-28,1,0,pass
I000850,S001776,2026-01-25,1,0,pass
I000851,S001778,2026-02-08,1,0,offer
I000852,S001783,2026-01-26,1,0,pass
I000853,S001784,2026-01-29,1,0,offer
I000854,S001789,2026-07-11,1,0,pass
I000855,S001790,2026-04-14,0,1,no_show
I000856,S001791,2026-04-15,1,0,pass
I000857,S001793,2026-01-22,1,0,pass
I000858,S001796,2026-02-07,1,0,offer
I000859,S001801,2026-03-10,1,0,offer
I000860,S001802,2026-03-09,1,0,pass
I000861,S001803,2026-03-12,1,0,pass
I000862,S001804,2026-03-15,1,0,pass
I000863,S001808,2026-06-21,1,0,pass
I000864,S001810,2026-07-04,1,0,pass
I000865,S001811,2026-07-06,1,0,offer
I000866,S001812,2026-07-08,1,0,pass
I000867,S001813,2025-10-20,1,0,pass
I000868,S001814,2025-10-17,0,1,no_show
I000869,S001816,2025-10-27,1,0,pass
I000870,S001817,2025-11-03,1,0,pass
I000871,S001819,2025-11-10,1,0,pass
I000872,S001820,2025-11-13,1,0,offer
I000873,S001822,2025-10-02,1,0,pass
I000874,S001823,2026-05-26,1,0,pass
I000875,S001826,2026-06-04,1,0,offer
I000876,S001827,2026-06-11,1,0,pass
I000877,S001828,2026-06-23,0,1,no_show
I000878,S001830,2026-06-21,0,1,no_show
I000879,S001832,2026-07-06,0,1,no_show
I000880,S001833,2026-07-07,1,0,pass
I000881,S001834,2026-07-15,1,0,pass
I000882,S001838,2025-11-15,1,0,pass
I000883,S001839,2026-04-17,1,0,pass
I000884,S001843,2026-06-23,1,0,pass
I000885,S001844,2026-06-30,1,0,offer
I000886,S001845,2026-07-03,1,0,pass
I000887,S001846,2026-07-04,0,1,no_show
I000888,S001851,2026-02-13,1,0,offer
I000889,S001852,2026-02-14,1,0,pass
I000890,S001854,2026-02-22,1,0,pass
I000891,S001855,2026-03-03,1,0,pass
I000892,S001860,2026-01-14,1,0,offer
I000893,S001864,2026-01-20,1,0,pass
I000894,S001865,2025-12-17,1,0,pass
I000895,S001867,2025-12-21,1,0,pass
I000896,S001868,2025-12-31,1,0,offer
I000897,S001873,2026-04-29,1,0,pass
I000898,S001874,2026-05-07,1,0,pass
I000899,S001875,2026-07-06,1,0,pass
I000900,S001877,2026-07-20,1,0,pass
I000901,S001882,2026-04-02,1,0,pass
I000902,S001886,2026-04-09,1,0,pass
I000903,S001887,2026-04-13,1,0,pass
I000904,S001889,2026-01-29,1,0,pass
I000905,S001891,2026-01-25,1,0,offer
I000906,S001892,2026-01-29,1,0,pass
I000907,S001897,2026-05-17,1,0,pass
I000908,S001898,2026-05-22,1,0,pass
I000909,S001901,2026-06-01,1,0,pass
I000910,S001910,2026-01-17,1,0,offer
I000911,S001912,2026-01-25,1,0,pass
I000912,S001914,2025-10-29,1,0,offer
I000913,S001915,2025-11-03,1,0,pass
I000914,S001916,2025-11-11,1,0,pass
I000915,S001919,2025-11-18,1,0,pass
I000916,S001921,2026-01-16,1,0,pass
I000917,S001923,2026-01-19,1,0,offer
I000918,S001924,2026-01-28,1,0,offer
I000919,S001928,2025-12-12,1,0,pass
I000920,S001929,2025-12-26,1,0,offer
I000921,S001930,2025-12-26,1,0,pass
I000922,S001932,2026-05-02,1,0,pass
I000923,S001933,2026-04-29,1,0,offer
I000924,S001937,2026-07-03,1,0,pass
I000925,S001939,2026-07-06,1,0,offer
I000926,S001940,2026-07-11,1,0,pass
I000927,S001941,2026-07-13,1,0,pass
I000928,S001950,2026-04-29,1,0,pass
I000929,S001951,2026-04-30,1,0,pass
I000930,S001952,2026-05-03,1,0,pass
I000931,S001953,2026-02-11,1,0,pass
I000932,S001955,2026-02-14,1,0,offer
I000933,S001957,2026-02-23,1,0,pass
I000934,S001959,2026-03-07,1,0,pass
I000935,S001962,2026-01-14,1,0,pass
I000936,S001964,2026-01-15,1,0,pass
I000937,S001965,2026-01-22,1,0,offer
I000938,S001966,2026-01-28,1,0,pass
I000939,S001967,2026-01-14,1,0,offer
I000940,S001968,2026-01-17,1,0,pass
I000941,S001969,2026-05-08,1,0,offer
I000942,S001973,2026-06-10,1,0,offer
I000943,S001977,2026-06-23,1,0,pass
I000944,S001979,2026-01-17,1,0,pass
I000945,S001980,2026-01-14,1,0,pass
I000946,S001982,2026-01-18,1,0,pass
I000947,S001985,2025-11-09,1,0,pass
I000948,S001986,2025-11-11,1,0,pass
I000949,S001987,2026-06-17,1,0,offer
I000950,S001992,2026-07-05,1,0,pass
I000951,S001994,2026-07-17,1,0,pass
I000952,S001997,2026-02-01,1,0,offer
I000953,S001999,2026-02-02,1,0,pass
I000954,S002000,2026-02-06,1,0,pass
I000955,S002003,2025-12-13,1,0,offer
I000956,S002004,2025-12-12,1,0,pass
I000957,S002007,2025-12-23,1,0,pass
I000958,S002008,2025-12-15,0,1,no_show
I000959,S002011,2025-12-30,1,0,offer
I000960,S002012,2025-12-30,1,0,pass
I000961,S002013,2026-01-06,1,0,pass
I000962,S002014,2026-01-10,1,0,pass
I000963,S002015,2025-11-06,1,0,pass
I000964,S002017,2025-11-09,1,0,pass
I000965,S002019,2025-11-16,1,0,pass
I000966,S002020,2025-11-19,1,0,pass
I000967,S002023,2026-03-27,1,0,pass
I000968,S002025,2026-04-11,1,0,offer
I000969,S002026,2026-03-11,0,1,no_show
I000970,S002027,2026-03-14,1,0,offer
I000971,S002028,2025-10-28,1,0,offer
I000972,S002030,2025-11-10,0,1,no_show
I000973,S002031,2025-11-01,1,0,pass
I000974,S002033,2025-11-12,1,0,pass
I000975,S002034,2025-11-23,1,0,pass
I000976,S002035,2025-11-18,1,0,offer
I000977,S002037,2025-11-24,1,0,pass
I000978,S002038,2025-12-05,1,0,pass
I000979,S002039,2025-12-06,1,0,pass
I000980,S002043,2026-07-22,1,0,pass
I000981,S002044,2026-07-25,1,0,offer
I000982,S002050,2026-04-21,1,0,pass
I000983,S002057,2026-04-10,1,0,offer
I000984,S002062,2026-03-29,1,0,pass
I000985,S002065,2026-04-13,1,0,pass
I000986,S002068,2025-12-29,1,0,offer
I000987,S002069,2025-12-29,1,0,pass
I000988,S002070,2025-12-27,1,0,pass
I000989,S002073,2026-01-20,1,0,pass
I000990,S002074,2026-01-21,1,0,pass
I000991,S002075,2026-01-17,1,0,pass
I000992,S002082,2025-12-26,1,0,offer
I000993,S002084,2025-12-30,1,0,pass
I000994,S002091,2026-06-05,1,0,pass
I000995,S002096,2026-04-30,1,0,pass
I000996,S002100,2026-01-16,1,0,offer
I000997,S002103,2026-06-13,1,0,offer
I000998,S002104,2026-06-14,1,0,pass
I000999,S002106,2026-06-22,1,0,pass
I001000,S002107,2026-07-03,1,0,pass
I001001,S002109,2025-12-31,1,0,pass
I001002,S002110,2025-12-25,0,1,no_show
I001003,S002112,2026-03-20,1,0,pass
I001004,S002113,2026-03-17,1,0,offer
I001005,S002114,2026-03-31,1,0,pass
I001006,S002115,2026-03-24,0,1,no_show
I001007,S002117,2026-03-24,1,0,pass
I001008,S002118,2026-03-27,1,0,offer
I001009,S002119,2026-04-02,1,0,pass
I001010,S002121,2026-02-04,1,0,pass
I001011,S002122,2026-02-11,1,0,offer
I001012,S002123,2026-02-14,1,0,pass
I001013,S002127,2026-05-04,1,0,pass
I001014,S002128,2026-05-13,1,0,pass
I001015,S002134,2026-04-26,1,0,pass
I001016,S002136,2026-05-07,1,0,pass
I001017,S002138,2026-05-19,1,0,pass
I001018,S002140,2026-05-26,1,0,pass
I001019,S002142,2026-02-19,1,0,offer
I001020,S002144,2026-02-20,1,0,pass
I001021,S002146,2026-02-28,1,0,pass
I001022,S002147,2026-03-01,1,0,pass
I001023,S002149,2026-03-11,1,0,pass
I001024,S002151,2026-03-21,1,0,pass
I001025,S002152,2026-05-03,1,0,offer
I001026,S002153,2026-05-03,1,0,pass
I001027,S002154,2026-05-02,1,0,pass
I001028,S002156,2025-12-29,1,0,pass
I001029,S002158,2026-01-08,1,0,offer
I001030,S002162,2026-01-18,1,0,pass
I001031,S002164,2026-01-19,1,0,pass
I001032,S002168,2026-01-14,1,0,pass
I001033,S002170,2026-01-22,1,0,pass
I001034,S002173,2026-03-21,1,0,pass
I001035,S002174,2026-03-26,1,0,pass
I001036,S002176,2026-04-04,1,0,offer
I001037,S002177,2026-04-01,1,0,pass
I001038,S002179,2026-01-13,1,0,offer
I001039,S002180,2026-01-13,1,0,pass
I001040,S002182,2026-01-17,0,1,no_show
I001041,S002184,2026-01-28,0,1,no_show
I001042,S002187,2026-06-24,1,0,offer
I001043,S002188,2026-07-01,1,0,pass
I001044,S002189,2026-07-01,1,0,pass
I001045,S002190,2026-07-06,1,0,pass
I001046,S002192,2026-06-23,1,0,offer
I001047,S002197,2026-01-30,1,0,offer
I001048,S002200,2026-02-06,1,0,pass
I001049,S002202,2026-02-19,1,0,pass
I001050,S002203,2026-02-20,1,0,pass
I001051,S002206,2026-03-07,1,0,pass
I001052,S002207,2026-03-15,1,0,pass
I001053,S002208,2026-01-20,1,0,offer
I001054,S002211,2026-02-03,1,0,pass
I001055,S002212,2026-02-03,1,0,pass
I001056,S002213,2026-02-09,1,0,pass
I001057,S002214,2026-02-09,1,0,pass
I001058,S002216,2026-06-08,1,0,pass
I001059,S002218,2026-06-15,1,0,pass
I001060,S002219,2026-06-11,1,0,pass
I001061,S002222,2026-06-23,1,0,pass
I001062,S002224,2026-07-03,1,0,offer
I001063,S002226,2026-01-29,1,0,offer
I001064,S002228,2026-02-05,1,0,pass
I001065,S002230,2026-02-03,1,0,pass
I001066,S002232,2026-03-24,1,0,pass
I001067,S002234,2026-04-01,1,0,pass
I001068,S002237,2026-01-04,1,0,offer
I001069,S002238,2026-01-09,1,0,pass
I001070,S002242,2026-02-04,1,0,pass
I001071,S002246,2026-07-22,1,0,offer
I001072,S002249,2026-03-09,1,0,pass
I001073,S002250,2026-03-11,1,0,pass
I001074,S002254,2026-04-11,1,0,offer
I001075,S002255,2026-04-14,1,0,pass
I001076,S002256,2026-03-02,1,0,pass
I001077,S002257,2026-03-08,1,0,offer
I001078,S002259,2026-05-04,1,0,pass
I001079,S002260,2026-05-05,1,0,pass
I001080,S002261,2026-05-12,1,0,pass
I001081,S002265,2026-03-04,1,0,offer
I001082,S002269,2026-03-29,0,1,no_show
I001083,S002271,2026-04-14,1,0,pass
I001084,S002274,2026-04-04,1,0,offer
I001085,S002276,2026-04-08,1,0,pass
I001086,S002282,2026-04-13,1,0,pass
I001087,S002283,2026-02-20,1,0,pass
I001088,S002284,2026-02-26,1,0,offer
I001089,S002286,2026-03-07,1,0,pass
I001090,S002287,2026-01-31,1,0,pass
I001091,S002288,2026-02-06,1,0,offer
I001092,S002293,2026-05-29,1,0,offer
I001093,S002294,2026-06-07,1,0,pass
I001094,S002297,2026-06-20,1,0,pass
I001095,S002300,2026-03-23,1,0,offer
I001096,S002302,2026-03-25,1,0,offer
I001097,S002304,2026-03-28,1,0,pass
I001098,S002307,2026-06-27,1,0,offer
I001099,S002308,2026-07-04,1,0,pass
I001100,S002309,2026-07-08,0,1,no_show
I001101,S002315,2026-06-14,1,0,offer
I001102,S002316,2026-04-13,1,0,offer
I001103,S002317,2026-04-12,1,0,pass
I001104,S002319,2026-04-19,1,0,pass
I001105,S002320,2026-04-27,1,0,pass
I001106,S002321,2026-06-20,1,0,pass
I001107,S002323,2026-06-25,1,0,pass
I001108,S002324,2026-06-30,1,0,pass
I001109,S002325,2026-07-09,1,0,pass
I001110,S002328,2026-05-13,1,0,offer
I001111,S002330,2026-05-21,1,0,pass
I001112,S002331,2026-05-26,1,0,pass
I001113,S002332,2026-05-25,1,0,pass
I001114,S002334,2026-06-04,1,0,offer
I001115,S002335,2026-06-12,1,0,pass
I001116,S002337,2026-06-20,1,0,pass
I001117,S002338,2026-06-19,1,0,pass
I001118,S002346,2026-04-07,1,0,offer
I001119,S002347,2026-04-12,1,0,pass
I001120,S002348,2026-04-07,1,0,pass
I001121,S002349,2026-04-16,1,0,pass
I001122,S002350,2026-04-18,1,0,pass
I001123,S002351,2026-04-25,1,0,pass
I001124,S002352,2026-04-30,1,0,pass
I001125,S002353,2026-04-23,1,0,pass
I001126,S002355,2026-05-01,1,0,pass
I001127,S002360,2026-03-18,1,0,pass
I001128,S002361,2026-03-24,0,1,no_show
I001129,S002363,2026-02-19,1,0,pass
I001130,S002364,2026-02-23,1,0,pass
I001131,S002365,2026-02-25,1,0,pass
I001132,S002367,2026-03-03,1,0,offer
I001133,S002368,2026-02-10,1,0,pass
I001134,S002369,2026-02-17,1,0,offer
I001135,S002370,2026-02-19,1,0,pass
I001136,S002371,2026-02-26,1,0,pass
I001137,S002373,2026-06-08,1,0,offer
I001138,S002374,2026-06-14,1,0,pass
I001139,S002377,2026-01-14,1,0,offer
I001140,S002378,2026-01-14,1,0,pass
I001141,S002379,2026-01-28,1,0,pass
I001142,S002380,2026-01-20,1,0,pass
I001143,S002381,2026-01-24,1,0,pass
I001144,S002390,2026-04-22,1,0,offer
I001145,S002393,2026-05-04,1,0,pass
I001146,S002395,2026-05-09,1,0,pass
I001147,S002398,2026-07-25,1,0,offer
I001148,S002399,2026-02-12,1,0,pass
I001149,S002403,2026-02-08,1,0,pass
I001150,S002404,2026-02-07,1,0,pass
I001151,S002405,2026-02-15,1,0,pass
I001152,S002409,2026-03-05,1,0,pass
I001153,S002410,2026-03-11,1,0,pass
I001154,S002411,2026-03-10,1,0,offer
I001155,S002413,2026-04-16,1,0,pass
I001156,S002414,2026-04-24,1,0,offer
I001157,S002416,2026-04-24,1,0,pass
I001158,S002417,2026-05-05,1,0,pass
I001159,S002418,2026-05-01,1,0,pass
I001160,S002419,2026-05-13,1,0,pass
I001161,S002421,2026-05-08,1,0,pass
I001162,S002423,2026-06-14,1,0,offer
I001163,S002425,2026-06-15,1,0,pass
I001164,S002426,2026-06-19,1,0,pass
I001165,S002428,2026-06-30,1,0,offer
I001166,S002429,2026-06-23,1,0,pass
I001167,S002433,2026-07-17,1,0,pass
I001168,S002435,2026-07-16,1,0,pass
I001169,S002436,2026-02-15,1,0,pass
I001170,S002437,2026-02-16,1,0,offer
I001171,S002442,2026-05-27,1,0,offer
I001172,S002443,2026-06-08,1,0,pass
I001173,S002446,2026-06-08,1,0,pass
I001174,S002447,2026-06-19,1,0,pass
I001175,S002450,2026-01-27,1,0,pass
I001176,S002451,2026-02-03,0,1,no_show
I001177,S002454,2026-02-11,1,0,offer
I001178,S002455,2026-02-19,1,0,pass
I001179,S002461,2026-03-26,1,0,pass
I001180,S002463,2026-03-26,1,0,pass
I001181,S002464,2026-04-02,0,1,no_show
I001182,S002465,2026-04-04,1,0,pass
I001183,S002467,2026-04-10,1,0,offer
I001184,S002470,2026-04-25,1,0,offer
I001185,S002477,2026-02-23,1,0,pass
I001186,S002482,2026-05-16,1,0,pass
I001187,S002483,2026-05-17,0,1,no_show
I001188,S002485,2026-05-23,1,0,pass
I001189,S002487,2026-07-06,1,0,offer
I001190,S002489,2026-07-14,1,0,pass
I001191,S002490,2026-02-21,1,0,pass
I001192,S002495,2026-03-06,1,0,pass
I001193,S002497,2026-04-02,1,0,pass
I001194,S002502,2026-05-07,1,0,pass
I001195,S002504,2026-03-18,1,0,offer
I001196,S002505,2026-03-24,1,0,pass
I001197,S002508,2026-07-13,1,0,offer
I001198,S002511,2026-03-21,1,0,pass
I001199,S002512,2026-03-18,1,0,pass
I001200,S002514,2026-03-26,1,0,pass
I001201,S002515,2026-04-06,1,0,pass
I001202,S002516,2026-02-10,1,0,pass
I001203,S002519,2026-07-11,1,0,pass
I001204,S002520,2026-07-16,1,0,offer
I001205,S002521,2026-07-24,1,0,pass
I001206,S002524,2026-04-15,1,0,offer
I001207,S002527,2026-04-26,1,0,pass
I001208,S002528,2026-06-12,1,0,offer
I001209,S002530,2026-06-25,1,0,pass
I001210,S002531,2026-06-27,1,0,pass
I001211,S002533,2026-06-26,1,0,pass
I001212,S002534,2026-06-29,1,0,pass
I001213,S002535,2026-06-30,1,0,pass
I001214,S002536,2026-03-30,1,0,pass
I001215,S002539,2026-04-14,1,0,pass
I001216,S002540,2026-04-17,1,0,offer
I001217,S002541,2026-04-19,1,0,pass
I001218,S002542,2026-07-09,1,0,pass
I001219,S002543,2026-07-08,1,0,pass
I001220,S002546,2026-07-16,0,1,no_show
I001221,S002547,2026-07-22,1,0,pass
I001222,S002555,2026-06-23,1,0,pass
I001223,S002557,2026-07-05,1,0,pass
I001224,S002559,2026-03-12,1,0,offer
I001225,S002560,2026-03-22,1,0,pass
I001226,S002561,2026-03-21,1,0,pass
I001227,S002569,2026-05-28,1,0,offer
I001228,S002572,2026-05-17,1,0,offer
I001229,S002573,2026-05-17,1,0,pass
I001230,S002576,2026-05-28,1,0,pass
I001231,S002577,2026-06-05,1,0,pass
I001232,S002579,2026-03-31,1,0,pass
I001233,S002581,2026-04-12,1,0,pass
I001234,S002583,2026-04-23,1,0,pass
I001235,S002584,2026-04-23,1,0,offer
I001236,S002585,2026-04-16,1,0,offer
I001237,S002586,2026-04-12,1,0,pass
I001238,S002588,2026-04-26,1,0,offer
I001239,S002592,2026-05-08,1,0,offer
I001240,S002594,2026-04-17,1,0,pass
I001241,S002599,2026-07-02,1,0,offer
I001242,S002603,2026-07-24,1,0,pass
I001243,S002608,2026-07-23,1,0,pass
I001244,S002612,2026-05-10,1,0,offer
I001245,S002614,2026-05-10,1,0,pass
I001246,S002616,2026-05-17,1,0,pass
I001247,S002619,2026-05-03,1,0,offer
I001248,S002620,2026-07-07,1,0,pass
I001249,S002621,2026-07-09,1,0,offer
I001250,S002625,2026-07-21,1,0,pass
I001251,S002630,2026-06-23,1,0,pass
I001252,S002633,2026-07-07,1,0,offer
I001253,S002634,2026-07-06,1,0,pass
I001254,S002640,2026-05-18,1,0,pass
I001255,S002641,2026-05-28,1,0,pass
I001256,S002644,2026-06-12,1,0,offer
I001257,S002646,2026-07-01,1,0,offer
I001258,S002647,2026-03-31,1,0,pass
I001259,S002652,2026-04-19,1,0,pass
I001260,S002656,2026-06-27,1,0,pass
I001261,S002657,2026-07-04,1,0,pass
I001262,S002658,2026-07-06,1,0,pass
I001263,S002659,2026-07-09,1,0,pass
I001264,S002660,2026-06-29,1,0,offer
I001265,S002663,2026-07-22,1,0,pass
I001266,S002664,2026-05-28,1,0,pass
I001267,S002666,2026-06-01,1,0,offer
I001268,S002669,2026-06-15,1,0,offer
I001269,S002670,2026-06-11,1,0,pass
I001270,S002672,2026-05-01,1,0,offer
I001271,S002674,2026-05-16,1,0,offer
I001272,S002679,2026-06-19,1,0,pass
I001273,S002680,2026-06-26,1,0,offer
I001274,S002681,2026-06-29,1,0,pass
I001275,S002684,2026-07-16,1,0,pass
I001276,S002686,2026-07-23,1,0,offer
I001277,S002690,2026-06-17,1,0,offer
I001278,S002695,2026-05-04,1,0,pass
I001279,S002696,2026-05-07,1,0,pass
I001280,S002698,2026-05-17,1,0,pass
I001281,S002699,2026-05-20,1,0,offer
I001282,S002701,2026-05-31,1,0,offer
I001283,S002703,2026-06-03,0,1,no_show
I001284,S002705,2026-06-13,1,0,offer
I001285,S002708,2026-05-08,1,0,offer
I001286,S002711,2026-05-17,1,0,pass
I001287,S002712,2026-05-25,1,0,pass
I001288,S002713,2026-05-28,1,0,pass
I001289,S002715,2026-05-19,0,1,no_show
I001290,S002716,2026-05-25,1,0,offer
I001291,S002718,2026-06-01,1,0,pass
I001292,S002719,2026-06-05,1,0,pass
I001293,S002722,2026-06-17,1,0,pass
I001294,S002724,2026-06-22,1,0,pass
I001295,S002727,2026-05-08,1,0,offer
I001296,S002728,2026-05-15,1,0,pass
I001297,S002730,2026-05-26,1,0,pass
I001298,S002731,2026-06-01,0,1,no_show
I001299,S002732,2026-06-08,1,0,pass
I001300,S002734,2026-06-12,0,1,no_show
I001301,S002736,2026-06-17,1,0,pass
I001302,S002738,2026-06-23,1,0,pass
I001303,S002740,2026-07-10,1,0,pass
I001304,S002741,2026-07-21,1,0,offer
I001305,S002745,2026-05-13,1,0,offer
I001306,S002746,2026-05-14,1,0,pass
I001307,S002747,2026-05-19,1,0,pass
I001308,S002752,2026-06-23,1,0,pass
I001309,S002753,2026-06-24,1,0,pass
I001310,S002754,2026-07-02,1,0,pass
I001311,S002755,2026-06-04,1,0,pass
I001312,S002758,2026-06-30,1,0,pass
I001313,S002760,2026-04-19,1,0,offer
I001314,S002762,2026-05-23,1,0,offer
I001315,S002766,2026-05-23,1,0,offer
I001316,S002767,2026-05-21,1,0,pass
I001317,S002768,2026-05-26,1,0,pass
I001318,S002770,2026-06-05,1,0,offer
I001319,S002773,2026-06-12,1,0,pass
I001320,S002774,2026-07-10,1,0,pass
I001321,S002776,2026-07-19,1,0,pass
I001322,S002780,2026-04-06,1,0,offer
I001323,S002781,2026-04-02,1,0,pass
I001324,S002783,2026-04-10,1,0,pass
I001325,S002784,2026-04-12,0,1,no_show
I001326,S002792,2026-07-13,1,0,offer
I001327,S002793,2026-07-18,1,0,pass
I001328,S002797,2026-04-09,1,0,pass
I001329,S002798,2026-04-10,1,0,pass
I001330,S002799,2026-04-11,1,0,pass
I001331,S002800,2026-04-14,1,0,offer
I001332,S002801,2026-04-19,1,0,pass
I001333,S002803,2026-04-24,1,0,pass
I001334,S002809,2026-05-22,1,0,offer
I001335,S002810,2026-05-26,0,1,no_show
I001336,S002811,2026-05-31,1,0,pass
I001337,S002812,2026-06-16,0,1,no_show
I001338,S002814,2026-05-06,1,0,pass
I001339,S002815,2026-05-06,1,0,pass
I001340,S002816,2026-05-19,1,0,pass
I001341,S002817,2026-05-18,0,1,no_show
I001342,S002818,2026-05-19,1,0,pass
I001343,S002821,2026-05-27,1,0,offer
I001344,S002823,2026-06-11,1,0,offer
I001345,S002825,2026-06-17,1,0,pass
I001346,S002827,2026-05-30,1,0,pass
I001347,S002828,2026-06-02,1,0,pass
I001348,S002831,2026-06-20,1,0,offer
I001349,S002832,2026-06-26,1,0,pass
I001350,S002833,2026-07-01,1,0,pass
I001351,S002835,2026-07-07,1,0,pass
I001352,S002836,2026-07-08,1,0,pass
I001353,S002837,2026-07-13,1,0,pass
I001354,S002839,2026-06-07,1,0,pass
I001355,S002840,2026-06-07,1,0,pass
I001356,S002844,2026-04-25,1,0,pass
I001357,S002846,2026-05-04,1,0,offer
I001358,S002847,2026-05-05,1,0,pass
I001359,S002849,2026-07-03,1,0,pass
I001360,S002850,2026-07-15,1,0,offer
I001361,S002855,2026-05-25,1,0,pass
I001362,S002856,2026-05-31,1,0,pass
I001363,S002863,2026-05-31,1,0,pass
I001364,S002865,2026-05-31,1,0,pass
I001365,S002871,2026-05-16,1,0,offer
I001366,S002872,2026-05-19,0,1,no_show
I001367,S002873,2026-05-17,1,0,pass
I001368,S002875,2026-05-23,1,0,pass
I001369,S002878,2026-04-25,1,0,offer
I001370,S002879,2026-05-21,1,0,pass
I001371,S002880,2026-05-23,1,0,pass
I001372,S002882,2026-06-02,1,0,pass
I001373,S002883,2026-05-28,1,0,offer
I001374,S002884,2026-06-05,1,0,pass
I001375,S002888,2026-04-28,1,0,pass
I001376,S002889,2026-05-11,1,0,pass
I001377,S002891,2026-05-21,0,1,no_show
I001378,S002893,2026-05-27,1,0,offer
I001379,S002895,2026-07-01,1,0,pass
I001380,S002896,2026-06-30,1,0,offer
I001381,S002898,2026-07-10,1,0,pass
I001382,S002900,2026-07-17,1,0,pass
I001383,S002902,2026-07-10,1,0,pass
I001384,S002906,2026-07-26,1,0,offer
I001385,S002909,2026-07-12,0,1,no_show
I001386,S002911,2026-07-16,1,0,offer
I001387,S002912,2026-06-06,1,0,pass
I001388,S002913,2026-06-07,1,0,pass
I001389,S002914,2026-06-16,1,0,offer
I001390,S002918,2026-04-29,1,0,offer
I001391,S002919,2026-05-02,1,0,offer
I001392,S002920,2026-05-14,1,0,pass
I001393,S002923,2026-05-24,1,0,pass
I001394,S002927,2026-07-24,1,0,pass
I001395,S002928,2026-07-20,1,0,pass
I001396,S002935,2026-06-07,1,0,offer
I001397,S002941,2026-04-30,1,0,offer
I001398,S002943,2026-07-14,1,0,offer
I001399,S002944,2026-07-22,1,0,offer
I001400,S002952,2026-06-02,1,0,pass
I001401,S002953,2026-06-07,1,0,offer
I001402,S002954,2026-06-15,1,0,pass
I001403,S002955,2026-06-14,1,0,pass
I001404,S002961,2026-04-28,1,0,pass
I001405,S002962,2026-04-28,0,1,no_show
I001406,S002963,2026-05-09,1,0,offer
I001407,S002966,2026-05-09,1,0,pass
I001408,S002967,2026-05-25,1,0,pass
I001409,S002969,2026-06-16,1,0,offer
I001410,S002970,2026-06-18,1,0,pass
I001411,S002972,2026-06-26,1,0,offer
I001412,S002973,2026-06-29,1,0,pass
I001413,S002974,2026-07-02,0,1,no_show
I001414,S002982,2026-07-14,1,0,pass
I001415,S002983,2026-05-08,1,0,offer
I001416,S002984,2026-05-18,1,0,pass
I001417,S002985,2026-05-10,1,0,pass
I001418,S002986,2026-05-19,1,0,offer
I001419,S002987,2026-05-24,1,0,pass
I001420,S002992,2026-06-08,1,0,pass
I001421,S002993,2026-06-03,1,0,pass
I001422,S002994,2026-06-16,1,0,offer
I001423,S002997,2026-06-21,1,0,pass
I001424,S003000,2026-07-11,1,0,offer
I001425,S003002,2026-07-17,1,0,pass
I001426,S003003,2026-07-22,1,0,pass
I001427,S003004,2026-05-15,1,0,offer
I001428,S003006,2026-05-25,1,0,pass
I001429,S003007,2026-05-24,1,0,pass
I001430,S003008,2026-05-26,0,1,no_show
I001431,S003009,2026-05-28,0,1,no_show
I001432,S003011,2026-07-26,1,0,pass
I001433,S003014,2026-05-24,1,0,pass
I001434,S003015,2026-05-28,1,0,pass
I001435,S003016,2026-06-01,1,0,offer
I001436,S003017,2026-05-31,1,0,pass
I001437,S003018,2026-05-28,1,0,pass
I001438,S003020,2026-06-11,1,0,pass
I001439,S003021,2026-06-12,1,0,pass
I001440,S003025,2026-06-03,1,0,offer
I001441,S003027,2026-06-10,0,1,no_show
I001442,S003033,2026-06-18,1,0,offer
I001443,S003034,2026-06-30,1,0,pass
I001444,S003038,2026-07-10,1,0,offer
I001445,S003041,2026-06-18,1,0,offer
I001446,S003042,2026-07-01,1,0,pass
I001447,S003045,2026-07-04,1,0,pass
I001448,S003046,2026-05-19,1,0,pass
I001449,S003051,2026-06-09,1,0,pass
I001450,S003052,2026-05-19,1,0,offer
I001451,S003054,2026-06-04,1,0,pass
I001452,S003056,2026-06-09,1,0,pass
I001453,S003062,2026-06-10,1,0,offer
I001454,S003063,2026-06-16,1,0,pass
I001455,S003065,2026-05-25,0,1,no_show
I001456,S003067,2026-05-21,1,0,pass
I001457,S003070,2026-07-26,1,0,offer
I001458,S003072,2026-07-23,1,0,pass
I001459,S003074,2026-07-26,1,0,offer
I001460,S003077,2026-07-15,1,0,pass
I001461,S003080,2026-07-03,1,0,offer
I001462,S003081,2026-07-07,1,0,pass
I001463,S003082,2026-07-17,1,0,pass
I001464,S003084,2026-07-10,0,1,no_show
I001465,S003085,2026-07-13,1,0,offer
I001466,S003087,2026-07-17,1,0,pass
I001467,S003088,2026-07-09,1,0,offer
I001468,S003089,2026-07-09,1,0,pass
I001469,S003090,2026-07-15,1,0,pass
I001470,S003091,2026-07-15,1,0,pass
I001471,S003092,2026-06-02,1,0,offer
I001472,S003094,2026-06-06,0,1,no_show
I001473,S003099,2026-06-13,1,0,offer
I001474,S003100,2026-06-11,1,0,pass
I001475,S003101,2026-06-17,1,0,pass
I001476,S003103,2026-06-22,1,0,pass
I001477,S003104,2026-06-21,1,0,pass
I001478,S003105,2026-07-06,1,0,pass
I001479,S003106,2026-07-09,1,0,pass
I001480,S003107,2026-07-03,1,0,pass
I001481,S003112,2026-06-24,1,0,pass
I001482,S003115,2026-07-13,1,0,pass
I001483,S003119,2026-05-24,1,0,pass
I001484,S003120,2026-05-27,1,0,offer
I001485,S003122,2026-06-05,1,0,pass
I001486,S003128,2026-07-08,1,0,offer
I001487,S003129,2026-07-12,0,1,no_show
I001488,S003133,2026-06-12,1,0,offer
I001489,S003134,2026-06-20,1,0,pass
I001490,S003137,2026-06-21,1,0,pass
I001491,S003139,2026-07-06,1,0,offer
I001492,S003141,2026-07-21,1,0,pass
I001493,S003144,2026-07-22,1,0,pass
I001494,S003146,2026-07-07,1,0,offer
I001495,S003148,2026-07-10,1,0,pass
I001496,S003151,2026-06-08,1,0,offer
I001497,S003153,2026-06-16,1,0,pass
I001498,S003154,2026-06-15,1,0,pass
I001499,S003156,2026-06-22,1,0,pass
I001500,S003159,2026-06-25,1,0,offer
I001501,S003160,2026-06-30,1,0,pass
I001502,S003163,2026-06-15,1,0,pass
I001503,S003164,2026-06-22,1,0,pass
I001504,S003172,2026-07-14,1,0,pass
I001505,S003173,2026-06-12,1,0,pass
I001506,S003182,2026-06-29,1,0,offer
I001507,S003183,2026-07-05,1,0,pass
I001508,S003184,2026-07-05,1,0,pass
I001509,S003185,2026-06-09,1,0,pass
I001510,S003188,2026-06-19,1,0,offer
I001511,S003189,2026-06-30,1,0,pass
I001512,S003192,2026-07-15,1,0,pass
I001513,S003197,2026-07-03,1,0,pass
I001514,S003200,2026-07-11,1,0,pass
I001515,S003201,2026-07-15,1,0,pass
I001516,S003202,2026-07-16,1,0,pass
I001517,S003205,2026-07-24,1,0,pass
I001518,S003207,2026-07-23,1,0,pass
I001519,S003208,2026-07-22,1,0,pass
I001520,S003211,2026-07-15,1,0,offer
I001521,S003213,2026-07-25,1,0,pass
I001522,S003220,2026-07-18,1,0,offer
I001523,S003221,2026-07-13,1,0,pass
I001524,S003232,2026-07-16,1,0,pass
I001525,S003233,2026-07-13,1,0,pass
I001526,S003235,2026-07-22,1,0,pass
I001527,S003241,2026-07-24,1,0,pass
I001528,S003242,2026-06-28,1,0,pass
I001529,S003244,2026-07-04,1,0,pass
I001530,S003245,2026-07-11,1,0,pass
I001531,S003246,2026-07-13,0,1,no_show
I001532,S003247,2026-07-16,1,0,pass
I001533,S003248,2026-07-21,1,0,pass
I001534,S003251,2026-07-19,1,0,offer
I001535,S003253,2026-07-23,1,0,pass
I001536,S003260,2026-07-18,1,0,pass
I001537,S003261,2026-07-19,1,0,offer
I001538,S003262,2026-07-23,1,0,pass
I001539,S003264,2026-07-25,1,0,pass
I001540,S003268,2026-07-18,1,0,pass
I001541,S003274,2026-07-17,1,0,offer
I001542,S003277,2026-07-23,1,0,pass
I001543,S003279,2026-07-22,1,0,pass
I001544,S003280,2026-07-26,1,0,offer
I001545,S003283,2026-07-22,1,0,offer
I001546,S003285,2026-06-24,1,0,pass
I001547,S003289,2026-07-07,1,0,pass
I001548,S003295,2026-07-20,1,0,offer
I001549,S003297,2026-07-26,0,1,no_show
I001550,S003300,2026-07-16,1,0,pass
I001551,S003301,2026-07-15,1,0,offer
I001552,S003303,2026-07-23,1,0,pass
I001553,S003304,2026-07-15,1,0,pass
I001554,S003305,2026-07-15,0,1,no_show
I001555,S003306,2026-07-21,1,0,pass
I001556,S003312,2026-07-15,1,0,offer
I001557,S003313,2026-07-16,1,0,pass
I001558,S003314,2026-07-26,1,0,pass
I001559,S003315,2026-07-26,1,0,pass
I001560,S003320,2026-07-23,1,0,offer
I001561,S003329,2026-07-10,1,0,offer
I001562,S003334,2026-07-08,1,0,offer
I001563,S003336,2026-07-13,1,0,pass
I001564,S003337,2026-07-20,1,0,pass
I001565,S003338,2026-07-23,1,0,pass
I001566,S003343,2026-07-23,0,1,no_show
I001567,S003351,2026-07-24,1,0,offer
I001568,S003355,2026-07-25,1,0,offer
I001569,S003357,2026-07-22,1,0,offer
I001570,S003360,2026-07-17,1,0,pass
I001571,S003362,2026-07-25,1,0,pass
I001572,S003363,2026-07-23,1,0,pass
I001573,S003367,2026-07-26,1,0,pass
I001574,S003368,2026-07-26,1,0,offer
I001575,S003373,2026-07-24,1,0,pass
