spend_date,channel,campaign,spend_usd,impressions,clicks
2025-01-01,Paid Search,gs_va_hire,435.57,3333,140
2025-01-01,Paid Social,li_agency_owners,241.26,9368,178
2025-01-01,Outbound,cold_email_q2,74.63,0,0
2025-01-02,Paid Search,gs_competitor,265.08,2023,85
2025-01-02,Paid Social,fb_retarget,248.52,9684,184
2025-01-02,Outbound,linkedin_dm,83.06,0,0
2025-01-03,Paid Search,gs_latam_talent,363.03,2785,117
2025-01-03,Paid Social,fb_retarget,236.71,9210,175
2025-01-03,Outbound,cold_email_q2,73.97,0,0
2025-01-04,Paid Search,gs_va_hire,82.09,619,26
2025-01-04,Paid Social,fb_founders,71.73,2789,53
2025-01-04,Outbound,cold_email_q2,17.17,0,0
2025-01-05,Paid Search,gs_va_hire,92.44,690,29
2025-01-05,Paid Social,fb_founders,59.22,2263,43
2025-01-05,Outbound,linkedin_dm,17.12,0,0
2025-01-06,Paid Search,gs_va_hire,366.22,2809,118
2025-01-06,Paid Social,fb_retarget,242.98,9421,179
2025-01-06,Outbound,cold_email_q1,92.5,0,0
2025-01-07,Paid Search,gs_latam_talent,336.4,2571,108
2025-01-07,Paid Social,li_agency_owners,295.64,11473,218
2025-01-07,Outbound,linkedin_dm,65.37,0,0
2025-01-08,Paid Search,gs_competitor,360.16,2761,116
2025-01-08,Paid Social,fb_retarget,271.73,10578,201
2025-01-08,Outbound,linkedin_dm,80.25,0,0
2025-01-09,Paid Search,gs_va_hire,306.77,2333,98
2025-01-09,Paid Social,fb_founders,278.45,10842,206
2025-01-09,Outbound,linkedin_dm,86.39,0,0
2025-01-10,Paid Search,gs_va_hire,386.72,2952,124
2025-01-10,Paid Social,fb_founders,218.99,8526,162
2025-01-10,Outbound,cold_email_q2,73.05,0,0
2025-01-11,Paid Search,gs_va_hire,87.24,666,28
2025-01-11,Paid Social,li_agency_owners,76.88,2947,56
2025-01-11,Outbound,linkedin_dm,19.72,0,0
2025-01-12,Paid Search,gs_latam_talent,91.6,690,29
2025-01-12,Paid Social,fb_founders,48.21,1842,35
2025-01-12,Outbound,cold_email_q1,24.65,0,0
2025-01-13,Paid Search,gs_va_hire,300.86,2309,97
2025-01-13,Paid Social,fb_founders,326.52,12684,241
2025-01-13,Outbound,cold_email_q2,58.83,0,0
2025-01-14,Paid Search,gs_va_hire,407.17,3119,131
2025-01-14,Paid Social,li_agency_owners,196.2,7631,145
2025-01-14,Outbound,linkedin_dm,79.08,0,0
2025-01-15,Paid Search,gs_va_hire,379.34,2904,122
2025-01-15,Paid Social,fb_retarget,262.37,10210,194
2025-01-15,Outbound,cold_email_q2,69.82,0,0
2025-01-16,Paid Search,gs_competitor,431.84,3309,139
2025-01-16,Paid Social,fb_retarget,292.98,11421,217
2025-01-16,Outbound,cold_email_q1,71.24,0,0
2025-01-17,Paid Search,gs_competitor,268.74,2047,86
2025-01-17,Paid Social,fb_founders,329.57,12842,244
2025-01-17,Outbound,cold_email_q2,70.1,0,0
2025-01-18,Paid Search,gs_competitor,101.5,761,32
2025-01-18,Paid Social,li_agency_owners,47.47,1842,35
2025-01-18,Outbound,linkedin_dm,19.8,0,0
2025-01-19,Paid Search,gs_va_hire,113.35,857,36
2025-01-19,Paid Social,fb_retarget,82.83,3210,61
2025-01-19,Outbound,cold_email_q1,25.56,0,0
2025-01-20,Paid Search,gs_va_hire,350.51,2690,113
2025-01-20,Paid Social,fb_retarget,241.52,9368,178
2025-01-20,Outbound,cold_email_q1,93.07,0,0
2025-01-21,Paid Search,gs_competitor,391.15,3000,126
2025-01-21,Paid Social,li_agency_owners,210.31,8157,155
2025-01-21,Outbound,cold_email_q1,98.59,0,0
2025-01-22,Paid Search,gs_competitor,436.39,3333,140
2025-01-22,Paid Social,fb_retarget,208.92,8105,154
2025-01-22,Outbound,linkedin_dm,73.26,0,0
2025-01-23,Paid Search,gs_competitor,344.1,2642,111
2025-01-23,Paid Social,fb_retarget,243.74,9473,180
2025-01-23,Outbound,cold_email_q2,66.25,0,0
2025-01-24,Paid Search,gs_competitor,460.25,3523,148
2025-01-24,Paid Social,fb_retarget,264.84,10315,196
2025-01-24,Outbound,cold_email_q1,61.7,0,0
2025-01-25,Paid Search,gs_va_hire,103.13,785,33
2025-01-25,Paid Social,fb_founders,59.12,2263,43
2025-01-25,Outbound,cold_email_q2,24.62,0,0
2025-01-26,Paid Search,gs_latam_talent,84.77,642,27
2025-01-26,Paid Social,li_agency_owners,79.22,3052,58
2025-01-26,Outbound,cold_email_q2,15.71,0,0
2025-01-27,Paid Search,gs_competitor,376.32,2880,121
2025-01-27,Paid Social,fb_founders,303.11,11789,224
2025-01-27,Outbound,cold_email_q2,84.67,0,0
2025-01-28,Paid Search,gs_va_hire,448.45,3428,144
2025-01-28,Paid Social,fb_retarget,236.52,9210,175
2025-01-28,Outbound,linkedin_dm,81.9,0,0
2025-01-29,Paid Search,gs_competitor,429.72,3285,138
2025-01-29,Paid Social,fb_founders,253.19,9842,187
2025-01-29,Outbound,cold_email_q2,100.13,0,0
2025-01-30,Paid Search,gs_latam_talent,286.13,2190,92
2025-01-30,Paid Social,fb_retarget,209.41,8157,155
2025-01-30,Outbound,,69.84,0,0
2025-01-31,Paid Search,gs_competitor,324.26,2476,104
2025-01-31,Paid Social,li_agency_owners,341.48,13263,252
2025-01-31,Outbound,linkedin_dm,66.39,0,0
2025-02-01,Paid Search,gs_competitor,132.16,999,42
2025-02-01,Paid Social,fb_retarget,58.92,2263,43
2025-02-01,Outbound,cold_email_q1,24.72,0,0
2025-02-02,Paid Search,gs_va_hire,119.55,904,38
2025-02-02,Paid Social,fb_retarget,61.28,2368,45
2025-02-02,Outbound,linkedin_dm,25.83,0,0
2025-02-03,Paid Search,gs_competitor,528.0,4047,170
2025-02-03,Paid Social,li_agency_owners,311.86,12157,231
2025-02-03,Outbound,cold_email_q1,96.17,0,0
2025-02-04,Paid Search,gs_va_hire,362.61,2761,116
2025-02-04,Paid Social,fb_retarget,305.44,11894,226
2025-02-04,Outbound,cold_email_q2,69.9,0,0
2025-02-05,Paid Search,gs_latam_talent,376.24,2880,121
2025-02-05,Paid Social,,242.88,9421,179
2025-02-05,Outbound,linkedin_dm,118.9,0,0
2025-02-06,Paid Search,gs_competitor,366.35,2809,118
2025-02-06,Paid Social,fb_founders,221.5,8631,164
2025-02-06,Outbound,cold_email_q1,85.16,0,0
2025-02-07,Paid Search,gs_va_hire,345.74,2642,111
2025-02-07,Paid Social,li_agency_owners,329.69,12842,244
2025-02-07,Outbound,cold_email_q2,98.36,0,0
2025-02-08,Paid Search,gs_competitor,88.84,666,28
2025-02-08,Paid Social,,64.77,2473,47
2025-02-08,Outbound,cold_email_q1,22.95,0,0
2025-02-09,Paid Search,gs_competitor,125.9,952,40
2025-02-09,Paid Social,li_agency_owners,63.91,2473,47
2025-02-09,Outbound,cold_email_q1,20.63,0,0
2025-02-10,Paid Search,gs_competitor,419.25,3214,135
2025-02-10,Paid Social,li_agency_owners,324.22,12631,240
2025-02-10,Outbound,linkedin_dm,108.58,0,0
2025-02-11,Paid Search,gs_latam_talent,481.7,3690,155
2025-02-11,Paid Social,fb_retarget,275.68,10736,204
2025-02-11,Outbound,cold_email_q1,73.53,0,0
2025-02-12,Paid Search,gs_va_hire,440.01,3357,141
2025-02-12,Paid Social,fb_founders,249.15,9684,184
2025-02-12,Outbound,cold_email_q1,78.52,0,0
2025-02-13,Paid Search,gs_latam_talent,407.46,3119,131
2025-02-13,Paid Social,fb_founders,218.03,8473,161
2025-02-13,Outbound,cold_email_q1,101.04,0,0
2025-02-14,Paid Search,gs_latam_talent,404.79,3095,130
2025-02-14,Paid Social,li_agency_owners,319.63,12421,236
2025-02-14,Outbound,linkedin_dm,89.7,0,0
2025-02-15,Paid Search,gs_va_hire,106.18,809,34
2025-02-15,Paid Social,fb_founders,88.35,3421,65
2025-02-15,Outbound,cold_email_q2,26.04,0,0
2025-02-16,Paid Search,gs_latam_talent,99.52,761,32
2025-02-16,Paid Social,li_agency_owners,75.86,2947,56
2025-02-16,Outbound,linkedin_dm,16.83,0,0
2025-02-17,Paid Search,gs_competitor,294.87,2261,95
2025-02-17,Paid Social,li_agency_owners,321.89,12526,238
2025-02-17,Outbound,cold_email_q1,118.06,0,0
2025-02-18,Paid Search,gs_competitor,531.72,4071,171
2025-02-18,Paid Social,fb_retarget,368.63,14368,273
2025-02-18,Outbound,cold_email_q1,102.98,0,0
2025-02-19,Paid Search,gs_va_hire,396.15,3023,127
2025-02-19,Paid Social,fb_founders,390.96,15210,289
2025-02-19,Outbound,cold_email_q2,66.8,0,0
2025-02-20,Paid Search,gs_competitor,457.6,3500,147
2025-02-20,Paid Social,fb_founders,335.13,13052,248
2025-02-20,Outbound,linkedin_dm,66.79,0,0
2025-02-21,Paid Search,gs_va_hire,348.57,2666,112
2025-02-21,Paid Social,fb_retarget,228.38,8894,169
2025-02-21,Outbound,cold_email_q1,70.25,0,0
2025-02-22,Paid Search,gs_va_hire,132.77,999,42
2025-02-22,Paid Social,li_agency_owners,78.91,3052,58
2025-02-22,Outbound,linkedin_dm,24.8,0,0
2025-02-23,Paid Search,,91.13,690,29
2025-02-23,Paid Social,fb_retarget,94.31,3631,69
2025-02-23,Outbound,cold_email_q2,18.56,0,0
2025-02-24,Paid Search,,473.85,3619,152
2025-02-24,Paid Social,li_agency_owners,298.47,11631,221
2025-02-24,Outbound,linkedin_dm,88.05,0,0
2025-02-25,Paid Search,gs_va_hire,442.93,3380,142
2025-02-25,Paid Social,fb_retarget,283.4,11000,209
2025-02-25,Outbound,cold_email_q2,79.72,0,0
2025-02-26,Paid Search,gs_latam_talent,511.51,3928,165
2025-02-26,Paid Social,fb_founders,258.12,10052,191
2025-02-26,Outbound,linkedin_dm,76.35,0,0
2025-02-27,Paid Search,gs_competitor,525.24,4023,169
2025-02-27,Paid Social,fb_founders,230.39,8947,170
2025-02-27,Outbound,linkedin_dm,71.57,0,0
2025-02-28,Paid Search,gs_competitor,351.64,2690,113
2025-02-28,Paid Social,li_agency_owners,256.13,9947,189
2025-02-28,Outbound,linkedin_dm,105.28,0,0
2025-03-01,Paid Search,gs_va_hire,90.36,690,29
2025-03-01,Paid Social,fb_founders,57.27,2210,42
2025-03-01,Outbound,cold_email_q1,28.47,0,0
2025-03-02,Paid Search,gs_va_hire,73.78,547,23
2025-03-02,Paid Social,fb_founders,70.97,2736,52
2025-03-02,Outbound,cold_email_q2,21.4,0,0
2025-03-03,Paid Search,gs_latam_talent,451.15,3452,145
2025-03-03,Paid Social,fb_founders,317.71,12368,235
2025-03-03,Outbound,cold_email_q2,68.13,0,0
2025-03-04,Paid Search,gs_competitor,528.85,4047,170
2025-03-04,Paid Social,fb_founders,300.08,11684,222
2025-03-04,Outbound,linkedin_dm,91.96,0,0
2025-03-05,Paid Search,gs_va_hire,491.96,3761,158
2025-03-05,Paid Social,li_agency_owners,296.87,11526,219
2025-03-05,Outbound,cold_email_q1,68.7,0,0
2025-03-06,Paid Search,gs_va_hire,340.54,2595,109
2025-03-06,Paid Social,fb_founders,371.04,14421,274
2025-03-06,Outbound,cold_email_q1,121.97,0,0
2025-03-07,Paid Search,,407.92,3119,131
2025-03-07,Paid Social,fb_retarget,218.89,8526,162
2025-03-07,Outbound,cold_email_q1,122.11,0,0
2025-03-08,Paid Search,gs_competitor,82.46,619,26
2025-03-08,Paid Social,li_agency_owners,73.54,2842,54
2025-03-08,Outbound,cold_email_q1,22.68,0,0
2025-03-09,Paid Search,gs_va_hire,122.68,928,39
2025-03-09,Paid Social,li_agency_owners,55.45,2157,41
2025-03-09,Outbound,linkedin_dm,25.13,0,0
2025-03-10,Paid Search,gs_va_hire,474.88,3642,153
2025-03-10,Paid Social,fb_retarget,336.5,13105,249
2025-03-10,Outbound,cold_email_q2,110.51,0,0
2025-03-11,Paid Search,gs_latam_talent,429.68,3285,138
2025-03-11,Paid Social,li_agency_owners,385.88,15000,285
2025-03-11,Outbound,cold_email_q1,88.18,0,0
2025-03-12,Paid Search,gs_latam_talent,403.97,3095,130
2025-03-12,Paid Social,fb_founders,364.76,14210,270
2025-03-12,Outbound,cold_email_q1,106.19,0,0
2025-03-13,Paid Search,gs_competitor,482.97,3690,155
2025-03-13,Paid Social,fb_retarget,287.27,11157,212
2025-03-13,Outbound,cold_email_q2,113.68,0,0
2025-03-14,Paid Search,gs_va_hire,432.3,3309,139
2025-03-14,Paid Social,fb_founders,391.68,15263,290
2025-03-14,Outbound,cold_email_q2,84.15,0,0
2025-03-15,Paid Search,gs_latam_talent,77.93,595,25
2025-03-15,Paid Social,fb_founders,54.45,2105,40
2025-03-15,Outbound,cold_email_q2,28.37,0,0
2025-03-16,Paid Search,gs_latam_talent,106.73,809,34
2025-03-16,Paid Social,fb_founders,68.71,2631,50
2025-03-16,Outbound,cold_email_q2,21.42,0,0
2025-03-17,Paid Search,gs_va_hire,363.72,2785,117
2025-03-17,Paid Social,fb_founders,259.68,10105,192
2025-03-17,Outbound,linkedin_dm,78.59,0,0
2025-03-18,Paid Search,gs_latam_talent,329.01,2523,106
2025-03-18,Paid Social,fb_retarget,278.65,10842,206
2025-03-18,Outbound,cold_email_q2,89.26,0,0
2025-03-19,Paid Search,gs_competitor,312.57,2380,100
2025-03-19,Paid Social,li_agency_owners,357.56,13894,264
2025-03-19,Outbound,cold_email_q2,69.6,0,0
2025-03-20,Paid Search,gs_va_hire,430.08,3285,138
2025-03-20,Paid Social,fb_founders,393.73,15315,291
2025-03-20,Outbound,cold_email_q1,104.24,0,0
2025-03-21,Paid Search,gs_competitor,498.3,3809,160
2025-03-21,Paid Social,fb_retarget,387.8,15105,287
2025-03-21,Outbound,cold_email_q2,99.97,0,0
2025-03-22,Paid Search,gs_latam_talent,103.72,785,33
2025-03-22,Paid Social,li_agency_owners,84.15,3263,62
2025-03-22,Outbound,cold_email_q2,26.53,0,0
2025-03-23,Paid Search,,106.34,809,34
2025-03-23,Paid Social,fb_retarget,83.04,3210,61
2025-03-23,Outbound,cold_email_q1,28.57,0,0
2025-03-24,Paid Search,gs_va_hire,372.76,2857,120
2025-03-24,Paid Social,fb_founders,230.19,8947,170
2025-03-24,Outbound,cold_email_q1,78.54,0,0
2025-03-25,Paid Search,gs_latam_talent,399.35,3047,128
2025-03-25,Paid Social,fb_retarget,341.52,13263,252
2025-03-25,Outbound,linkedin_dm,71.75,0,0
2025-03-26,Paid Search,gs_va_hire,434.43,3333,140
2025-03-26,Paid Social,li_agency_owners,323.61,12578,239
2025-03-26,Outbound,cold_email_q1,104.44,0,0
2025-03-27,Paid Search,gs_va_hire,407.58,3119,131
2025-03-27,Paid Social,fb_founders,260.07,10105,192
2025-03-27,Outbound,linkedin_dm,111.58,0,0
2025-03-28,Paid Search,gs_competitor,297.95,2285,96
2025-03-28,Paid Social,li_agency_owners,235.9,9157,174
2025-03-28,Outbound,linkedin_dm,72.83,0,0
2025-03-29,Paid Search,gs_va_hire,77.87,595,25
2025-03-29,Paid Social,fb_founders,90.44,3473,66
2025-03-29,Outbound,cold_email_q1,27.05,0,0
2025-03-30,Paid Search,gs_latam_talent,133.79,1023,43
2025-03-30,Paid Social,li_agency_owners,62.67,2421,46
2025-03-30,Outbound,,19.51,0,0
2025-03-31,Paid Search,gs_competitor,468.9,3595,151
2025-03-31,Paid Social,fb_retarget,220.66,8578,163
2025-03-31,Outbound,cold_email_q2,95.72,0,0
2025-04-01,Paid Search,gs_latam_talent,421.62,3238,136
2025-04-01,Paid Social,li_agency_owners,297.89,11578,220
2025-04-01,Outbound,cold_email_q1,84.22,0,0
2025-04-02,Paid Search,gs_latam_talent,430.39,3285,138
2025-04-02,Paid Social,fb_retarget,278.95,10842,206
2025-04-02,Outbound,,111.43,0,0
2025-04-03,Paid Search,gs_latam_talent,385.44,2952,124
2025-04-03,Paid Social,li_agency_owners,259.38,10105,192
2025-04-03,Outbound,cold_email_q2,113.87,0,0
2025-04-04,Paid Search,gs_latam_talent,477.04,3642,153
2025-04-04,Paid Social,fb_founders,280.16,10894,207
2025-04-04,Outbound,cold_email_q1,110.87,0,0
2025-04-05,Paid Search,gs_va_hire,124.59,952,40
2025-04-05,Paid Social,fb_retarget,74.19,2842,54
2025-04-05,Outbound,cold_email_q2,21.32,0,0
2025-04-06,Paid Search,gs_competitor,101.54,761,32
2025-04-06,Paid Social,li_agency_owners,93.42,3631,69
2025-04-06,Outbound,cold_email_q2,23.09,0,0
2025-04-07,Paid Search,gs_competitor,483.55,3690,155
2025-04-07,Paid Social,fb_founders,363.55,14157,269
2025-04-07,Outbound,cold_email_q2,115.99,0,0
2025-04-08,Paid Search,gs_competitor,382.95,2928,123
2025-04-08,Paid Social,fb_founders,353.01,13736,261
2025-04-08,Outbound,cold_email_q2,92.32,0,0
2025-04-09,Paid Search,gs_competitor,368.43,2809,118
2025-04-09,Paid Social,fb_retarget,367.36,14315,272
2025-04-09,Outbound,cold_email_q1,81.33,0,0
2025-04-10,Paid Search,gs_competitor,364.02,2785,117
2025-04-10,Paid Social,fb_founders,278.16,10842,206
2025-04-10,Outbound,cold_email_q2,100.86,0,0
2025-04-11,Paid Search,gs_latam_talent,459.92,3523,148
2025-04-11,Paid Social,li_agency_owners,246.18,9578,182
2025-04-11,Outbound,linkedin_dm,101.92,0,0
2025-04-12,Paid Search,gs_competitor,133.79,1023,43
2025-04-12,Paid Social,fb_retarget,88.07,3421,65
2025-04-12,Outbound,linkedin_dm,17.89,0,0
2025-04-13,Paid Search,gs_latam_talent,118.59,904,38
2025-04-13,Paid Social,fb_retarget,54.84,2105,40
2025-04-13,Outbound,cold_email_q1,29.47,0,0
2025-04-14,Paid Search,gs_va_hire,398.37,3047,128
2025-04-14,Paid Social,fb_retarget,346.62,13473,256
2025-04-14,Outbound,linkedin_dm,69.85,0,0
2025-04-15,Paid Search,gs_competitor,334.61,2547,107
2025-04-15,Paid Social,fb_retarget,293.35,11421,217
2025-04-15,Outbound,cold_email_q2,108.3,0,0
2025-04-16,Paid Search,gs_va_hire,378.34,2904,122
2025-04-16,Paid Social,li_agency_owners,287.13,11157,212
2025-04-16,Outbound,linkedin_dm,95.31,0,0
2025-04-17,Paid Search,gs_va_hire,532.5,4071,171
2025-04-17,Paid Social,fb_retarget,305.12,11894,226
2025-04-17,Outbound,cold_email_q2,68.07,0,0
2025-04-18,Paid Search,gs_latam_talent,489.51,3738,157
2025-04-18,Paid Social,fb_founders,303.88,11842,225
2025-04-18,Outbound,cold_email_q2,104.88,0,0
2025-04-19,Paid Search,gs_competitor,81.56,619,26
2025-04-19,Paid Social,li_agency_owners,66.15,2578,49
2025-04-19,Outbound,cold_email_q2,21.27,0,0
2025-04-20,Paid Search,gs_latam_talent,109.56,833,35
2025-04-20,Paid Social,li_agency_owners,92.05,3578,68
2025-04-20,Outbound,linkedin_dm,23.74,0,0
2025-04-21,Paid Search,gs_competitor,372.48,2857,120
2025-04-21,Paid Social,fb_founders,250.84,9736,185
2025-04-21,Outbound,cold_email_q1,97.53,0,0
2025-04-22,Paid Search,gs_va_hire,494.27,3785,159
2025-04-22,Paid Social,li_agency_owners,255.35,9947,189
2025-04-22,Outbound,linkedin_dm,83.26,0,0
2025-04-23,Paid Search,gs_va_hire,528.39,4047,170
2025-04-23,Paid Social,li_agency_owners,357.96,13947,265
2025-04-23,Outbound,cold_email_q1,71.03,0,0
2025-04-24,Paid Search,gs_va_hire,338.71,2595,109
2025-04-24,Paid Social,fb_founders,225.4,8736,166
2025-04-24,Outbound,linkedin_dm,111.15,0,0
2025-04-25,Paid Search,gs_competitor,347.12,2642,111
2025-04-25,Paid Social,fb_retarget,341.53,13263,252
2025-04-25,Outbound,cold_email_q2,67.1,0,0
2025-04-26,Paid Search,gs_va_hire,76.44,571,24
2025-04-26,Paid Social,li_agency_owners,55.56,2157,41
2025-04-26,Outbound,cold_email_q1,17.06,0,0
2025-04-27,Paid Search,gs_competitor,131.98,999,42
2025-04-27,Paid Social,fb_retarget,72.84,2789,53
2025-04-27,Outbound,cold_email_q1,21.8,0,0
2025-04-28,Paid Search,gs_latam_talent,366.75,2809,118
2025-04-28,Paid Social,fb_founders,326.47,12684,241
2025-04-28,Outbound,cold_email_q1,116.77,0,0
2025-04-29,Paid Search,gs_va_hire,399.98,3071,129
2025-04-29,Paid Social,li_agency_owners,229.99,8947,170
2025-04-29,Outbound,linkedin_dm,104.02,0,0
2025-04-30,Paid Search,gs_latam_talent,353.04,2690,113
2025-04-30,Paid Social,fb_founders,218.41,8473,161
2025-04-30,Outbound,cold_email_q1,116.51,0,0
2025-05-01,Paid Search,gs_competitor,414.07,3166,133
2025-05-01,Paid Social,fb_retarget,392.33,15263,290
2025-05-01,Outbound,cold_email_q2,100.34,0,0
2025-05-02,Paid Search,gs_competitor,524.6,4023,169
2025-05-02,Paid Social,fb_retarget,370.48,14421,274
2025-05-02,Outbound,cold_email_q2,120.4,0,0
2025-05-03,Paid Search,gs_va_hire,85.92,642,27
2025-05-03,Paid Social,fb_founders,91.79,3526,67
2025-05-03,Outbound,cold_email_q2,24.24,0,0
2025-05-04,Paid Search,gs_latam_talent,134.04,1023,43
2025-05-04,Paid Social,fb_founders,56.4,2157,41
2025-05-04,Outbound,cold_email_q1,28.07,0,0
2025-05-05,Paid Search,gs_competitor,403.24,3095,130
2025-05-05,Paid Social,fb_retarget,371.64,14473,275
2025-05-05,Outbound,cold_email_q1,92.64,0,0
2025-05-06,Paid Search,gs_competitor,434.32,3333,140
2025-05-06,Paid Social,li_agency_owners,346.07,13473,256
2025-05-06,Outbound,linkedin_dm,107.42,0,0
2025-05-07,Paid Search,gs_latam_talent,346.32,2642,111
2025-05-07,Paid Social,,362.42,14105,268
2025-05-07,Outbound,cold_email_q2,69.6,0,0
2025-05-08,Paid Search,gs_competitor,400.21,3071,129
2025-05-08,Paid Social,li_agency_owners,358.27,13947,265
2025-05-08,Outbound,cold_email_q2,116.94,0,0
2025-05-09,Paid Search,gs_competitor,459.56,3523,148
2025-05-09,Paid Social,,385.28,15000,285
2025-05-09,Outbound,cold_email_q1,73.95,0,0
2025-05-10,Paid Search,gs_va_hire,108.62,833,35
2025-05-10,Paid Social,fb_founders,73.99,2842,54
2025-05-10,Outbound,linkedin_dm,28.61,0,0
2025-05-11,Paid Search,gs_latam_talent,86.16,642,27
2025-05-11,Paid Social,fb_founders,66.34,2578,49
2025-05-11,Outbound,linkedin_dm,24.18,0,0
2025-05-12,Paid Search,gs_va_hire,536.43,4119,173
2025-05-12,Paid Social,li_agency_owners,392.85,15315,291
2025-05-12,Outbound,linkedin_dm,106.87,0,0
2025-05-13,Paid Search,gs_latam_talent,457.95,3500,147
2025-05-13,Paid Social,fb_founders,250.65,9736,185
2025-05-13,Outbound,,82.01,0,0
2025-05-14,Paid Search,gs_competitor,448.87,3428,144
2025-05-14,Paid Social,li_agency_owners,295.14,11473,218
2025-05-14,Outbound,cold_email_q1,95.26,0,0
2025-05-15,Paid Search,gs_latam_talent,365.21,2785,117
2025-05-15,Paid Social,fb_founders,289.21,11263,214
2025-05-15,Outbound,cold_email_q1,97.51,0,0
2025-05-16,Paid Search,gs_va_hire,503.55,3857,162
2025-05-16,Paid Social,fb_retarget,281.03,10947,208
2025-05-16,Outbound,cold_email_q1,68.33,0,0
2025-05-17,Paid Search,gs_va_hire,119.2,904,38
2025-05-17,Paid Social,fb_retarget,97.4,3789,72
2025-05-17,Outbound,linkedin_dm,22.33,0,0
2025-05-18,Paid Search,gs_latam_talent,112.83,857,36
2025-05-18,Paid Social,fb_founders,94.34,3631,69
2025-05-18,Outbound,cold_email_q1,19.4,0,0
2025-05-19,Paid Search,gs_latam_talent,316.36,2428,102
2025-05-19,Paid Social,fb_founders,305.2,11894,226
2025-05-19,Outbound,linkedin_dm,86.23,0,0
2025-05-20,Paid Search,gs_latam_talent,320.91,2452,103
2025-05-20,Paid Social,li_agency_owners,340.05,13210,251
2025-05-20,Outbound,linkedin_dm,92.07,0,0
2025-05-21,Paid Search,gs_va_hire,424.97,3261,137
2025-05-21,Paid Social,li_agency_owners,219.31,8526,162
2025-05-21,Outbound,cold_email_q2,80.76,0,0
2025-05-22,Paid Search,gs_competitor,439.82,3357,141
2025-05-22,Paid Social,fb_founders,275.86,10736,204
2025-05-22,Outbound,linkedin_dm,87.56,0,0
2025-05-23,Paid Search,gs_latam_talent,458.26,3500,147
2025-05-23,Paid Social,fb_founders,322.02,12526,238
2025-05-23,Outbound,cold_email_q2,115.84,0,0
2025-05-24,Paid Search,gs_latam_talent,81.38,619,26
2025-05-24,Paid Social,li_agency_owners,75.64,2947,56
2025-05-24,Outbound,linkedin_dm,30.57,0,0
2025-05-25,Paid Search,gs_va_hire,117.38,880,37
2025-05-25,Paid Social,fb_founders,89.92,3473,66
2025-05-25,Outbound,linkedin_dm,29.25,0,0
2025-05-26,Paid Search,gs_latam_talent,361.74,2761,116
2025-05-26,Paid Social,fb_retarget,287.34,11157,212
2025-05-26,Outbound,cold_email_q2,67.22,0,0
2025-05-27,Paid Search,gs_va_hire,378.67,2904,122
2025-05-27,Paid Social,fb_founders,222.01,8631,164
2025-05-27,Outbound,linkedin_dm,84.77,0,0
2025-05-28,Paid Search,gs_latam_talent,464.25,3547,149
2025-05-28,Paid Social,li_agency_owners,271.85,10578,201
2025-05-28,Outbound,cold_email_q2,100.19,0,0
2025-05-29,Paid Search,gs_va_hire,522.95,3999,168
2025-05-29,Paid Social,fb_retarget,239.79,9315,177
2025-05-29,Outbound,linkedin_dm,89.46,0,0
2025-05-30,Paid Search,gs_va_hire,306.13,2333,98
2025-05-30,Paid Social,li_agency_owners,351.52,13684,260
2025-05-30,Outbound,cold_email_q1,74.63,0,0
2025-05-31,Paid Search,gs_va_hire,96.03,714,30
2025-05-31,Paid Social,li_agency_owners,100.71,3894,74
2025-05-31,Outbound,cold_email_q2,29.48,0,0
2025-06-01,Paid Search,gs_competitor,109.72,833,35
2025-06-01,Paid Social,fb_retarget,62.93,2421,46
2025-06-01,Outbound,cold_email_q2,24.86,0,0
2025-06-02,Paid Search,gs_va_hire,429.94,3285,138
2025-06-02,Paid Social,li_agency_owners,317.62,12368,235
2025-06-02,Outbound,cold_email_q2,107.98,0,0
2025-06-03,Paid Search,gs_va_hire,436.3,3333,140
2025-06-03,Paid Social,fb_retarget,289.61,11263,214
2025-06-03,Outbound,cold_email_q1,83.96,0,0
2025-06-04,Paid Search,gs_va_hire,535.64,4095,172
2025-06-04,Paid Social,fb_founders,217.52,8473,161
2025-06-04,Outbound,cold_email_q1,75.84,0,0
2025-06-05,Paid Search,gs_competitor,332.16,2547,107
2025-06-05,Paid Social,li_agency_owners,269.8,10473,199
2025-06-05,Outbound,linkedin_dm,101.94,0,0
2025-06-06,Paid Search,gs_va_hire,417.42,3190,134
2025-06-06,Paid Social,fb_retarget,252.81,9842,187
2025-06-06,Outbound,cold_email_q2,95.69,0,0
2025-06-07,Paid Search,gs_latam_talent,99.84,761,32
2025-06-07,Paid Social,fb_founders,66.49,2578,49
2025-06-07,Outbound,linkedin_dm,30.61,0,0
2025-06-08,Paid Search,gs_latam_talent,91.41,690,29
2025-06-08,Paid Social,li_agency_owners,59.43,2315,44
2025-06-08,Outbound,cold_email_q2,21.44,0,0
2025-06-09,Paid Search,gs_competitor,534.11,4095,172
2025-06-09,Paid Social,fb_retarget,336.77,13105,249
2025-06-09,Outbound,cold_email_q2,85.23,0,0
2025-06-10,Paid Search,gs_latam_talent,299.65,2285,96
2025-06-10,Paid Social,fb_retarget,358.26,13947,265
2025-06-10,Outbound,cold_email_q2,92.03,0,0
2025-06-11,Paid Search,gs_competitor,343.58,2619,110
2025-06-11,Paid Social,li_agency_owners,269.28,10473,199
2025-06-11,Outbound,linkedin_dm,106.59,0,0
2025-06-12,Paid Search,gs_competitor,377.02,2880,121
2025-06-12,Paid Social,fb_founders,381.7,14842,282
2025-06-12,Outbound,cold_email_q1,79.09,0,0
2025-06-13,Paid Search,gs_competitor,400.61,3071,129
2025-06-13,Paid Social,fb_retarget,258.72,10052,191
2025-06-13,Outbound,cold_email_q2,88.54,0,0
2025-06-14,Paid Search,gs_competitor,99.35,761,32
2025-06-14,Paid Social,li_agency_owners,92.91,3578,68
2025-06-14,Outbound,linkedin_dm,27.6,0,0
2025-06-15,Paid Search,gs_latam_talent,98.6,738,31
2025-06-15,Paid Social,li_agency_owners,79.79,3105,59
2025-06-15,Outbound,cold_email_q2,25.47,0,0
2025-06-16,Paid Search,gs_competitor,499.21,3833,161
2025-06-16,Paid Social,li_agency_owners,225.73,8789,167
2025-06-16,Outbound,linkedin_dm,70.17,0,0
2025-06-17,Paid Search,gs_va_hire,332.92,2547,107
2025-06-17,Paid Social,fb_founders,362.32,14105,268
2025-06-17,Outbound,,78.04,0,0
2025-06-18,Paid Search,gs_competitor,440.18,3357,141
2025-06-18,Paid Social,fb_founders,245.94,9578,182
2025-06-18,Outbound,cold_email_q1,83.57,0,0
2025-06-19,Paid Search,gs_latam_talent,410.35,3142,132
2025-06-19,Paid Social,fb_founders,306.08,11894,226
2025-06-19,Outbound,cold_email_q1,74.68,0,0
2025-06-20,Paid Search,gs_competitor,514.56,3928,165
2025-06-20,Paid Social,li_agency_owners,354.97,13789,262
2025-06-20,Outbound,linkedin_dm,101.85,0,0
2025-06-21,Paid Search,gs_latam_talent,103.94,785,33
2025-06-21,Paid Social,fb_retarget,75.43,2894,55
2025-06-21,Outbound,linkedin_dm,18.27,0,0
2025-06-22,Paid Search,gs_va_hire,119.87,904,38
2025-06-22,Paid Social,fb_founders,88.33,3421,65
2025-06-22,Outbound,cold_email_q1,27.65,0,0
2025-06-23,Paid Search,gs_latam_talent,421.82,3238,136
2025-06-23,Paid Social,fb_retarget,225.66,8789,167
2025-06-23,Outbound,cold_email_q1,67.16,0,0
2025-06-24,Paid Search,gs_va_hire,516.32,3952,166
2025-06-24,Paid Social,fb_retarget,315.13,12263,233
2025-06-24,Outbound,cold_email_q1,110.72,0,0
2025-06-25,Paid Search,gs_latam_talent,498.83,3809,160
2025-06-25,Paid Social,li_agency_owners,284.95,11105,211
2025-06-25,Outbound,cold_email_q2,73.22,0,0
2025-06-26,Paid Search,gs_latam_talent,392.41,3000,126
2025-06-26,Paid Social,fb_retarget,380.84,14842,282
2025-06-26,Outbound,linkedin_dm,112.25,0,0
2025-06-27,Paid Search,gs_latam_talent,388.53,2976,125
2025-06-27,Paid Social,fb_retarget,284.36,11052,210
2025-06-27,Outbound,cold_email_q1,98.75,0,0
2025-06-28,Paid Search,gs_va_hire,121.34,928,39
2025-06-28,Paid Social,li_agency_owners,54.84,2105,40
2025-06-28,Outbound,cold_email_q2,19.06,0,0
2025-06-29,Paid Search,gs_competitor,127.16,976,41
2025-06-29,Paid Social,li_agency_owners,84.3,3263,62
2025-06-29,Outbound,cold_email_q1,20.41,0,0
2025-06-30,Paid Search,gs_va_hire,383.68,2928,123
2025-06-30,Paid Social,li_agency_owners,311.16,12105,230
2025-06-30,Outbound,cold_email_q2,66.51,0,0
2025-07-01,Paid Search,gs_latam_talent,474.81,3642,153
2025-07-01,Paid Social,fb_founders,234.54,9105,173
2025-07-01,Outbound,,86.61,0,0
2025-07-02,Paid Search,gs_competitor,415.35,3166,133
2025-07-02,Paid Social,li_agency_owners,253.17,9842,187
2025-07-02,Outbound,cold_email_q1,106.33,0,0
2025-07-03,Paid Search,gs_va_hire,313.13,2404,101
2025-07-03,Paid Social,fb_retarget,263.7,10263,195
2025-07-03,Outbound,cold_email_q1,67.67,0,0
2025-07-04,Paid Search,gs_competitor,337.6,2571,108
2025-07-04,Paid Social,li_agency_owners,341.5,13263,252
2025-07-04,Outbound,,69.18,0,0
2025-07-05,Paid Search,gs_latam_talent,112.22,857,36
2025-07-05,Paid Social,fb_founders,63.41,2421,46
2025-07-05,Outbound,linkedin_dm,15.11,0,0
2025-07-06,Paid Search,gs_competitor,119.14,904,38
2025-07-06,Paid Social,fb_founders,66.37,2578,49
2025-07-06,Outbound,linkedin_dm,19.05,0,0
2025-07-07,Paid Search,gs_va_hire,295.31,2261,95
2025-07-07,Paid Social,fb_founders,229.27,8894,169
2025-07-07,Outbound,linkedin_dm,60.47,0,0
2025-07-08,Paid Search,gs_va_hire,362.95,2785,117
2025-07-08,Paid Social,fb_retarget,290.37,11315,215
2025-07-08,Outbound,linkedin_dm,76.56,0,0
2025-07-09,Paid Search,gs_va_hire,334.34,2547,107
2025-07-09,Paid Social,fb_founders,353.08,13736,261
2025-07-09,Outbound,cold_email_q1,108.83,0,0
2025-07-10,Paid Search,gs_va_hire,353.89,2714,114
2025-07-10,Paid Social,li_agency_owners,300.6,11684,222
2025-07-10,Outbound,linkedin_dm,103.38,0,0
2025-07-11,Paid Search,gs_va_hire,431.07,3309,139
2025-07-11,Paid Social,fb_retarget,206.02,8000,152
2025-07-11,Outbound,linkedin_dm,93.31,0,0
2025-07-12,Paid Search,gs_va_hire,82.24,619,26
2025-07-12,Paid Social,fb_retarget,72.88,2789,53
2025-07-12,Outbound,cold_email_q2,15.19,0,0
2025-07-13,Paid Search,gs_competitor,90.47,690,29
2025-07-13,Paid Social,li_agency_owners,64.62,2473,47
2025-07-13,Outbound,cold_email_q2,21.42,0,0
2025-07-14,Paid Search,gs_latam_talent,354.4,2714,114
2025-07-14,Paid Social,fb_founders,271.66,10578,201
2025-07-14,Outbound,linkedin_dm,66.21,0,0
2025-07-15,Paid Search,gs_va_hire,338.74,2595,109
2025-07-15,Paid Social,li_agency_owners,221.39,8578,163
2025-07-15,Outbound,cold_email_q1,102.55,0,0
2025-07-16,Paid Search,gs_competitor,291.91,2238,94
2025-07-16,Paid Social,fb_founders,209.39,8157,155
2025-07-16,Outbound,cold_email_q2,86.91,0,0
2025-07-17,Paid Search,gs_latam_talent,353.73,2714,114
2025-07-17,Paid Social,li_agency_owners,346.57,13473,256
2025-07-17,Outbound,cold_email_q2,102.87,0,0
2025-07-18,Paid Search,gs_competitor,363.9,2785,117
2025-07-18,Paid Social,fb_founders,291.26,11315,215
2025-07-18,Outbound,cold_email_q2,82.04,0,0
2025-07-19,Paid Search,gs_latam_talent,96.79,738,31
2025-07-19,Paid Social,fb_founders,86.09,3315,63
2025-07-19,Outbound,cold_email_q1,21.64,0,0
2025-07-20,Paid Search,gs_competitor,82.46,619,26
2025-07-20,Paid Social,li_agency_owners,52.89,2052,39
2025-07-20,Outbound,cold_email_q2,17.13,0,0
2025-07-21,Paid Search,gs_va_hire,279.04,2142,90
2025-07-21,Paid Social,fb_retarget,271.77,10578,201
2025-07-21,Outbound,cold_email_q1,83.94,0,0
2025-07-22,Paid Search,gs_latam_talent,306.08,2333,98
2025-07-22,Paid Social,fb_founders,320.34,12473,237
2025-07-22,Outbound,cold_email_q2,85.61,0,0
2025-07-23,Paid Search,gs_va_hire,309.22,2357,99
2025-07-23,Paid Social,fb_founders,247.42,9631,183
2025-07-23,Outbound,cold_email_q2,76.09,0,0
2025-07-24,Paid Search,gs_latam_talent,397.83,3047,128
2025-07-24,Paid Social,fb_founders,269.1,10473,199
2025-07-24,Outbound,linkedin_dm,65.66,0,0
2025-07-25,Paid Search,gs_latam_talent,362.96,2785,117
2025-07-25,Paid Social,fb_founders,220.39,8578,163
2025-07-25,Outbound,linkedin_dm,110.64,0,0
2025-07-26,Paid Search,gs_competitor,66.73,499,21
2025-07-26,Paid Social,fb_founders,51.5,2000,38
2025-07-26,Outbound,cold_email_q1,20.19,0,0
2025-07-27,Paid Search,gs_competitor,91.1,690,29
2025-07-27,Paid Social,fb_retarget,61.6,2368,45
2025-07-27,Outbound,linkedin_dm,20.8,0,0
2025-07-28,Paid Search,gs_competitor,459.03,3523,148
2025-07-28,Paid Social,li_agency_owners,283.11,11000,209
2025-07-28,Outbound,linkedin_dm,84.4,0,0
2025-07-29,Paid Search,gs_latam_talent,297.35,2261,95
2025-07-29,Paid Social,fb_founders,327.38,12736,242
2025-07-29,Outbound,linkedin_dm,62.35,0,0
2025-07-30,Paid Search,gs_va_hire,374.7,2857,120
2025-07-30,Paid Social,li_agency_owners,248.5,9684,184
2025-07-30,Outbound,cold_email_q2,90.66,0,0
2025-07-31,Paid Search,gs_va_hire,313.47,2404,101
2025-07-31,Paid Social,fb_retarget,256.1,9947,189
2025-07-31,Outbound,cold_email_q1,68.96,0,0
2025-08-01,Paid Search,gs_va_hire,464.0,3547,149
2025-08-01,Paid Social,fb_founders,251.92,9789,186
2025-08-01,Outbound,linkedin_dm,81.66,0,0
2025-08-02,Paid Search,gs_latam_talent,110.76,833,35
2025-08-02,Paid Social,fb_retarget,95.5,3684,70
2025-08-02,Outbound,linkedin_dm,20.87,0,0
2025-08-03,Paid Search,gs_competitor,83.79,642,27
2025-08-03,Paid Social,fb_retarget,63.8,2473,47
2025-08-03,Outbound,cold_email_q1,28.09,0,0
2025-08-04,Paid Search,gs_latam_talent,479.84,3666,154
2025-08-04,Paid Social,fb_retarget,357.39,13894,264
2025-08-04,Outbound,cold_email_q1,117.05,0,0
2025-08-05,Paid Search,gs_latam_talent,398.57,3047,128
2025-08-05,Paid Social,fb_retarget,309.55,12052,229
2025-08-05,Outbound,linkedin_dm,96.68,0,0
2025-08-06,Paid Search,gs_competitor,518.23,3976,167
2025-08-06,Paid Social,li_agency_owners,315.06,12263,233
2025-08-06,Outbound,cold_email_q2,80.72,0,0
2025-08-07,Paid Search,gs_competitor,416.56,3190,134
2025-08-07,Paid Social,fb_retarget,377.49,14684,279
2025-08-07,Outbound,cold_email_q2,116.21,0,0
2025-08-08,Paid Search,gs_va_hire,408.31,3119,131
2025-08-08,Paid Social,fb_founders,274.52,10684,203
2025-08-08,Outbound,cold_email_q1,106.76,0,0
2025-08-09,Paid Search,gs_latam_talent,102.49,785,33
2025-08-09,Paid Social,fb_retarget,82.59,3210,61
2025-08-09,Outbound,cold_email_q1,19.32,0,0
2025-08-10,Paid Search,gs_va_hire,123.4,928,39
2025-08-10,Paid Social,fb_founders,55.26,2105,40
2025-08-10,Outbound,cold_email_q1,17.43,0,0
2025-08-11,Paid Search,gs_va_hire,453.71,3476,146
2025-08-11,Paid Social,fb_retarget,377.98,14684,279
2025-08-11,Outbound,cold_email_q1,73.79,0,0
2025-08-12,Paid Search,gs_va_hire,353.46,2714,114
2025-08-12,Paid Social,fb_founders,273.06,10631,202
2025-08-12,Outbound,cold_email_q1,99.43,0,0
2025-08-13,Paid Search,gs_competitor,497.21,3809,160
2025-08-13,Paid Social,fb_retarget,265.61,10315,196
2025-08-13,Outbound,linkedin_dm,63.47,0,0
2025-08-14,Paid Search,gs_competitor,462.24,3547,149
2025-08-14,Paid Social,,263.77,10263,195
2025-08-14,Outbound,linkedin_dm,74.89,0,0
2025-08-15,Paid Search,gs_latam_talent,498.41,3809,160
2025-08-15,Paid Social,li_agency_owners,310.58,12105,230
2025-08-15,Outbound,cold_email_q2,116.2,0,0
2025-08-16,Paid Search,gs_va_hire,117.2,880,37
2025-08-16,Paid Social,fb_founders,82.32,3157,60
2025-08-16,Outbound,cold_email_q2,24.62,0,0
2025-08-17,Paid Search,gs_latam_talent,109.76,833,35
2025-08-17,Paid Social,li_agency_owners,58.27,2263,43
2025-08-17,Outbound,cold_email_q1,17.98,0,0
2025-08-18,Paid Search,gs_va_hire,296.65,2261,95
2025-08-18,Paid Social,fb_retarget,222.4,8631,164
2025-08-18,Outbound,cold_email_q2,75.25,0,0
2025-08-19,Paid Search,gs_competitor,431.66,3309,139
2025-08-19,Paid Social,li_agency_owners,307.04,11947,227
2025-08-19,Outbound,cold_email_q1,96.4,0,0
2025-08-20,Paid Search,gs_competitor,468.4,3595,151
2025-08-20,Paid Social,fb_retarget,324.47,12631,240
2025-08-20,Outbound,cold_email_q2,87.04,0,0
2025-08-21,Paid Search,gs_va_hire,489.17,3738,157
2025-08-21,Paid Social,fb_retarget,366.77,14263,271
2025-08-21,Outbound,cold_email_q2,109.3,0,0
2025-08-22,Paid Search,gs_va_hire,415.1,3166,133
2025-08-22,Paid Social,fb_retarget,223.52,8684,165
2025-08-22,Outbound,cold_email_q1,86.9,0,0
2025-08-23,Paid Search,gs_va_hire,111.64,857,36
2025-08-23,Paid Social,li_agency_owners,67.31,2578,49
2025-08-23,Outbound,cold_email_q1,27.86,0,0
2025-08-24,Paid Search,gs_latam_talent,78.7,595,25
2025-08-24,Paid Social,fb_retarget,80.14,3105,59
2025-08-24,Outbound,cold_email_q1,28.43,0,0
2025-08-25,Paid Search,gs_competitor,509.64,3904,164
2025-08-25,Paid Social,li_agency_owners,250.93,9736,185
2025-08-25,Outbound,linkedin_dm,89.78,0,0
2025-08-26,Paid Search,gs_competitor,356.41,2714,114
2025-08-26,Paid Social,li_agency_owners,317.23,12315,234
2025-08-26,Outbound,cold_email_q1,93.79,0,0
2025-08-27,Paid Search,gs_latam_talent,387.5,2976,125
2025-08-27,Paid Social,fb_retarget,254.63,9894,188
2025-08-27,Outbound,,74.58,0,0
2025-08-28,Paid Search,gs_va_hire,331.99,2547,107
2025-08-28,Paid Social,fb_retarget,311.79,12105,230
2025-08-28,Outbound,cold_email_q1,64.79,0,0
2025-08-29,Paid Search,gs_latam_talent,479.92,3666,154
2025-08-29,Paid Social,li_agency_owners,352.77,13736,261
2025-08-29,Outbound,linkedin_dm,72.9,0,0
2025-08-30,Paid Search,gs_latam_talent,116.71,880,37
2025-08-30,Paid Social,,80.61,3105,59
2025-08-30,Outbound,linkedin_dm,28.56,0,0
2025-08-31,Paid Search,gs_competitor,98.26,738,31
2025-08-31,Paid Social,fb_retarget,75.13,2894,55
2025-08-31,Outbound,linkedin_dm,22.5,0,0
2025-09-01,Paid Search,gs_va_hire,529.34,4047,170
2025-09-01,Paid Social,fb_founders,314.43,12210,232
2025-09-01,Outbound,linkedin_dm,121.55,0,0
2025-09-02,Paid Search,gs_latam_talent,374.46,2857,120
2025-09-02,Paid Social,fb_founders,266.31,10368,197
2025-09-02,Outbound,cold_email_q1,75.03,0,0
2025-09-03,Paid Search,gs_va_hire,310.87,2380,100
2025-09-03,Paid Social,fb_founders,355.8,13842,263
2025-09-03,Outbound,cold_email_q1,86.97,0,0
2025-09-04,Paid Search,gs_va_hire,520.3,3976,167
2025-09-04,Paid Social,fb_founders,222.75,8684,165
2025-09-04,Outbound,cold_email_q2,107.61,0,0
2025-09-05,Paid Search,gs_va_hire,527.72,4047,170
2025-09-05,Paid Social,,388.05,15105,287
2025-09-05,Outbound,linkedin_dm,72.68,0,0
2025-09-06,Paid Search,gs_va_hire,127.24,976,41
2025-09-06,Paid Social,fb_retarget,81.74,3157,60
2025-09-06,Outbound,linkedin_dm,29.94,0,0
2025-09-07,Paid Search,gs_competitor,135.09,1023,43
2025-09-07,Paid Social,fb_founders,96.24,3736,71
2025-09-07,Outbound,linkedin_dm,16.9,0,0
2025-09-08,Paid Search,gs_competitor,359.65,2761,116
2025-09-08,Paid Social,fb_retarget,269.95,10473,199
2025-09-08,Outbound,cold_email_q1,102.12,0,0
2025-09-09,Paid Search,gs_competitor,306.16,2333,98
2025-09-09,Paid Social,fb_founders,258.39,10052,191
2025-09-09,Outbound,cold_email_q1,110.47,0,0
2025-09-10,Paid Search,gs_latam_talent,389.32,2976,125
2025-09-10,Paid Social,fb_retarget,348.14,13526,257
2025-09-10,Outbound,cold_email_q1,71.24,0,0
2025-09-11,Paid Search,gs_latam_talent,448.92,3428,144
2025-09-11,Paid Social,fb_founders,348.05,13526,257
2025-09-11,Outbound,linkedin_dm,115.13,0,0
2025-09-12,Paid Search,gs_competitor,320.25,2452,103
2025-09-12,Paid Social,fb_founders,345.27,13421,255
2025-09-12,Outbound,cold_email_q2,78.73,0,0
2025-09-13,Paid Search,gs_competitor,105.64,809,34
2025-09-13,Paid Social,fb_founders,84.29,3263,62
2025-09-13,Outbound,linkedin_dm,23.23,0,0
2025-09-14,Paid Search,gs_latam_talent,133.72,1023,43
2025-09-14,Paid Social,li_agency_owners,87.45,3368,64
2025-09-14,Outbound,cold_email_q2,17.03,0,0
2025-09-15,Paid Search,gs_competitor,529.19,4047,170
2025-09-15,Paid Social,fb_founders,251.13,9789,186
2025-09-15,Outbound,cold_email_q1,96.4,0,0
2025-09-16,Paid Search,gs_competitor,392.54,3000,126
2025-09-16,Paid Social,li_agency_owners,387.65,15105,287
2025-09-16,Outbound,cold_email_q2,91.77,0,0
2025-09-17,Paid Search,gs_va_hire,339.25,2595,109
2025-09-17,Paid Social,li_agency_owners,275.4,10684,203
2025-09-17,Outbound,linkedin_dm,119.18,0,0
2025-09-18,Paid Search,gs_competitor,349.27,2666,112
2025-09-18,Paid Social,li_agency_owners,266.65,10368,197
2025-09-18,Outbound,cold_email_q2,74.47,0,0
2025-09-19,Paid Search,gs_latam_talent,431.36,3309,139
2025-09-19,Paid Social,fb_retarget,361.77,14052,267
2025-09-19,Outbound,cold_email_q2,98.42,0,0
2025-09-20,Paid Search,gs_va_hire,130.33,999,42
2025-09-20,Paid Social,li_agency_owners,87.64,3368,64
2025-09-20,Outbound,cold_email_q1,25.73,0,0
2025-09-21,Paid Search,gs_competitor,134.09,1023,43
2025-09-21,Paid Social,li_agency_owners,66.19,2578,49
2025-09-21,Outbound,cold_email_q2,17.46,0,0
2025-09-22,Paid Search,gs_latam_talent,464.82,3547,149
2025-09-22,Paid Social,fb_retarget,230.23,8947,170
2025-09-22,Outbound,cold_email_q2,119.36,0,0
2025-09-23,Paid Search,gs_va_hire,302.07,2309,97
2025-09-23,Paid Social,fb_founders,271.31,10526,200
2025-09-23,Outbound,cold_email_q2,111.02,0,0
2025-09-24,Paid Search,gs_competitor,392.76,3000,126
2025-09-24,Paid Social,fb_founders,393.13,15315,291
2025-09-24,Outbound,cold_email_q1,111.09,0,0
2025-09-25,Paid Search,gs_competitor,540.34,4142,174
2025-09-25,Paid Social,li_agency_owners,394.95,15368,292
2025-09-25,Outbound,cold_email_q1,106.04,0,0
2025-09-26,Paid Search,gs_competitor,394.9,3023,127
2025-09-26,Paid Social,li_agency_owners,282.87,11000,209
2025-09-26,Outbound,linkedin_dm,81.99,0,0
2025-09-27,Paid Search,gs_competitor,87.19,666,28
2025-09-27,Paid Social,fb_retarget,72.05,2789,53
2025-09-27,Outbound,cold_email_q1,20.02,0,0
2025-09-28,Paid Search,gs_competitor,110.14,833,35
2025-09-28,Paid Social,fb_founders,88.3,3421,65
2025-09-28,Outbound,cold_email_q1,17.74,0,0
2025-09-29,Paid Search,gs_va_hire,506.76,3880,163
2025-09-29,Paid Social,li_agency_owners,274.51,10684,203
2025-09-29,Outbound,cold_email_q1,71.3,0,0
2025-09-30,Paid Search,gs_va_hire,462.39,3547,149
2025-09-30,Paid Social,fb_founders,278.8,10842,206
2025-09-30,Outbound,linkedin_dm,111.58,0,0
2025-10-01,Paid Search,gs_latam_talent,317.93,2428,102
2025-10-01,Paid Social,fb_founders,343.35,13368,254
2025-10-01,Outbound,cold_email_q1,87.64,0,0
2025-10-02,Paid Search,gs_latam_talent,446.57,3428,144
2025-10-02,Paid Social,li_agency_owners,338.75,13157,250
2025-10-02,Outbound,cold_email_q1,72.16,0,0
2025-10-03,Paid Search,gs_latam_talent,436.25,3333,140
2025-10-03,Paid Social,fb_retarget,355.64,13842,263
2025-10-03,Outbound,cold_email_q1,92.51,0,0
2025-10-04,Paid Search,gs_va_hire,102.95,785,33
2025-10-04,Paid Social,fb_founders,99.62,3842,73
2025-10-04,Outbound,cold_email_q1,26.74,0,0
2025-10-05,Paid Search,gs_latam_talent,79.96,595,25
2025-10-05,Paid Social,li_agency_owners,86.86,3368,64
2025-10-05,Outbound,cold_email_q2,27.57,0,0
2025-10-06,Paid Search,gs_va_hire,424.07,3238,136
2025-10-06,Paid Social,fb_retarget,271.87,10578,201
2025-10-06,Outbound,cold_email_q1,102.65,0,0
2025-10-07,Paid Search,gs_latam_talent,412.47,3166,133
2025-10-07,Paid Social,li_agency_owners,231.86,9000,171
2025-10-07,Outbound,cold_email_q2,68.86,0,0
2025-10-08,Paid Search,gs_latam_talent,314.61,2404,101
2025-10-08,Paid Social,li_agency_owners,263.0,10210,194
2025-10-08,Outbound,cold_email_q2,68.94,0,0
2025-10-09,Paid Search,gs_latam_talent,424.44,3238,136
2025-10-09,Paid Social,li_agency_owners,379.92,14789,281
2025-10-09,Outbound,linkedin_dm,79.36,0,0
2025-10-10,Paid Search,gs_latam_talent,501.6,3833,161
2025-10-10,Paid Social,li_agency_owners,344.64,13421,255
2025-10-10,Outbound,cold_email_q1,81.01,0,0
2025-10-11,Paid Search,gs_latam_talent,85.42,642,27
2025-10-11,Paid Social,fb_founders,81.47,3157,60
2025-10-11,Outbound,cold_email_q2,25.16,0,0
2025-10-12,Paid Search,gs_competitor,96.99,738,31
2025-10-12,Paid Social,fb_retarget,77.12,3000,57
2025-10-12,Outbound,linkedin_dm,22.51,0,0
2025-10-13,Paid Search,gs_latam_talent,390.01,2976,125
2025-10-13,Paid Social,fb_retarget,279.9,10894,207
2025-10-13,Outbound,linkedin_dm,69.28,0,0
2025-10-14,Paid Search,gs_latam_talent,453.01,3476,146
2025-10-14,Paid Social,li_agency_owners,307.79,11947,227
2025-10-14,Outbound,cold_email_q2,74.32,0,0
2025-10-15,Paid Search,gs_va_hire,363.06,2785,117
2025-10-15,Paid Social,fb_retarget,258.95,10052,191
2025-10-15,Outbound,cold_email_q1,87.78,0,0
2025-10-16,Paid Search,gs_latam_talent,396.28,3023,127
2025-10-16,Paid Social,li_agency_owners,365.2,14210,270
2025-10-16,Outbound,cold_email_q1,101.49,0,0
2025-10-17,Paid Search,gs_latam_talent,300.67,2285,96
2025-10-17,Paid Social,fb_founders,250.31,9736,185
2025-10-17,Outbound,linkedin_dm,74.7,0,0
2025-10-18,Paid Search,gs_va_hire,85.59,642,27
2025-10-18,Paid Social,fb_retarget,67.43,2578,49
2025-10-18,Outbound,cold_email_q1,25.34,0,0
2025-10-19,Paid Search,gs_va_hire,116.64,880,37
2025-10-19,Paid Social,li_agency_owners,55.96,2157,41
2025-10-19,Outbound,linkedin_dm,24.45,0,0
2025-10-20,Paid Search,gs_va_hire,305.5,2333,98
2025-10-20,Paid Social,fb_founders,259.45,10105,192
2025-10-20,Outbound,cold_email_q2,88.58,0,0
2025-10-21,Paid Search,gs_competitor,454.8,3476,146
2025-10-21,Paid Social,li_agency_owners,234.44,9105,173
2025-10-21,Outbound,linkedin_dm,105.65,0,0
2025-10-22,Paid Search,gs_va_hire,420.41,3214,135
2025-10-22,Paid Social,fb_retarget,392.23,15263,290
2025-10-22,Outbound,cold_email_q1,92.96,0,0
2025-10-23,Paid Search,gs_latam_talent,371.75,2833,119
2025-10-23,Paid Social,fb_founders,291.23,11315,215
2025-10-23,Outbound,cold_email_q2,120.46,0,0
2025-10-24,Paid Search,gs_competitor,408.17,3119,131
2025-10-24,Paid Social,li_agency_owners,248.94,9684,184
2025-10-24,Outbound,linkedin_dm,96.85,0,0
2025-10-25,Paid Search,gs_va_hire,108.33,809,34
2025-10-25,Paid Social,fb_founders,88.97,3421,65
2025-10-25,Outbound,linkedin_dm,17.65,0,0
2025-10-26,Paid Search,gs_va_hire,97.88,738,31
2025-10-26,Paid Social,fb_founders,94.21,3631,69
2025-10-26,Outbound,linkedin_dm,28.39,0,0
2025-10-27,Paid Search,gs_va_hire,459.49,3523,148
2025-10-27,Paid Social,fb_founders,264.87,10315,196
2025-10-27,Outbound,cold_email_q1,107.0,0,0
2025-10-28,Paid Search,gs_competitor,464.52,3547,149
2025-10-28,Paid Social,fb_retarget,292.08,11368,216
2025-10-28,Outbound,linkedin_dm,118.11,0,0
2025-10-29,Paid Search,gs_competitor,353.56,2714,114
2025-10-29,Paid Social,fb_founders,273.86,10631,202
2025-10-29,Outbound,cold_email_q1,115.57,0,0
2025-10-30,Paid Search,gs_competitor,316.15,2404,101
2025-10-30,Paid Social,fb_retarget,386.19,15052,286
2025-10-30,Outbound,,102.71,0,0
2025-10-31,Paid Search,gs_latam_talent,308.02,2357,99
2025-10-31,Paid Social,li_agency_owners,329.93,12842,244
2025-10-31,Outbound,cold_email_q2,93.13,0,0
2025-11-01,Paid Search,gs_va_hire,115.69,880,37
2025-11-01,Paid Social,li_agency_owners,63.26,2421,46
2025-11-01,Outbound,cold_email_q1,20.04,0,0
2025-11-02,Paid Search,gs_va_hire,122.87,928,39
2025-11-02,Paid Social,,88.73,3421,65
2025-11-02,Outbound,cold_email_q2,27.56,0,0
2025-11-03,Paid Search,,296.74,2261,95
2025-11-03,Paid Social,fb_retarget,380.26,14789,281
2025-11-03,Outbound,linkedin_dm,76.42,0,0
2025-11-04,Paid Search,gs_latam_talent,543.33,4166,175
2025-11-04,Paid Social,fb_founders,231.86,9000,171
2025-11-04,Outbound,cold_email_q2,105.46,0,0
2025-11-05,Paid Search,gs_latam_talent,520.78,3976,167
2025-11-05,Paid Social,fb_founders,224.94,8736,166
2025-11-05,Outbound,cold_email_q1,99.03,0,0
2025-11-06,Paid Search,gs_latam_talent,307.32,2357,99
2025-11-06,Paid Social,fb_founders,389.41,15157,288
2025-11-06,Outbound,linkedin_dm,106.55,0,0
2025-11-07,Paid Search,gs_latam_talent,304.03,2333,98
2025-11-07,Paid Social,fb_founders,246.89,9578,182
2025-11-07,Outbound,cold_email_q2,118.28,0,0
2025-11-08,Paid Search,gs_competitor,124.01,952,40
2025-11-08,Paid Social,fb_retarget,69.66,2684,51
2025-11-08,Outbound,cold_email_q2,24.28,0,0
2025-11-09,Paid Search,gs_latam_talent,85.28,642,27
2025-11-09,Paid Social,fb_retarget,60.8,2368,45
2025-11-09,Outbound,cold_email_q1,16.63,0,0
2025-11-10,Paid Search,gs_latam_talent,538.28,4119,173
2025-11-10,Paid Social,li_agency_owners,308.95,12000,228
2025-11-10,Outbound,linkedin_dm,104.93,0,0
2025-11-11,Paid Search,gs_competitor,503.83,3857,162
2025-11-11,Paid Social,fb_retarget,401.82,15631,297
2025-11-11,Outbound,linkedin_dm,76.36,0,0
2025-11-12,Paid Search,gs_latam_talent,324.94,2476,104
2025-11-12,Paid Social,fb_founders,345.48,13421,255
2025-11-12,Outbound,cold_email_q2,96.07,0,0
2025-11-13,Paid Search,gs_latam_talent,391.68,3000,126
2025-11-13,Paid Social,fb_founders,227.86,8842,168
2025-11-13,Outbound,cold_email_q2,90.43,0,0
2025-11-14,Paid Search,gs_latam_talent,466.69,3571,150
2025-11-14,Paid Social,li_agency_owners,400.83,15578,296
2025-11-14,Outbound,cold_email_q2,69.74,0,0
2025-11-15,Paid Search,gs_va_hire,74.15,547,23
2025-11-15,Paid Social,fb_retarget,57.94,2210,42
2025-11-15,Outbound,cold_email_q1,23.95,0,0
2025-11-16,Paid Search,gs_va_hire,94.37,714,30
2025-11-16,Paid Social,fb_retarget,68.88,2684,51
2025-11-16,Outbound,cold_email_q1,16.75,0,0
2025-11-17,Paid Search,gs_competitor,313.37,2404,101
2025-11-17,Paid Social,fb_retarget,266.88,10368,197
2025-11-17,Outbound,cold_email_q2,73.38,0,0
2025-11-18,Paid Search,gs_competitor,363.39,2785,117
2025-11-18,Paid Social,fb_founders,247.31,9631,183
2025-11-18,Outbound,cold_email_q1,73.64,0,0
2025-11-19,Paid Search,gs_va_hire,385.76,2952,124
2025-11-19,Paid Social,fb_retarget,236.36,9210,175
2025-11-19,Outbound,cold_email_q1,115.39,0,0
2025-11-20,Paid Search,gs_latam_talent,463.93,3547,149
2025-11-20,Paid Social,fb_founders,374.83,14578,277
2025-11-20,Outbound,,95.52,0,0
2025-11-21,Paid Search,gs_latam_talent,420.42,3214,135
2025-11-21,Paid Social,fb_founders,351.05,13684,260
2025-11-21,Outbound,cold_email_q1,115.95,0,0
2025-11-22,Paid Search,gs_va_hire,124.18,952,40
2025-11-22,Paid Social,fb_retarget,69.32,2684,51
2025-11-22,Outbound,cold_email_q2,25.84,0,0
2025-11-23,Paid Search,gs_competitor,120.16,904,38
2025-11-23,Paid Social,fb_founders,88.16,3421,65
2025-11-23,Outbound,,19.6,0,0
2025-11-24,Paid Search,gs_latam_talent,413.22,3166,133
2025-11-24,Paid Social,fb_retarget,266.03,10368,197
2025-11-24,Outbound,linkedin_dm,119.7,0,0
2025-11-25,Paid Search,gs_competitor,410.64,3142,132
2025-11-25,Paid Social,fb_retarget,274.82,10684,203
2025-11-25,Outbound,cold_email_q1,100.09,0,0
2025-11-26,Paid Search,gs_va_hire,530.43,4071,171
2025-11-26,Paid Social,fb_founders,223.55,8684,165
2025-11-26,Outbound,cold_email_q2,107.74,0,0
2025-11-27,Paid Search,gs_va_hire,506.9,3880,163
2025-11-27,Paid Social,fb_founders,361.7,14052,267
2025-11-27,Outbound,cold_email_q2,99.35,0,0
2025-11-28,Paid Search,gs_competitor,348.51,2666,112
2025-11-28,Paid Social,fb_retarget,264.66,10315,196
2025-11-28,Outbound,cold_email_q2,108.41,0,0
2025-11-29,Paid Search,gs_va_hire,112.28,857,36
2025-11-29,Paid Social,li_agency_owners,92.65,3578,68
2025-11-29,Outbound,cold_email_q1,21.05,0,0
2025-11-30,Paid Search,gs_competitor,97.28,738,31
2025-11-30,Paid Social,fb_founders,79.27,3052,58
2025-11-30,Outbound,linkedin_dm,28.17,0,0
2025-12-01,Paid Search,gs_competitor,212.52,1619,68
2025-12-01,Paid Social,fb_retarget,171.83,6684,127
2025-12-01,Outbound,linkedin_dm,40.47,0,0
2025-12-02,Paid Search,gs_latam_talent,189.96,1452,61
2025-12-02,Paid Social,li_agency_owners,224.45,8736,166
2025-12-02,Outbound,cold_email_q1,62.44,0,0
2025-12-03,Paid Search,gs_competitor,302.41,2309,97
2025-12-03,Paid Social,fb_retarget,165.3,6421,122
2025-12-03,Outbound,cold_email_q1,57.09,0,0
2025-12-04,Paid Search,gs_latam_talent,198.87,1523,64
2025-12-04,Paid Social,fb_retarget,182.37,7105,135
2025-12-04,Outbound,cold_email_q2,50.4,0,0
2025-12-05,Paid Search,gs_va_hire,199.67,1523,64
2025-12-05,Paid Social,fb_founders,226.76,8789,167
2025-12-05,Outbound,cold_email_q1,67.66,0,0
2025-12-06,Paid Search,gs_competitor,76.53,571,24
2025-12-06,Paid Social,li_agency_owners,32.59,1263,24
2025-12-06,Outbound,cold_email_q2,15.91,0,0
2025-12-07,Paid Search,gs_competitor,74.97,571,24
2025-12-07,Paid Social,fb_founders,44.38,1684,32
2025-12-07,Outbound,cold_email_q1,11.81,0,0
2025-12-08,Paid Search,gs_va_hire,215.36,1642,69
2025-12-08,Paid Social,li_agency_owners,211.36,8210,156
2025-12-08,Outbound,cold_email_q2,46.22,0,0
2025-12-09,Paid Search,gs_va_hire,249.03,1904,80
2025-12-09,Paid Social,li_agency_owners,235.87,9157,174
2025-12-09,Outbound,linkedin_dm,65.41,0,0
2025-12-10,Paid Search,gs_latam_talent,268.19,2047,86
2025-12-10,Paid Social,fb_retarget,227.21,8842,168
2025-12-10,Outbound,cold_email_q1,71.71,0,0
2025-12-11,Paid Search,gs_competitor,204.1,1547,65
2025-12-11,Paid Social,fb_founders,241.25,9368,178
2025-12-11,Outbound,cold_email_q1,55.82,0,0
2025-12-12,Paid Search,gs_latam_talent,257.62,1976,83
2025-12-12,Paid Social,fb_founders,211.25,8210,156
2025-12-12,Outbound,linkedin_dm,52.01,0,0
2025-12-13,Paid Search,gs_va_hire,72.23,547,23
2025-12-13,Paid Social,li_agency_owners,58.26,2263,43
2025-12-13,Outbound,cold_email_q2,13.69,0,0
2025-12-14,Paid Search,gs_competitor,44.19,333,14
2025-12-14,Paid Social,fb_founders,46.91,1789,34
2025-12-14,Outbound,cold_email_q1,15.85,0,0
2025-12-15,Paid Search,gs_latam_talent,199.79,1523,64
2025-12-15,Paid Social,fb_founders,171.33,6631,126
2025-12-15,Outbound,cold_email_q1,56.46,0,0
2025-12-16,Paid Search,gs_latam_talent,254.58,1952,82
2025-12-16,Paid Social,li_agency_owners,171.39,6631,126
2025-12-16,Outbound,cold_email_q1,49.55,0,0
2025-12-17,Paid Search,gs_latam_talent,241.94,1857,78
2025-12-17,Paid Social,fb_founders,200.59,7789,148
2025-12-17,Outbound,cold_email_q1,55.68,0,0
2025-12-18,Paid Search,gs_latam_talent,299.53,2285,96
2025-12-18,Paid Social,fb_retarget,199.09,7736,147
2025-12-18,Outbound,linkedin_dm,51.05,0,0
2025-12-19,Paid Search,gs_latam_talent,302.91,2309,97
2025-12-19,Paid Social,fb_retarget,207.74,8052,153
2025-12-19,Outbound,cold_email_q1,50.0,0,0
2025-12-20,Paid Search,gs_competitor,73.69,547,23
2025-12-20,Paid Social,li_agency_owners,49.9,1894,36
2025-12-20,Outbound,linkedin_dm,15.04,0,0
2025-12-21,Paid Search,gs_latam_talent,46.51,357,15
2025-12-21,Paid Social,fb_founders,48.13,1842,35
2025-12-21,Outbound,linkedin_dm,14.67,0,0
2025-12-22,Paid Search,gs_va_hire,283.02,2166,91
2025-12-22,Paid Social,fb_retarget,172.15,6684,127
2025-12-22,Outbound,cold_email_q1,44.81,0,0
2025-12-23,Paid Search,gs_va_hire,322.27,2452,103
2025-12-23,Paid Social,fb_founders,150.4,5842,111
2025-12-23,Outbound,,40.53,0,0
2025-12-24,Paid Search,gs_competitor,305.83,2333,98
2025-12-24,Paid Social,fb_founders,160.45,6210,118
2025-12-24,Outbound,cold_email_q2,41.91,0,0
2025-12-25,Paid Search,gs_latam_talent,204.81,1571,66
2025-12-25,Paid Social,li_agency_owners,199.52,7736,147
2025-12-25,Outbound,cold_email_q2,45.43,0,0
2025-12-26,Paid Search,gs_va_hire,189.48,1452,61
2025-12-26,Paid Social,fb_founders,197.81,7684,146
2025-12-26,Outbound,linkedin_dm,41.99,0,0
2025-12-27,Paid Search,gs_competitor,79.35,595,25
2025-12-27,Paid Social,li_agency_owners,49.8,1894,36
2025-12-27,Outbound,linkedin_dm,17.43,0,0
2025-12-28,Paid Search,gs_latam_talent,54.28,404,17
2025-12-28,Paid Social,li_agency_owners,37.02,1421,27
2025-12-28,Outbound,linkedin_dm,10.91,0,0
2025-12-29,Paid Search,gs_va_hire,194.56,1476,62
2025-12-29,Paid Social,li_agency_owners,210.14,8157,155
2025-12-29,Outbound,cold_email_q2,68.56,0,0
2025-12-30,Paid Search,gs_va_hire,282.09,2142,90
2025-12-30,Paid Social,fb_retarget,184.24,7157,136
2025-12-30,Outbound,cold_email_q2,52.86,0,0
2025-12-31,Paid Search,gs_latam_talent,186.08,1428,60
2025-12-31,Paid Social,fb_founders,215.77,8368,159
2025-12-31,Outbound,cold_email_q2,54.18,0,0
2026-01-01,Paid Search,gs_latam_talent,264.06,2023,85
2026-01-01,Paid Social,fb_founders,326.68,12684,241
2026-01-01,Outbound,linkedin_dm,79.41,0,0
2026-01-02,Paid Search,gs_va_hire,335.88,2571,108
2026-01-02,Paid Social,li_agency_owners,311.84,12105,230
2026-01-02,Outbound,cold_email_q2,58.64,0,0
2026-01-03,Paid Search,,87.49,666,28
2026-01-03,Paid Social,li_agency_owners,76.25,2947,56
2026-01-03,Outbound,cold_email_q2,22.41,0,0
2026-01-04,Paid Search,gs_latam_talent,72.05,547,23
2026-01-04,Paid Social,fb_retarget,73.3,2842,54
2026-01-04,Outbound,cold_email_q1,19.59,0,0
2026-01-05,Paid Search,gs_competitor,412.34,3166,133
2026-01-05,Paid Social,fb_founders,189.58,7368,140
2026-01-05,Outbound,linkedin_dm,63.18,0,0
2026-01-06,Paid Search,gs_latam_talent,370.09,2833,119
2026-01-06,Paid Social,li_agency_owners,340.94,13263,252
2026-01-06,Outbound,linkedin_dm,97.44,0,0
2026-01-07,Paid Search,gs_va_hire,274.3,2095,88
2026-01-07,Paid Social,fb_retarget,309.4,12052,229
2026-01-07,Outbound,linkedin_dm,63.35,0,0
2026-01-08,Paid Search,gs_competitor,375.03,2857,120
2026-01-08,Paid Social,li_agency_owners,232.23,9052,172
2026-01-08,Outbound,linkedin_dm,79.74,0,0
2026-01-09,Paid Search,gs_competitor,412.98,3166,133
2026-01-09,Paid Social,li_agency_owners,198.74,7736,147
2026-01-09,Outbound,cold_email_q1,103.96,0,0
2026-01-10,Paid Search,gs_competitor,101.68,761,32
2026-01-10,Paid Social,fb_retarget,59.09,2263,43
2026-01-10,Outbound,linkedin_dm,25.97,0,0
2026-01-11,Paid Search,gs_latam_talent,64.56,476,20
2026-01-11,Paid Social,li_agency_owners,49.48,1894,36
2026-01-11,Outbound,linkedin_dm,18.28,0,0
2026-01-12,Paid Search,gs_latam_talent,369.93,2833,119
2026-01-12,Paid Social,li_agency_owners,299.68,11631,221
2026-01-12,Outbound,cold_email_q2,68.42,0,0
2026-01-13,Paid Search,gs_va_hire,445.11,3404,143
2026-01-13,Paid Social,fb_founders,300.87,11684,222
2026-01-13,Outbound,cold_email_q1,72.84,0,0
2026-01-14,Paid Search,gs_va_hire,394.47,3023,127
2026-01-14,Paid Social,li_agency_owners,293.14,11421,217
2026-01-14,Outbound,linkedin_dm,99.26,0,0
2026-01-15,Paid Search,gs_competitor,252.7,1928,81
2026-01-15,Paid Social,fb_retarget,222.85,8684,165
2026-01-15,Outbound,cold_email_q2,71.64,0,0
2026-01-16,Paid Search,gs_latam_talent,405.25,3095,130
2026-01-16,Paid Social,fb_founders,245.59,9526,181
2026-01-16,Outbound,cold_email_q1,97.95,0,0
2026-01-17,Paid Search,gs_va_hire,81.22,619,26
2026-01-17,Paid Social,fb_founders,82.1,3157,60
2026-01-17,Outbound,cold_email_q2,20.01,0,0
2026-01-18,Paid Search,gs_competitor,106.53,809,34
2026-01-18,Paid Social,li_agency_owners,62.19,2421,46
2026-01-18,Outbound,cold_email_q2,22.38,0,0
2026-01-19,Paid Search,gs_va_hire,413.84,3166,133
2026-01-19,Paid Social,fb_founders,255.22,9947,189
2026-01-19,Outbound,cold_email_q1,81.12,0,0
2026-01-20,Paid Search,gs_va_hire,266.13,2023,85
2026-01-20,Paid Social,fb_retarget,322.2,12526,238
2026-01-20,Outbound,cold_email_q1,62.98,0,0
2026-01-21,Paid Search,gs_va_hire,310.45,2380,100
2026-01-21,Paid Social,fb_retarget,310.46,12052,229
2026-01-21,Outbound,cold_email_q2,82.97,0,0
2026-01-22,Paid Search,gs_va_hire,285.45,2190,92
2026-01-22,Paid Social,fb_founders,248.13,9631,183
2026-01-22,Outbound,cold_email_q1,67.65,0,0
2026-01-23,Paid Search,gs_competitor,392.9,3000,126
2026-01-23,Paid Social,fb_founders,223.71,8684,165
2026-01-23,Outbound,cold_email_q1,97.59,0,0
2026-01-24,Paid Search,gs_latam_talent,85.66,642,27
2026-01-24,Paid Social,fb_founders,79.22,3052,58
2026-01-24,Outbound,cold_email_q2,18.01,0,0
2026-01-25,Paid Search,gs_va_hire,70.42,523,22
2026-01-25,Paid Social,fb_retarget,77.33,3000,57
2026-01-25,Outbound,linkedin_dm,14.45,0,0
2026-01-26,Paid Search,gs_latam_talent,380.32,2904,122
2026-01-26,Paid Social,li_agency_owners,292.51,11368,216
2026-01-26,Outbound,linkedin_dm,79.2,0,0
2026-01-27,Paid Search,gs_latam_talent,265.26,2023,85
2026-01-27,Paid Social,li_agency_owners,335.81,13052,248
2026-01-27,Outbound,linkedin_dm,90.68,0,0
2026-01-28,Paid Search,gs_competitor,388.88,2976,125
2026-01-28,Paid Social,fb_retarget,229.14,8894,169
2026-01-28,Outbound,linkedin_dm,97.95,0,0
2026-01-29,Paid Search,,265.54,2023,85
2026-01-29,Paid Social,fb_founders,235.48,9157,174
2026-01-29,Outbound,linkedin_dm,67.14,0,0
2026-01-30,Paid Search,gs_latam_talent,414.86,3166,133
2026-01-30,Paid Social,fb_retarget,246.24,9578,182
2026-01-30,Outbound,linkedin_dm,65.23,0,0
2026-01-31,Paid Search,gs_competitor,112.61,857,36
2026-01-31,Paid Social,fb_founders,63.78,2473,47
2026-01-31,Outbound,cold_email_q1,22.37,0,0
2026-02-01,Paid Search,gs_latam_talent,102.81,785,33
2026-02-01,Paid Social,li_agency_owners,99.65,3842,73
2026-02-01,Outbound,cold_email_q2,17.32,0,0
2026-02-02,Paid Search,gs_va_hire,295.16,2261,95
2026-02-02,Paid Social,fb_founders,273.34,10631,202
2026-02-02,Outbound,cold_email_q2,87.62,0,0
2026-02-03,Paid Search,gs_va_hire,404.7,3095,130
2026-02-03,Paid Social,fb_founders,298.09,11578,220
2026-02-03,Outbound,cold_email_q2,78.81,0,0
2026-02-04,Paid Search,gs_latam_talent,432.9,3309,139
2026-02-04,Paid Social,li_agency_owners,327.9,12736,242
2026-02-04,Outbound,linkedin_dm,112.23,0,0
2026-02-05,Paid Search,gs_competitor,362.15,2761,116
2026-02-05,Paid Social,fb_founders,338.49,13157,250
2026-02-05,Outbound,linkedin_dm,119.21,0,0
2026-02-06,Paid Search,gs_va_hire,367.28,2809,118
2026-02-06,Paid Social,li_agency_owners,269.78,10473,199
2026-02-06,Outbound,cold_email_q2,68.27,0,0
2026-02-07,Paid Search,gs_va_hire,79.88,595,25
2026-02-07,Paid Social,fb_founders,75.38,2894,55
2026-02-07,Outbound,cold_email_q1,26.2,0,0
2026-02-08,Paid Search,gs_competitor,127.07,952,40
2026-02-08,Paid Social,li_agency_owners,100.61,3894,74
2026-02-08,Outbound,cold_email_q1,19.33,0,0
2026-02-09,Paid Search,gs_competitor,490.61,3761,158
2026-02-09,Paid Social,fb_founders,245.65,9526,181
2026-02-09,Outbound,linkedin_dm,79.55,0,0
2026-02-10,Paid Search,gs_latam_talent,484.14,3714,156
2026-02-10,Paid Social,fb_retarget,400.69,15578,296
2026-02-10,Outbound,cold_email_q1,76.79,0,0
2026-02-11,Paid Search,gs_competitor,328.32,2500,105
2026-02-11,Paid Social,li_agency_owners,227.41,8842,168
2026-02-11,Outbound,linkedin_dm,66.65,0,0
2026-02-12,Paid Search,gs_va_hire,327.69,2500,105
2026-02-12,Paid Social,li_agency_owners,219.7,8526,162
2026-02-12,Outbound,linkedin_dm,87.49,0,0
2026-02-13,Paid Search,gs_latam_talent,535.67,4095,172
2026-02-13,Paid Social,li_agency_owners,232.49,9052,172
2026-02-13,Outbound,linkedin_dm,79.78,0,0
2026-02-14,Paid Search,gs_va_hire,120.76,904,38
2026-02-14,Paid Social,fb_retarget,95.7,3684,70
2026-02-14,Outbound,linkedin_dm,17.15,0,0
2026-02-15,Paid Search,gs_latam_talent,114.65,857,36
2026-02-15,Paid Social,fb_founders,90.06,3473,66
2026-02-15,Outbound,linkedin_dm,21.25,0,0
2026-02-16,Paid Search,gs_competitor,298.85,2285,96
2026-02-16,Paid Social,fb_founders,322.74,12578,239
2026-02-16,Outbound,cold_email_q2,77.82,0,0
2026-02-17,Paid Search,gs_va_hire,390.89,3000,126
2026-02-17,Paid Social,fb_retarget,311.46,12105,230
2026-02-17,Outbound,linkedin_dm,101.9,0,0
2026-02-18,Paid Search,gs_va_hire,313.56,2404,101
2026-02-18,Paid Social,fb_retarget,218.7,8473,161
2026-02-18,Outbound,linkedin_dm,75.62,0,0
2026-02-19,Paid Search,gs_latam_talent,398.72,3047,128
2026-02-19,Paid Social,fb_retarget,316.18,12315,234
2026-02-19,Outbound,cold_email_q2,122.9,0,0
2026-02-20,Paid Search,gs_latam_talent,525.56,4023,169
2026-02-20,Paid Social,li_agency_owners,260.99,10157,193
2026-02-20,Outbound,linkedin_dm,75.44,0,0
2026-02-21,Paid Search,gs_va_hire,130.28,999,42
2026-02-21,Paid Social,fb_founders,91.68,3526,67
2026-02-21,Outbound,,24.31,0,0
2026-02-22,Paid Search,gs_va_hire,117.05,880,37
2026-02-22,Paid Social,fb_retarget,84.58,3263,62
2026-02-22,Outbound,cold_email_q2,27.64,0,0
2026-02-23,Paid Search,gs_latam_talent,343.0,2619,110
2026-02-23,Paid Social,fb_retarget,239.9,9315,177
2026-02-23,Outbound,cold_email_q1,74.32,0,0
2026-02-24,Paid Search,gs_competitor,479.27,3666,154
2026-02-24,Paid Social,fb_founders,240.8,9368,178
2026-02-24,Outbound,cold_email_q1,117.35,0,0
2026-02-25,Paid Search,gs_va_hire,484.79,3714,156
2026-02-25,Paid Social,fb_retarget,395.75,15421,293
2026-02-25,Outbound,linkedin_dm,119.22,0,0
2026-02-26,Paid Search,gs_competitor,409.98,3142,132
2026-02-26,Paid Social,li_agency_owners,263.12,10210,194
2026-02-26,Outbound,cold_email_q2,107.77,0,0
2026-02-27,Paid Search,gs_latam_talent,472.89,3619,152
2026-02-27,Paid Social,li_agency_owners,270.66,10526,200
2026-02-27,Outbound,cold_email_q1,91.29,0,0
2026-02-28,Paid Search,gs_latam_talent,127.05,952,40
2026-02-28,Paid Social,fb_founders,59.07,2263,43
2026-02-28,Outbound,cold_email_q1,28.47,0,0
2026-03-01,Paid Search,gs_va_hire,123.04,928,39
2026-03-01,Paid Social,li_agency_owners,68.31,2631,50
2026-03-01,Outbound,cold_email_q2,24.02,0,0
2026-03-02,Paid Search,gs_competitor,466.72,3571,150
2026-03-02,Paid Social,li_agency_owners,336.09,13052,248
2026-03-02,Outbound,cold_email_q1,94.18,0,0
2026-03-03,Paid Search,gs_va_hire,491.14,3761,158
2026-03-03,Paid Social,fb_founders,309.33,12052,229
2026-03-03,Outbound,cold_email_q2,111.03,0,0
2026-03-04,Paid Search,gs_competitor,340.28,2595,109
2026-03-04,Paid Social,fb_founders,330.46,12842,244
2026-03-04,Outbound,cold_email_q2,95.19,0,0
2026-03-05,Paid Search,gs_competitor,451.63,3452,145
2026-03-05,Paid Social,li_agency_owners,312.29,12157,231
2026-03-05,Outbound,cold_email_q2,73.89,0,0
2026-03-06,Paid Search,gs_latam_talent,447.62,3428,144
2026-03-06,Paid Social,fb_founders,340.68,13263,252
2026-03-06,Outbound,linkedin_dm,76.07,0,0
2026-03-07,Paid Search,gs_va_hire,107.02,809,34
2026-03-07,Paid Social,li_agency_owners,54.9,2105,40
2026-03-07,Outbound,cold_email_q2,24.11,0,0
2026-03-08,Paid Search,gs_latam_talent,126.94,952,40
2026-03-08,Paid Social,fb_retarget,84.84,3263,62
2026-03-08,Outbound,cold_email_q2,27.56,0,0
2026-03-09,Paid Search,gs_va_hire,333.74,2547,107
2026-03-09,Paid Social,li_agency_owners,313.34,12210,232
2026-03-09,Outbound,linkedin_dm,108.3,0,0
2026-03-10,Paid Search,gs_competitor,356.61,2738,115
2026-03-10,Paid Social,li_agency_owners,295.69,11526,219
2026-03-10,Outbound,cold_email_q2,104.08,0,0
2026-03-11,Paid Search,gs_competitor,535.5,4095,172
2026-03-11,Paid Social,fb_retarget,225.84,8789,167
2026-03-11,Outbound,cold_email_q2,82.91,0,0
2026-03-12,Paid Search,gs_competitor,383.45,2928,123
2026-03-12,Paid Social,fb_retarget,314.51,12210,232
2026-03-12,Outbound,cold_email_q1,74.99,0,0
2026-03-13,Paid Search,gs_latam_talent,407.43,3119,131
2026-03-13,Paid Social,li_agency_owners,380.63,14789,281
2026-03-13,Outbound,linkedin_dm,121.12,0,0
2026-03-14,Paid Search,gs_latam_talent,125.7,952,40
2026-03-14,Paid Social,fb_founders,68.05,2631,50
2026-03-14,Outbound,cold_email_q1,23.12,0,0
2026-03-15,Paid Search,gs_latam_talent,117.63,880,37
2026-03-15,Paid Social,li_agency_owners,74.5,2894,55
2026-03-15,Outbound,cold_email_q1,23.79,0,0
2026-03-16,Paid Search,gs_competitor,347.6,2666,112
2026-03-16,Paid Social,li_agency_owners,242.0,9421,179
2026-03-16,Outbound,linkedin_dm,67.73,0,0
2026-03-17,Paid Search,gs_latam_talent,475.07,3642,153
2026-03-17,Paid Social,li_agency_owners,402.18,15631,297
2026-03-17,Outbound,linkedin_dm,74.69,0,0
2026-03-18,Paid Search,gs_latam_talent,440.73,3380,142
2026-03-18,Paid Social,fb_founders,358.07,13947,265
2026-03-18,Outbound,linkedin_dm,80.81,0,0
2026-03-19,Paid Search,gs_competitor,480.66,3690,155
2026-03-19,Paid Social,fb_retarget,394.47,15368,292
2026-03-19,Outbound,cold_email_q2,119.42,0,0
2026-03-20,Paid Search,gs_va_hire,459.71,3523,148
2026-03-20,Paid Social,fb_founders,368.64,14368,273
2026-03-20,Outbound,cold_email_q2,116.81,0,0
2026-03-21,Paid Search,gs_latam_talent,122.23,928,39
2026-03-21,Paid Social,li_agency_owners,69.84,2684,51
2026-03-21,Outbound,,21.63,0,0
2026-03-22,Paid Search,gs_competitor,75.01,571,24
2026-03-22,Paid Social,fb_founders,96.06,3736,71
2026-03-22,Outbound,linkedin_dm,19.77,0,0
2026-03-23,Paid Search,gs_competitor,327.33,2500,105
2026-03-23,Paid Social,fb_retarget,283.52,11052,210
2026-03-23,Outbound,cold_email_q1,100.45,0,0
2026-03-24,Paid Search,gs_competitor,313.17,2404,101
2026-03-24,Paid Social,fb_founders,320.45,12473,237
2026-03-24,Outbound,cold_email_q2,101.59,0,0
2026-03-25,Paid Search,gs_competitor,297.65,2285,96
2026-03-25,Paid Social,fb_founders,401.96,15631,297
2026-03-25,Outbound,cold_email_q2,85.49,0,0
2026-03-26,Paid Search,gs_competitor,333.91,2547,107
2026-03-26,Paid Social,fb_founders,300.61,11684,222
2026-03-26,Outbound,cold_email_q1,106.96,0,0
2026-03-27,Paid Search,,330.29,2523,106
2026-03-27,Paid Social,fb_retarget,334.2,13000,247
2026-03-27,Outbound,linkedin_dm,103.81,0,0
2026-03-28,Paid Search,gs_latam_talent,114.42,857,36
2026-03-28,Paid Social,fb_retarget,79.38,3052,58
2026-03-28,Outbound,cold_email_q2,30.7,0,0
2026-03-29,Paid Search,gs_competitor,119.19,904,38
2026-03-29,Paid Social,li_agency_owners,87.3,3368,64
2026-03-29,Outbound,cold_email_q2,21.47,0,0
2026-03-30,Paid Search,gs_latam_talent,486.88,3738,157
2026-03-30,Paid Social,fb_retarget,367.85,14315,272
2026-03-30,Outbound,cold_email_q2,97.21,0,0
2026-03-31,Paid Search,gs_va_hire,386.06,2952,124
2026-03-31,Paid Social,fb_founders,323.72,12578,239
2026-03-31,Outbound,cold_email_q2,100.13,0,0
2026-04-01,Paid Search,gs_competitor,468.76,3595,151
2026-04-01,Paid Social,fb_retarget,341.5,13263,252
2026-04-01,Outbound,cold_email_q2,88.89,0,0
2026-04-02,Paid Search,gs_competitor,490.97,3761,158
2026-04-02,Paid Social,li_agency_owners,369.06,14368,273
2026-04-02,Outbound,cold_email_q2,104.56,0,0
2026-04-03,Paid Search,gs_latam_talent,509.86,3904,164
2026-04-03,Paid Social,fb_retarget,236.34,9210,175
2026-04-03,Outbound,linkedin_dm,70.0,0,0
2026-04-04,Paid Search,gs_va_hire,78.45,595,25
2026-04-04,Paid Social,li_agency_owners,58.12,2263,43
2026-04-04,Outbound,linkedin_dm,20.94,0,0
2026-04-05,Paid Search,gs_va_hire,81.74,619,26
2026-04-05,Paid Social,li_agency_owners,69.07,2684,51
2026-04-05,Outbound,cold_email_q2,28.58,0,0
2026-04-06,Paid Search,gs_va_hire,409.98,3142,132
2026-04-06,Paid Social,fb_founders,327.58,12736,242
2026-04-06,Outbound,cold_email_q1,77.49,0,0
2026-04-07,Paid Search,gs_competitor,324.43,2476,104
2026-04-07,Paid Social,fb_founders,310.87,12105,230
2026-04-07,Outbound,linkedin_dm,69.89,0,0
2026-04-08,Paid Search,gs_va_hire,529.64,4047,170
2026-04-08,Paid Social,fb_founders,328.64,12789,243
2026-04-08,Outbound,cold_email_q1,87.71,0,0
2026-04-09,Paid Search,gs_competitor,500.64,3833,161
2026-04-09,Paid Social,fb_retarget,393.36,15315,291
2026-04-09,Outbound,linkedin_dm,68.41,0,0
2026-04-10,Paid Search,gs_va_hire,416.73,3190,134
2026-04-10,Paid Social,fb_retarget,331.1,12894,245
2026-04-10,Outbound,cold_email_q2,70.7,0,0
2026-04-11,Paid Search,gs_latam_talent,110.22,833,35
2026-04-11,Paid Social,fb_founders,76.34,2947,56
2026-04-11,Outbound,cold_email_q1,22.77,0,0
2026-04-12,Paid Search,gs_latam_talent,104.51,785,33
2026-04-12,Paid Social,fb_retarget,60.73,2315,44
2026-04-12,Outbound,linkedin_dm,23.54,0,0
2026-04-13,Paid Search,gs_latam_talent,309.61,2357,99
2026-04-13,Paid Social,fb_retarget,351.64,13684,260
2026-04-13,Outbound,linkedin_dm,72.4,0,0
2026-04-14,Paid Search,gs_competitor,326.94,2500,105
2026-04-14,Paid Social,fb_retarget,328.59,12789,243
2026-04-14,Outbound,linkedin_dm,84.6,0,0
2026-04-15,Paid Search,gs_latam_talent,449.62,3452,145
2026-04-15,Paid Social,fb_retarget,337.75,13157,250
2026-04-15,Outbound,cold_email_q2,84.08,0,0
2026-04-16,Paid Search,gs_latam_talent,483.74,3714,156
2026-04-16,Paid Social,fb_retarget,359.29,14000,266
2026-04-16,Outbound,linkedin_dm,98.72,0,0
2026-04-17,Paid Search,gs_latam_talent,489.82,3761,158
2026-04-17,Paid Social,fb_retarget,233.81,9105,173
2026-04-17,Outbound,cold_email_q1,103.77,0,0
2026-04-18,Paid Search,gs_competitor,132.71,999,42
2026-04-18,Paid Social,li_agency_owners,80.19,3105,59
2026-04-18,Outbound,cold_email_q2,16.64,0,0
2026-04-19,Paid Search,gs_va_hire,101.03,761,32
2026-04-19,Paid Social,fb_founders,57.36,2210,42
2026-04-19,Outbound,linkedin_dm,29.77,0,0
2026-04-20,Paid Search,gs_competitor,360.35,2761,116
2026-04-20,Paid Social,fb_retarget,228.47,8894,169
2026-04-20,Outbound,cold_email_q1,121.06,0,0
2026-04-21,Paid Search,gs_latam_talent,403.67,3095,130
2026-04-21,Paid Social,fb_founders,257.3,10000,190
2026-04-21,Outbound,cold_email_q1,120.3,0,0
2026-04-22,Paid Search,gs_competitor,488.61,3738,157
2026-04-22,Paid Social,li_agency_owners,376.07,14631,278
2026-04-22,Outbound,linkedin_dm,73.19,0,0
2026-04-23,Paid Search,gs_competitor,421.47,3214,135
2026-04-23,Paid Social,fb_founders,220.44,8578,163
2026-04-23,Outbound,cold_email_q1,112.2,0,0
2026-04-24,Paid Search,gs_competitor,344.15,2642,111
2026-04-24,Paid Social,li_agency_owners,392.76,15263,290
2026-04-24,Outbound,cold_email_q1,114.34,0,0
2026-04-25,Paid Search,gs_va_hire,119.2,904,38
2026-04-25,Paid Social,li_agency_owners,95.84,3684,70
2026-04-25,Outbound,cold_email_q1,18.23,0,0
2026-04-26,Paid Search,gs_competitor,135.39,1023,43
2026-04-26,Paid Social,fb_retarget,54.56,2105,40
2026-04-26,Outbound,linkedin_dm,19.91,0,0
2026-04-27,Paid Search,gs_va_hire,359.08,2738,115
2026-04-27,Paid Social,fb_founders,380.63,14789,281
2026-04-27,Outbound,cold_email_q1,74.45,0,0
2026-04-28,Paid Search,gs_va_hire,504.37,3857,162
2026-04-28,Paid Social,li_agency_owners,375.6,14631,278
2026-04-28,Outbound,cold_email_q1,83.97,0,0
2026-04-29,Paid Search,gs_va_hire,510.27,3904,164
2026-04-29,Paid Social,fb_retarget,338.19,13157,250
2026-04-29,Outbound,cold_email_q1,113.45,0,0
2026-04-30,Paid Search,gs_va_hire,444.66,3404,143
2026-04-30,Paid Social,li_agency_owners,243.17,9473,180
2026-04-30,Outbound,cold_email_q1,107.96,0,0
2026-05-01,Paid Search,gs_latam_talent,363.0,2785,117
2026-05-01,Paid Social,fb_retarget,255.93,9947,189
2026-05-01,Outbound,,109.12,0,0
2026-05-02,Paid Search,gs_competitor,81.45,619,26
2026-05-02,Paid Social,li_agency_owners,89.83,3473,66
2026-05-02,Outbound,linkedin_dm,18.69,0,0
2026-05-03,Paid Search,gs_va_hire,92.21,690,29
2026-05-03,Paid Social,fb_retarget,55.95,2157,41
2026-05-03,Outbound,cold_email_q2,17.83,0,0
2026-05-04,Paid Search,gs_competitor,518.73,3976,167
2026-05-04,Paid Social,li_agency_owners,281.96,10947,208
2026-05-04,Outbound,cold_email_q1,108.08,0,0
2026-05-05,Paid Search,gs_competitor,299.26,2285,96
2026-05-05,Paid Social,fb_founders,310.19,12052,229
2026-05-05,Outbound,,102.71,0,0
2026-05-06,Paid Search,gs_competitor,525.16,4023,169
2026-05-06,Paid Social,li_agency_owners,223.65,8684,165
2026-05-06,Outbound,cold_email_q2,98.76,0,0
2026-05-07,Paid Search,gs_va_hire,486.62,3714,156
2026-05-07,Paid Social,fb_founders,311.34,12105,230
2026-05-07,Outbound,cold_email_q1,94.21,0,0
2026-05-08,Paid Search,gs_va_hire,529.16,4047,170
2026-05-08,Paid Social,fb_retarget,324.51,12631,240
2026-05-08,Outbound,cold_email_q2,80.67,0,0
2026-05-09,Paid Search,gs_competitor,74.1,547,23
2026-05-09,Paid Social,li_agency_owners,85.94,3315,63
2026-05-09,Outbound,linkedin_dm,22.91,0,0
2026-05-10,Paid Search,,129.3,976,41
2026-05-10,Paid Social,fb_founders,99.76,3842,73
2026-05-10,Outbound,cold_email_q1,24.18,0,0
2026-05-11,Paid Search,gs_va_hire,365.6,2785,117
2026-05-11,Paid Social,li_agency_owners,244.26,9473,180
2026-05-11,Outbound,cold_email_q1,92.38,0,0
2026-05-12,Paid Search,gs_competitor,434.86,3333,140
2026-05-12,Paid Social,fb_retarget,353.43,13736,261
2026-05-12,Outbound,cold_email_q2,97.73,0,0
2026-05-13,Paid Search,gs_competitor,417.65,3190,134
2026-05-13,Paid Social,li_agency_owners,344.72,13421,255
2026-05-13,Outbound,cold_email_q2,95.55,0,0
2026-05-14,Paid Search,gs_latam_talent,486.09,3714,156
2026-05-14,Paid Social,fb_retarget,309.19,12052,229
2026-05-14,Outbound,cold_email_q1,105.76,0,0
2026-05-15,Paid Search,gs_competitor,317.28,2428,102
2026-05-15,Paid Social,li_agency_owners,381.22,14842,282
2026-05-15,Outbound,linkedin_dm,119.98,0,0
2026-05-16,Paid Search,gs_va_hire,129.21,976,41
2026-05-16,Paid Social,fb_founders,59.42,2315,44
2026-05-16,Outbound,cold_email_q2,29.56,0,0
2026-05-17,Paid Search,gs_va_hire,113.89,857,36
2026-05-17,Paid Social,fb_founders,61.94,2368,45
2026-05-17,Outbound,linkedin_dm,24.43,0,0
2026-05-18,Paid Search,gs_va_hire,437.13,3357,141
2026-05-18,Paid Social,fb_founders,366.06,14263,271
2026-05-18,Outbound,cold_email_q2,80.12,0,0
2026-05-19,Paid Search,gs_competitor,353.47,2714,114
2026-05-19,Paid Social,fb_founders,296.66,11526,219
2026-05-19,Outbound,linkedin_dm,87.28,0,0
2026-05-20,Paid Search,gs_latam_talent,541.1,4142,174
2026-05-20,Paid Social,fb_retarget,250.77,9736,185
2026-05-20,Outbound,linkedin_dm,69.09,0,0
2026-05-21,Paid Search,gs_competitor,339.88,2595,109
2026-05-21,Paid Social,fb_retarget,318.33,12368,235
2026-05-21,Outbound,cold_email_q2,92.61,0,0
2026-05-22,Paid Search,gs_va_hire,530.47,4071,171
2026-05-22,Paid Social,fb_retarget,375.18,14578,277
2026-05-22,Outbound,linkedin_dm,112.79,0,0
2026-05-23,Paid Search,gs_latam_talent,90.79,690,29
2026-05-23,Paid Social,li_agency_owners,81.01,3157,60
2026-05-23,Outbound,linkedin_dm,17.16,0,0
2026-05-24,Paid Search,gs_latam_talent,115.39,880,37
2026-05-24,Paid Social,fb_retarget,71.42,2736,52
2026-05-24,Outbound,cold_email_q1,26.15,0,0
2026-05-25,Paid Search,gs_va_hire,363.27,2785,117
2026-05-25,Paid Social,,279.74,10894,207
2026-05-25,Outbound,cold_email_q1,85.93,0,0
2026-05-26,Paid Search,gs_latam_talent,322.02,2452,103
2026-05-26,Paid Social,fb_retarget,377.42,14684,279
2026-05-26,Outbound,cold_email_q1,93.03,0,0
2026-05-27,Paid Search,gs_competitor,412.17,3142,132
2026-05-27,Paid Social,li_agency_owners,381.79,14842,282
2026-05-27,Outbound,linkedin_dm,96.67,0,0
2026-05-28,Paid Search,gs_va_hire,363.97,2785,117
2026-05-28,Paid Social,fb_retarget,348.89,13578,258
2026-05-28,Outbound,cold_email_q1,83.13,0,0
2026-05-29,Paid Search,gs_latam_talent,531.09,4071,171
2026-05-29,Paid Social,fb_retarget,222.7,8631,164
2026-05-29,Outbound,cold_email_q2,98.87,0,0
2026-05-30,Paid Search,gs_va_hire,100.13,761,32
2026-05-30,Paid Social,fb_founders,73.34,2842,54
2026-05-30,Outbound,cold_email_q2,25.08,0,0
2026-05-31,Paid Search,gs_latam_talent,94.94,714,30
2026-05-31,Paid Social,fb_founders,83.28,3210,61
2026-05-31,Outbound,cold_email_q2,18.69,0,0
2026-06-01,Paid Search,gs_competitor,491.77,3761,158
2026-06-01,Paid Social,fb_retarget,330.64,12842,244
2026-06-01,Outbound,linkedin_dm,113.56,0,0
2026-06-02,Paid Search,gs_va_hire,454.72,3476,146
2026-06-02,Paid Social,li_agency_owners,269.54,10473,199
2026-06-02,Outbound,cold_email_q1,82.56,0,0
2026-06-03,Paid Search,gs_latam_talent,360.92,2761,116
2026-06-03,Paid Social,fb_founders,241.2,9368,178
2026-06-03,Outbound,cold_email_q2,111.91,0,0
2026-06-04,Paid Search,gs_competitor,483.37,3690,155
2026-06-04,Paid Social,fb_retarget,283.46,11000,209
2026-06-04,Outbound,linkedin_dm,105.34,0,0
2026-06-05,Paid Search,,480.51,3690,155
2026-06-05,Paid Social,fb_retarget,398.85,15526,295
2026-06-05,Outbound,linkedin_dm,101.42,0,0
2026-06-06,Paid Search,gs_competitor,85.4,642,27
2026-06-06,Paid Social,fb_retarget,89.15,3473,66
2026-06-06,Outbound,cold_email_q1,26.28,0,0
2026-06-07,Paid Search,gs_latam_talent,98.04,738,31
2026-06-07,Paid Social,fb_retarget,79.46,3052,58
2026-06-07,Outbound,cold_email_q1,23.38,0,0
2026-06-08,Paid Search,gs_latam_talent,420.16,3214,135
2026-06-08,Paid Social,fb_retarget,314.68,12263,233
2026-06-08,Outbound,linkedin_dm,98.88,0,0
2026-06-09,Paid Search,gs_competitor,389.37,2976,125
2026-06-09,Paid Social,fb_retarget,335.94,13052,248
2026-06-09,Outbound,cold_email_q2,84.62,0,0
2026-06-10,Paid Search,gs_latam_talent,423.22,3238,136
2026-06-10,Paid Social,li_agency_owners,303.41,11789,224
2026-06-10,Outbound,cold_email_q2,73.61,0,0
2026-06-11,Paid Search,,427.3,3261,137
2026-06-11,Paid Social,li_agency_owners,291.16,11315,215
2026-06-11,Outbound,cold_email_q2,94.09,0,0
2026-06-12,Paid Search,gs_latam_talent,439.83,3357,141
2026-06-12,Paid Social,fb_retarget,396.43,15421,293
2026-06-12,Outbound,cold_email_q1,119.58,0,0
2026-06-13,Paid Search,,123.39,928,39
2026-06-13,Paid Social,li_agency_owners,81.76,3157,60
2026-06-13,Outbound,cold_email_q1,18.05,0,0
2026-06-14,Paid Search,gs_va_hire,85.63,642,27
2026-06-14,Paid Social,li_agency_owners,79.34,3052,58
2026-06-14,Outbound,cold_email_q1,17.5,0,0
2026-06-15,Paid Search,gs_competitor,378.63,2904,122
2026-06-15,Paid Social,fb_founders,221.82,8631,164
2026-06-15,Outbound,linkedin_dm,80.29,0,0
2026-06-16,Paid Search,gs_va_hire,450.89,3452,145
2026-06-16,Paid Social,fb_founders,291.32,11315,215
2026-06-16,Outbound,cold_email_q2,93.51,0,0
2026-06-17,Paid Search,gs_va_hire,526.28,4023,169
2026-06-17,Paid Social,fb_founders,390.57,15210,289
2026-06-17,Outbound,cold_email_q1,84.67,0,0
2026-06-18,Paid Search,gs_va_hire,492.59,3761,158
2026-06-18,Paid Social,fb_retarget,296.24,11526,219
2026-06-18,Outbound,linkedin_dm,68.19,0,0
2026-06-19,Paid Search,gs_competitor,318.66,2428,102
2026-06-19,Paid Social,li_agency_owners,334.39,13000,247
2026-06-19,Outbound,linkedin_dm,107.67,0,0
2026-06-20,Paid Search,gs_va_hire,82.9,619,26
2026-06-20,Paid Social,fb_founders,54.53,2105,40
2026-06-20,Outbound,cold_email_q2,25.08,0,0
2026-06-21,Paid Search,gs_va_hire,103.58,785,33
2026-06-21,Paid Social,fb_founders,93.36,3631,69
2026-06-21,Outbound,linkedin_dm,28.2,0,0
2026-06-22,Paid Search,gs_latam_talent,542.36,4142,174
2026-06-22,Paid Social,fb_retarget,251.52,9789,186
2026-06-22,Outbound,linkedin_dm,80.43,0,0
2026-06-23,Paid Search,gs_va_hire,541.04,4142,174
2026-06-23,Paid Social,fb_founders,245.56,9526,181
2026-06-23,Outbound,,109.56,0,0
2026-06-24,Paid Search,gs_va_hire,439.7,3357,141
2026-06-24,Paid Social,fb_founders,217.67,8473,161
2026-06-24,Outbound,cold_email_q1,99.05,0,0
2026-06-25,Paid Search,gs_va_hire,458.28,3500,147
2026-06-25,Paid Social,li_agency_owners,272.05,10578,201
2026-06-25,Outbound,linkedin_dm,109.07,0,0
2026-06-26,Paid Search,gs_latam_talent,461.95,3547,149
2026-06-26,Paid Social,fb_founders,238.44,9263,176
2026-06-26,Outbound,linkedin_dm,72.39,0,0
2026-06-27,Paid Search,gs_competitor,115.99,880,37
2026-06-27,Paid Social,fb_founders,84.63,3263,62
2026-06-27,Outbound,cold_email_q1,17.69,0,0
2026-06-28,Paid Search,gs_competitor,120.4,904,38
2026-06-28,Paid Social,li_agency_owners,62.1,2421,46
2026-06-28,Outbound,cold_email_q2,22.62,0,0
2026-06-29,Paid Search,gs_latam_talent,514.84,3952,166
2026-06-29,Paid Social,fb_retarget,356.22,13842,263
2026-06-29,Outbound,cold_email_q1,97.88,0,0
2026-06-30,Paid Search,gs_va_hire,385.3,2952,124
2026-06-30,Paid Social,fb_retarget,365.34,14210,270
2026-06-30,Outbound,linkedin_dm,116.09,0,0
2026-07-01,Paid Search,gs_va_hire,449.49,3428,144
2026-07-01,Paid Social,fb_retarget,344.31,13421,255
2026-07-01,Outbound,linkedin_dm,71.69,0,0
2026-07-02,Paid Search,gs_latam_talent,484.45,3714,156
2026-07-02,Paid Social,fb_retarget,321.16,12473,237
2026-07-02,Outbound,,71.86,0,0
2026-07-03,Paid Search,gs_competitor,264.9,2023,85
2026-07-03,Paid Social,li_agency_owners,306.5,11947,227
2026-07-03,Outbound,cold_email_q1,93.43,0,0
2026-07-04,Paid Search,gs_competitor,70.87,523,22
2026-07-04,Paid Social,li_agency_owners,78.31,3052,58
2026-07-04,Outbound,cold_email_q2,24.89,0,0
2026-07-05,Paid Search,gs_competitor,88.94,666,28
2026-07-05,Paid Social,fb_retarget,56.81,2210,42
2026-07-05,Outbound,linkedin_dm,25.7,0,0
2026-07-06,Paid Search,gs_competitor,299.77,2285,96
2026-07-06,Paid Social,fb_founders,335.88,13052,248
2026-07-06,Outbound,cold_email_q1,109.2,0,0
2026-07-07,Paid Search,gs_competitor,459.14,3523,148
2026-07-07,Paid Social,fb_founders,273.64,10631,202
2026-07-07,Outbound,cold_email_q1,66.94,0,0
2026-07-08,Paid Search,gs_latam_talent,333.03,2547,107
2026-07-08,Paid Social,fb_retarget,360.46,14052,267
2026-07-08,Outbound,cold_email_q1,84.55,0,0
2026-07-09,Paid Search,gs_competitor,477.72,3666,154
2026-07-09,Paid Social,li_agency_owners,339.37,13210,251
2026-07-09,Outbound,linkedin_dm,87.98,0,0
2026-07-10,Paid Search,gs_competitor,314.31,2404,101
2026-07-10,Paid Social,li_agency_owners,210.6,8157,155
2026-07-10,Outbound,cold_email_q2,78.36,0,0
2026-07-11,Paid Search,gs_va_hire,88.59,666,28
2026-07-11,Paid Social,fb_retarget,89.65,3473,66
2026-07-11,Outbound,linkedin_dm,15.84,0,0
2026-07-12,Paid Search,gs_va_hire,106.0,809,34
2026-07-12,Paid Social,fb_founders,53.88,2052,39
2026-07-12,Outbound,cold_email_q1,19.43,0,0
2026-07-13,Paid Search,gs_competitor,424.03,3238,136
2026-07-13,Paid Social,li_agency_owners,270.78,10526,200
2026-07-13,Outbound,linkedin_dm,102.35,0,0
2026-07-14,Paid Search,gs_competitor,373.45,2857,120
2026-07-14,Paid Social,fb_retarget,240.42,9368,178
2026-07-14,Outbound,cold_email_q1,85.56,0,0
2026-07-15,Paid Search,gs_competitor,413.16,3166,133
2026-07-15,Paid Social,li_agency_owners,268.5,10421,198
2026-07-15,Outbound,linkedin_dm,64.47,0,0
2026-07-16,Paid Search,gs_latam_talent,319.48,2452,103
2026-07-16,Paid Social,fb_retarget,307.81,12000,228
2026-07-16,Outbound,cold_email_q1,90.15,0,0
2026-07-17,Paid Search,gs_va_hire,374.25,2857,120
2026-07-17,Paid Social,fb_retarget,265.75,10315,196
2026-07-17,Outbound,cold_email_q2,99.65,0,0
2026-07-18,Paid Search,gs_va_hire,107.45,809,34
2026-07-18,Paid Social,fb_founders,77.98,3000,57
2026-07-18,Outbound,cold_email_q1,22.08,0,0
2026-07-19,Paid Search,gs_competitor,89.61,666,28
2026-07-19,Paid Social,fb_retarget,59.38,2263,43
2026-07-19,Outbound,cold_email_q1,17.52,0,0
2026-07-20,Paid Search,gs_va_hire,338.37,2595,109
2026-07-20,Paid Social,fb_founders,337.46,13105,249
2026-07-20,Outbound,cold_email_q1,76.27,0,0
2026-07-21,Paid Search,gs_va_hire,380.7,2904,122
2026-07-21,Paid Social,fb_founders,290.02,11263,214
2026-07-21,Outbound,linkedin_dm,60.45,0,0
2026-07-22,Paid Search,gs_competitor,363.73,2785,117
2026-07-22,Paid Social,fb_founders,309.93,12052,229
2026-07-22,Outbound,linkedin_dm,88.6,0,0
2026-07-23,Paid Search,gs_latam_talent,295.26,2261,95
2026-07-23,Paid Social,fb_retarget,274.67,10684,203
2026-07-23,Outbound,linkedin_dm,99.41,0,0
2026-07-24,Paid Search,gs_va_hire,393.46,3000,126
2026-07-24,Paid Social,li_agency_owners,273.2,10631,202
2026-07-24,Outbound,cold_email_q1,93.61,0,0
2026-07-25,Paid Search,gs_va_hire,69.81,523,22
2026-07-25,Paid Social,li_agency_owners,82.84,3210,61
2026-07-25,Outbound,linkedin_dm,22.73,0,0
2026-07-26,Paid Search,gs_latam_talent,79.3,595,25
2026-07-26,Paid Social,li_agency_owners,52.36,2000,38
2026-07-26,Outbound,linkedin_dm,22.57,0,0
