vacancy_id,client_id,role_title,role_family,priority,opened_date,status,filled_date,target_monthly_rate_usd
V00001,C0001,Accounts Payable Clerk,Bookkeeping,Standard,2026-03-15,cancelled,,1800
V00002,C0002,Content Writer,Marketing VA,Standard,2025-02-11,filled,2025-03-05,1800
V00003,C0003,Executive Assistant,Executive VA,Standard,2025-03-03,filled,2025-03-27,1200
V00004,C0004,Appointment Setter,Sales VA,High,2025-02-28,cancelled,,1200
V00005,C0004,Operations Assistant,Executive VA,Standard,2026-07-17,open,,1500
V00006,C0005,Web Developer,Technical,High,2025-05-05,cancelled,,800
V00007,C0006,Operations Assistant,Executive VA,Standard,2025-05-08,filled,2025-05-12,1800
V00008,C0006,Executive Assistant,Executive VA,Standard,2025-04-14,filled,2025-05-08,1200
V00009,C0006,Data Analyst,Technical,Standard,2025-04-26,cancelled,,1500
V00010,C0006,Sales Development Rep,Sales VA,Standard,2025-05-27,filled,2025-06-19,1800
V00011,C0007,Helpdesk Agent,Customer Support,Standard,2025-12-09,cancelled,,1800
V00012,C0008,Appointment Setter,Sales VA,Standard,2025-09-13,cancelled,,2100
V00013,C0008,Automation Specialist,Technical,High,2025-09-13,cancelled,,2100
V00014,C0008,Appointment Setter,Sales VA,Standard,2025-08-01,cancelled,,1200
V00015,C0009,Accounts Payable Clerk,Bookkeeping,Standard,2025-06-04,filled,2025-06-20,800
V00016,C0010,Social Media Manager,Marketing VA,Standard,2026-01-19,filled,2026-01-29,1000
V00017,C0011,Operations Assistant,Executive VA,High,2025-07-16,cancelled,,1200
V00018,C0011,Bookkeeper,Bookkeeping,Standard,2026-04-25,filled,2026-05-25,1800
V00019,C0012,Automation Specialist,Technical,Standard,2025-03-14,filled,2025-03-20,2100
V00020,C0012,Helpdesk Agent,Customer Support,Standard,2026-04-25,filled,2026-05-08,1200
V00021,C0012,Accounts Payable Clerk,Bookkeeping,High,2025-02-05,on_hold,,1200
V00022,C0012,Operations Assistant,Executive VA,Standard,2026-03-03,filled,2026-03-21,1800
V00023,C0012,Customer Support Agent,Customer Support,Standard,2025-12-07,on_hold,,1800
V00024,C0013,Operations Assistant,Executive VA,High,2026-01-28,filled,2026-02-04,1000
V00025,C0013,Cold Caller,Sales VA,Standard,2026-01-01,cancelled,,800
V00026,C0013,Content Writer,Marketing VA,Standard,2026-02-19,filled,2026-03-04,1800
V00027,C0014,Executive Assistant,Executive VA,High,2025-07-01,cancelled,,1800
V00028,C0015,Accounts Payable Clerk,Bookkeeping,High,2025-09-12,filled,2025-09-25,1800
V00029,C0016,Operations Assistant,Executive VA,Urgent,2025-04-26,filled,2025-05-09,1000
V00030,C0016,Automation Specialist,Technical,Standard,2025-12-14,filled,2026-01-13,1200
V00031,C0016,Automation Specialist,Technical,Urgent,2025-07-08,filled,2025-07-28,1200
V00032,C0016,Appointment Setter,Sales VA,Urgent,2026-02-20,cancelled,,2100
V00033,C0016,Content Writer,Marketing VA,Standard,2025-12-23,filled,2026-01-24,1500
V00034,C0017,Appointment Setter,Sales VA,Urgent,2026-06-30,filled,2026-07-10,1000
V00035,C0017,Operations Assistant,Executive VA,Standard,2026-06-21,filled,2026-07-18,1500
V00036,C0017,Operations Assistant,Executive VA,Standard,2025-05-18,cancelled,,1500
V00037,C0017,Customer Support Agent,Customer Support,High,2026-05-13,filled,2026-06-06,1800
V00038,C0018,Customer Support Agent,Customer Support,Standard,2026-01-18,cancelled,,1200
V00039,C0018,Bookkeeper,Bookkeeping,Standard,2025-03-07,on_hold,,1200
V00040,C0019,Operations Assistant,Executive VA,Standard,2025-08-02,cancelled,,1500
V00041,C0019,Social Media Manager,Marketing VA,High,2025-03-26,cancelled,,2100
V00042,C0019,Web Developer,Technical,Standard,2025-06-18,filled,2025-07-07,2100
V00043,C0020,Cold Caller,Sales VA,High,2026-06-16,filled,2026-07-11,800
V00044,C0020,Cold Caller,Sales VA,Standard,2025-08-26,cancelled,,1200
V00045,C0020,Helpdesk Agent,Customer Support,Urgent,2026-04-13,on_hold,,1800
V00046,C0021,Content Writer,Marketing VA,High,2025-06-03,cancelled,,800
V00047,C0021,Cold Caller,Sales VA,Standard,2026-01-04,filled,2026-01-16,800
V00048,C0021,Automation Specialist,Technical,Standard,2025-08-16,filled,2025-09-15,1500
V00049,C0022,Social Media Manager,Marketing VA,Urgent,2025-07-27,filled,2025-08-13,1800
V00050,C0022,Executive Assistant,Executive VA,High,2026-04-14,on_hold,,1000
V00051,C0022,Web Developer,Technical,Standard,2025-03-09,on_hold,,1200
V00052,C0022,Automation Specialist,Technical,Standard,2026-02-11,on_hold,,1500
V00053,C0023,Accounts Payable Clerk,Bookkeeping,Standard,2025-03-05,filled,2025-04-04,1500
V00054,C0023,Executive Assistant,Executive VA,Standard,2025-04-15,cancelled,,1200
V00055,C0024,Appointment Setter,Sales VA,Standard,2025-05-12,filled,2025-05-30,1800
V00056,C0024,Executive Assistant,Executive VA,High,2026-03-24,on_hold,,2100
V00057,C0024,Accounts Payable Clerk,Bookkeeping,Urgent,2025-10-19,cancelled,,1800
V00058,C0025,Bookkeeper,Bookkeeping,Standard,2025-11-09,on_hold,,800
V00059,C0026,Customer Support Agent,Customer Support,Urgent,2026-02-26,on_hold,,1500
V00060,C0026,Cold Caller,Sales VA,High,2025-05-11,filled,2025-06-04,1800
V00061,C0026,Automation Specialist,Technical,Standard,2025-05-21,on_hold,,1500
V00062,C0027,Data Analyst,Technical,High,2026-02-25,filled,2026-03-19,1000
V00063,C0028,Bookkeeper,Bookkeeping,Standard,2025-06-20,filled,2025-07-28,1800
V00064,C0028,Executive Assistant,Executive VA,Urgent,2025-04-16,filled,2025-05-05,1000
V00065,C0029,Customer Support Agent,Customer Support,High,2025-12-17,filled,2026-01-01,1000
V00066,C0030,Customer Support Agent,Customer Support,Standard,2026-05-13,filled,2026-06-03,1800
V00067,C0031,Automation Specialist,Technical,Urgent,2026-07-02,open,,1000
V00068,C0032,Helpdesk Agent,Customer Support,Standard,2025-12-04,filled,2025-12-25,1800
V00069,C0033,Social Media Manager,Marketing VA,Standard,2025-10-13,cancelled,,1200
V00070,C0034,Web Developer,Technical,Standard,2026-06-26,open,,1500
V00071,C0034,Customer Support Agent,Customer Support,High,2026-06-24,open,,1500
V00072,C0035,Executive Assistant,Executive VA,Standard,2026-04-15,filled,2026-05-20,1000
V00073,C0036,Helpdesk Agent,Customer Support,High,2026-02-19,cancelled,,1500
V00074,C0036,Email Marketer,Marketing VA,Standard,2026-04-01,filled,2026-04-20,800
V00075,C0037,Bookkeeper,Bookkeeping,Standard,2026-01-05,cancelled,,1500
V00076,C0038,Helpdesk Agent,Customer Support,Standard,2026-01-10,filled,2026-01-31,2100
V00077,C0038,Executive Assistant,Executive VA,Standard,2026-01-19,cancelled,,800
V00078,C0038,Accounts Payable Clerk,Bookkeeping,High,2026-07-19,open,,2100
V00079,C0038,Web Developer,Technical,Standard,2025-05-14,on_hold,,1200
V00080,C0039,Cold Caller,Sales VA,Standard,2025-07-03,filled,2025-07-17,1500
V00081,C0039,Social Media Manager,Marketing VA,Standard,2025-07-24,cancelled,,800
V00082,C0040,Accounts Payable Clerk,Bookkeeping,Urgent,2026-05-28,cancelled,,2100
V00083,C0040,Accounts Payable Clerk,Bookkeeping,High,2026-05-09,on_hold,,1200
V00084,C0040,Data Analyst,Technical,Standard,2026-05-29,filled,2026-07-04,800
V00085,C0040,Web Developer,Technical,Standard,2025-10-02,filled,2025-09-29,2100
V00086,C0041,Helpdesk Agent,Customer Support,Standard,2025-12-04,filled,2025-12-24,1000
V00087,C0041,Operations Assistant,Executive VA,High,2025-09-14,filled,2025-10-04,2100
V00088,C0042,Sales Development Rep,Sales VA,High,2025-07-06,filled,2025-07-24,1800
V00089,C0043,Operations Assistant,Executive VA,Standard,2025-07-30,filled,2025-08-21,1800
V00090,C0044,Accounts Payable Clerk,Bookkeeping,Standard,2026-02-06,cancelled,,1800
V00091,C0044,Cold Caller,Sales VA,Standard,2025-11-20,filled,2025-12-13,1200
V00092,C0044,Sales Development Rep,Sales VA,Standard,2025-05-22,filled,2025-06-05,1500
V00093,C0045,Operations Assistant,Executive VA,Urgent,2025-05-07,filled,2025-05-25,800
V00094,C0045,Automation Specialist,Technical,Standard,2025-08-11,open,,2100
V00095,C0046,Operations Assistant,Executive VA,High,2026-06-01,filled,2026-06-24,2100
V00096,C0046,Operations Assistant,Executive VA,Standard,2026-02-10,filled,2026-02-25,1500
V00097,C0046,Content Writer,Marketing VA,Standard,2025-05-19,filled,2025-05-31,2100
V00098,C0047,Data Analyst,Technical,Standard,2025-08-20,filled,2025-09-15,800
V00099,C0048,Cold Caller,Sales VA,High,2025-11-27,on_hold,,1000
V00100,C0049,Content Writer,Marketing VA,Standard,2026-01-23,cancelled,,1000
V00101,C0050,Data Analyst,Technical,High,2025-11-05,filled,2025-12-19,1000
V00102,C0050,Customer Support Agent,Customer Support,Standard,2025-05-03,filled,2025-05-13,1200
V00103,C0050,Automation Specialist,Technical,High,2025-05-11,cancelled,,1200
V00104,C0050,Customer Support Agent,Customer Support,Standard,2026-02-05,filled,2026-02-19,1000
V00105,C0051,Web Developer,Technical,Standard,2025-12-28,filled,2026-01-10,1000
V00106,C0051,Content Writer,Marketing VA,Standard,2025-04-29,cancelled,,1200
V00107,C0052,Executive Assistant,Executive VA,High,2026-06-11,open,,2100
V00108,C0052,Operations Assistant,Executive VA,High,2025-10-02,filled,2025-10-21,1200
V00109,C0052,Accounts Payable Clerk,Bookkeeping,Standard,2025-07-27,filled,2025-08-21,1200
V00110,C0053,Customer Support Agent,Customer Support,High,2026-01-26,filled,2026-02-09,800
V00111,C0054,Data Analyst,Technical,High,2025-08-28,cancelled,,1500
V00112,C0054,Bookkeeper,Bookkeeping,Standard,2025-05-24,cancelled,,1000
V00113,C0054,Cold Caller,Sales VA,Standard,2025-05-18,filled,2025-06-07,1200
V00114,C0054,Web Developer,Technical,Standard,2026-01-29,open,,1500
V00115,C0055,Email Marketer,Marketing VA,Standard,2026-06-26,filled,2026-07-07,1200
V00116,C0056,Helpdesk Agent,Customer Support,Standard,2026-04-18,cancelled,,1000
V00117,C0056,Accounts Payable Clerk,Bookkeeping,High,2025-12-10,cancelled,,1200
V00118,C0056,Sales Development Rep,Sales VA,Standard,2026-01-28,on_hold,,1000
V00119,C0057,Executive Assistant,Executive VA,High,2026-07-24,open,,1200
V00120,C0058,Accounts Payable Clerk,Bookkeeping,Standard,2025-05-27,cancelled,,1000
V00121,C0059,Customer Support Agent,Customer Support,Standard,2025-08-22,filled,2025-09-17,1500
V00122,C0060,Helpdesk Agent,Customer Support,Standard,2025-10-30,filled,2025-11-06,1200
V00123,C0060,Email Marketer,Marketing VA,Standard,2026-04-23,filled,2026-05-11,1500
V00124,C0061,Customer Support Agent,Customer Support,Urgent,2025-09-30,cancelled,,800
V00125,C0061,Appointment Setter,Sales VA,Standard,2025-10-29,filled,2025-11-27,2100
V00126,C0061,Customer Support Agent,Customer Support,High,2025-07-11,cancelled,,1500
V00127,C0062,Accounts Payable Clerk,Bookkeeping,High,2025-06-11,filled,2025-07-10,1500
V00128,C0063,Email Marketer,Marketing VA,Standard,2026-03-23,on_hold,,800
V00129,C0063,Customer Support Agent,Customer Support,Standard,2025-11-14,cancelled,,1500
V00130,C0063,Accounts Payable Clerk,Bookkeeping,Urgent,2025-05-29,filled,2025-06-06,1200
V00131,C0064,Operations Assistant,Executive VA,Standard,2025-07-31,on_hold,,800
V00132,C0064,Operations Assistant,Executive VA,Urgent,2026-03-27,filled,2026-04-27,1000
V00133,C0064,Cold Caller,Sales VA,High,2025-07-25,filled,2025-08-05,1800
V00134,C0064,Social Media Manager,Marketing VA,Standard,2025-06-20,filled,2025-07-04,1000
V00135,C0064,Email Marketer,Marketing VA,Standard,2026-07-17,open,,2100
V00136,C0065,Executive Assistant,Executive VA,Standard,2026-07-10,open,,1800
V00137,C0065,Helpdesk Agent,Customer Support,Standard,2025-12-26,cancelled,,1800
V00138,C0066,Cold Caller,Sales VA,Standard,2026-01-04,cancelled,,1200
V00139,C0066,Data Analyst,Technical,Standard,2025-05-23,filled,2025-06-30,1000
V00140,C0066,Customer Support Agent,Customer Support,Urgent,2026-07-13,open,,800
V00141,C0066,Customer Support Agent,Customer Support,High,2026-04-16,filled,2026-05-22,1200
V00142,C0067,Customer Support Agent,Customer Support,Standard,2025-06-15,on_hold,,800
V00143,C0067,Operations Assistant,Executive VA,High,2026-03-09,filled,2026-03-28,1200
V00144,C0068,Bookkeeper,Bookkeeping,Standard,2026-01-24,filled,2026-03-05,1800
V00145,C0068,Sales Development Rep,Sales VA,High,2026-02-20,filled,2026-03-04,800
V00146,C0069,Accounts Payable Clerk,Bookkeeping,High,2026-01-06,filled,2026-01-25,1200
V00147,C0069,Executive Assistant,Executive VA,Urgent,2026-03-21,filled,2026-04-14,2100
V00148,C0069,Content Writer,Marketing VA,Urgent,2025-11-11,filled,2025-12-02,1500
V00149,C0070,Accounts Payable Clerk,Bookkeeping,Standard,2025-07-02,filled,2025-07-14,1200
V00150,C0071,Web Developer,Technical,Standard,2025-12-31,filled,2026-02-05,2100
V00151,C0072,Operations Assistant,Executive VA,Urgent,2025-09-17,filled,2025-10-18,1000
V00152,C0073,Automation Specialist,Technical,Standard,2026-02-03,filled,2026-03-29,1500
V00153,C0073,Executive Assistant,Executive VA,Urgent,2025-12-10,filled,2026-01-05,1800
V00154,C0074,Web Developer,Technical,Standard,2026-06-06,filled,2026-07-10,1500
V00155,C0074,Helpdesk Agent,Customer Support,Urgent,2026-06-20,on_hold,,1500
V00156,C0074,Automation Specialist,Technical,Standard,2026-03-25,filled,2026-04-09,1200
V00157,C0075,Automation Specialist,Technical,Standard,2025-09-17,cancelled,,800
V00158,C0076,Helpdesk Agent,Customer Support,Standard,2026-07-22,open,,2100
V00159,C0077,Data Analyst,Technical,Standard,2025-06-05,filled,2025-06-15,1200
V00160,C0077,Email Marketer,Marketing VA,Standard,2026-04-07,filled,2026-04-27,1500
V00161,C0078,Operations Assistant,Executive VA,Standard,2026-05-03,cancelled,,2100
V00162,C0078,Bookkeeper,Bookkeeping,Standard,2025-07-13,filled,2025-08-04,1500
V00163,C0078,Customer Support Agent,Customer Support,High,2025-08-28,filled,2025-09-07,1800
V00164,C0078,Email Marketer,Marketing VA,High,2026-01-10,filled,2026-01-29,1500
V00165,C0079,Sales Development Rep,Sales VA,Standard,2026-02-09,cancelled,,800
V00166,C0080,Bookkeeper,Bookkeeping,Standard,2026-04-17,filled,2026-04-30,800
V00167,C0081,Email Marketer,Marketing VA,Urgent,2026-03-20,open,,800
V00168,C0082,Appointment Setter,Sales VA,High,2025-12-27,cancelled,,1200
V00169,C0082,Executive Assistant,Executive VA,High,2026-06-04,on_hold,,1500
V00170,C0082,Social Media Manager,Marketing VA,Standard,2026-07-17,open,,1500
V00171,C0082,Executive Assistant,Executive VA,Standard,2025-11-06,filled,2025-11-29,1800
V00172,C0083,Executive Assistant,Executive VA,Standard,2026-05-16,filled,2026-06-15,2100
V00173,C0084,Web Developer,Technical,High,2025-07-23,cancelled,,1200
V00174,C0085,Helpdesk Agent,Customer Support,Standard,2025-07-08,filled,2025-07-20,1200
V00175,C0085,Social Media Manager,Marketing VA,Standard,2025-11-06,filled,2025-11-18,800
V00176,C0086,Cold Caller,Sales VA,Urgent,2025-11-04,on_hold,,1200
V00177,C0087,Cold Caller,Sales VA,Urgent,2025-06-16,filled,2025-07-12,2100
V00178,C0087,Operations Assistant,Executive VA,Standard,2026-05-29,filled,2026-06-16,1200
V00179,C0087,Operations Assistant,Executive VA,Standard,2026-05-24,on_hold,,1500
V00180,C0088,Executive Assistant,Executive VA,Standard,2026-03-06,filled,2026-03-26,1000
V00181,C0088,Cold Caller,Sales VA,Urgent,2026-06-07,filled,2026-06-16,1800
V00182,C0089,Bookkeeper,Bookkeeping,Standard,2025-07-30,filled,2025-08-16,2100
V00183,C0089,Executive Assistant,Executive VA,Urgent,2025-12-12,cancelled,,1500
V00184,C0089,Sales Development Rep,Sales VA,High,2026-02-11,cancelled,,1000
V00185,C0089,Executive Assistant,Executive VA,High,2025-07-01,on_hold,,800
V00186,C0089,Helpdesk Agent,Customer Support,High,2026-04-03,filled,2026-04-16,1800
V00187,C0090,Social Media Manager,Marketing VA,High,2026-05-19,filled,2026-06-07,1800
V00188,C0090,Content Writer,Marketing VA,Standard,2026-04-23,filled,2026-05-12,1500
V00189,C0090,Web Developer,Technical,Standard,2025-07-15,on_hold,,1500
V00190,C0090,Customer Support Agent,Customer Support,Standard,2026-01-30,cancelled,,1500
V00191,C0091,Content Writer,Marketing VA,Standard,2026-03-03,filled,2026-03-16,800
V00192,C0091,Cold Caller,Sales VA,Standard,2025-10-16,filled,2025-11-04,1000
V00193,C0092,Executive Assistant,Executive VA,High,2026-01-05,filled,2026-01-30,2100
V00194,C0093,Executive Assistant,Executive VA,Standard,2026-02-13,filled,2026-03-06,2100
V00195,C0093,Helpdesk Agent,Customer Support,High,2026-04-28,filled,2026-05-07,1000
V00196,C0094,Content Writer,Marketing VA,High,2026-02-07,cancelled,,1500
V00197,C0094,Web Developer,Technical,Standard,2026-01-16,filled,2026-02-17,800
V00198,C0095,Helpdesk Agent,Customer Support,High,2025-09-15,filled,2025-09-29,1500
V00199,C0095,Executive Assistant,Executive VA,Standard,2026-06-14,open,,1500
V00200,C0095,Data Analyst,Technical,Urgent,2026-07-19,open,,2100
V00201,C0095,Social Media Manager,Marketing VA,High,2025-12-06,filled,2025-12-31,800
V00202,C0095,Helpdesk Agent,Customer Support,Standard,2026-06-21,filled,2026-07-12,1500
V00203,C0096,Cold Caller,Sales VA,Urgent,2026-02-27,filled,2026-03-09,800
V00204,C0096,Data Analyst,Technical,Standard,2026-02-23,filled,2026-04-02,1800
V00205,C0097,Operations Assistant,Executive VA,Standard,2026-05-17,filled,2026-05-25,1200
V00206,C0097,Sales Development Rep,Sales VA,Standard,2026-03-15,filled,2026-04-02,1800
V00207,C0097,Sales Development Rep,Sales VA,Urgent,2025-10-31,cancelled,,1000
V00208,C0097,Operations Assistant,Executive VA,Urgent,2025-10-24,cancelled,,1000
V00209,C0098,Bookkeeper,Bookkeeping,Standard,2026-01-28,filled,2026-02-21,1800
V00210,C0099,Bookkeeper,Bookkeeping,Standard,2025-09-12,filled,2025-09-30,800
V00211,C0100,Accounts Payable Clerk,Bookkeeping,High,2025-09-06,cancelled,,2100
V00212,C0100,Customer Support Agent,Customer Support,High,2025-11-11,filled,2025-12-02,1200
V00213,C0100,Bookkeeper,Bookkeeping,High,2026-05-26,filled,2026-06-24,800
V00214,C0101,Executive Assistant,Executive VA,Urgent,2025-09-14,cancelled,,800
V00215,C0102,Executive Assistant,Executive VA,High,2026-05-06,filled,2026-06-13,1800
V00216,C0102,Data Analyst,Technical,Standard,2026-05-27,open,,1500
V00217,C0102,Customer Support Agent,Customer Support,Standard,2025-10-19,filled,2025-11-14,1200
V00218,C0102,Data Analyst,Technical,High,2025-07-03,cancelled,,2100
V00219,C0103,Data Analyst,Technical,Urgent,2026-07-22,open,,800
V00220,C0103,Data Analyst,Technical,High,2025-09-06,filled,2025-10-16,1500
V00221,C0103,Web Developer,Technical,Standard,2025-10-21,on_hold,,1800
V00222,C0104,Data Analyst,Technical,Urgent,2025-07-10,on_hold,,2100
V00223,C0104,Operations Assistant,Executive VA,Standard,2025-10-07,filled,2025-09-30,2100
V00224,C0104,Helpdesk Agent,Customer Support,Standard,2025-10-30,filled,2025-11-13,2100
V00225,C0104,Operations Assistant,Executive VA,High,2026-01-03,on_hold,,1800
V00226,C0105,Helpdesk Agent,Customer Support,Standard,2025-11-23,filled,2025-12-06,800
V00227,C0105,Executive Assistant,Executive VA,High,2026-07-14,open,,1500
V00228,C0105,Bookkeeper,Bookkeeping,Standard,2026-04-27,cancelled,,1000
V00229,C0105,Accounts Payable Clerk,Bookkeeping,Standard,2026-07-16,open,,2100
V00230,C0106,Helpdesk Agent,Customer Support,High,2025-09-27,on_hold,,1200
V00231,C0106,Executive Assistant,Executive VA,Standard,2026-03-15,filled,2026-03-28,1800
V00232,C0107,Email Marketer,Marketing VA,Urgent,2026-04-08,filled,2026-04-21,1000
V00233,C0108,Bookkeeper,Bookkeeping,Standard,2025-10-25,cancelled,,2100
V00234,C0108,Accounts Payable Clerk,Bookkeeping,Standard,2026-01-19,filled,2026-02-11,2100
V00235,C0108,Social Media Manager,Marketing VA,Standard,2026-07-09,open,,1200
V00236,C0108,Data Analyst,Technical,Urgent,2026-03-17,filled,2026-04-15,1800
V00237,C0109,Automation Specialist,Technical,Standard,2026-01-30,cancelled,,800
V00238,C0110,Social Media Manager,Marketing VA,Standard,2026-04-16,filled,2026-05-06,2100
V00239,C0110,Automation Specialist,Technical,Standard,2026-06-10,filled,2026-07-04,1800
V00240,C0111,Cold Caller,Sales VA,Urgent,2026-05-05,cancelled,,1800
V00241,C0111,Sales Development Rep,Sales VA,Standard,2025-11-27,filled,2025-12-17,2100
V00242,C0112,Accounts Payable Clerk,Bookkeeping,Standard,2026-06-20,filled,2026-07-05,1500
V00243,C0112,Executive Assistant,Executive VA,Standard,2025-10-22,filled,2025-11-02,2100
V00244,C0112,Cold Caller,Sales VA,High,2026-02-27,cancelled,,1800
V00245,C0113,Operations Assistant,Executive VA,Standard,2025-09-13,filled,2025-10-14,1200
V00246,C0113,Appointment Setter,Sales VA,Standard,2026-07-15,open,,1800
V00247,C0113,Bookkeeper,Bookkeeping,Standard,2026-04-01,on_hold,,1500
V00248,C0114,Web Developer,Technical,Standard,2025-10-26,filled,2025-11-27,800
V00249,C0114,Bookkeeper,Bookkeeping,Standard,2025-12-14,cancelled,,1000
V00250,C0115,Data Analyst,Technical,Standard,2026-04-06,cancelled,,1800
V00251,C0115,Cold Caller,Sales VA,High,2026-01-28,cancelled,,1500
V00252,C0116,Customer Support Agent,Customer Support,Standard,2026-07-07,open,,2100
V00253,C0116,Operations Assistant,Executive VA,High,2026-03-25,filled,2026-04-09,1000
V00254,C0116,Cold Caller,Sales VA,Standard,2026-03-03,filled,2026-04-02,1000
V00255,C0117,Helpdesk Agent,Customer Support,Standard,2025-09-18,filled,2025-10-02,1000
V00256,C0117,Automation Specialist,Technical,Standard,2025-10-13,filled,2025-11-19,1500
V00257,C0118,Web Developer,Technical,High,2025-08-17,filled,2025-09-30,1200
V00258,C0118,Appointment Setter,Sales VA,Standard,2025-11-11,filled,2025-11-30,1500
V00259,C0118,Data Analyst,Technical,Standard,2026-06-03,filled,2026-07-13,800
V00260,C0119,Helpdesk Agent,Customer Support,Urgent,2026-02-23,filled,2026-03-10,2100
V00261,C0119,Data Analyst,Technical,High,2025-10-22,filled,2025-11-13,1500
V00262,C0119,Executive Assistant,Executive VA,High,2026-06-11,filled,2026-07-16,1500
V00263,C0120,Sales Development Rep,Sales VA,Urgent,2026-01-19,cancelled,,2100
V00264,C0120,Executive Assistant,Executive VA,Standard,2026-06-05,filled,2026-06-23,1500
V00265,C0121,Customer Support Agent,Customer Support,High,2025-09-08,filled,2025-09-07,1000
V00266,C0121,Helpdesk Agent,Customer Support,High,2025-09-20,cancelled,,2100
V00267,C0121,Accounts Payable Clerk,Bookkeeping,Urgent,2026-06-10,filled,2026-06-23,1000
V00268,C0121,Email Marketer,Marketing VA,Standard,2026-06-20,filled,2026-07-09,1500
V00269,C0122,Content Writer,Marketing VA,Standard,2026-02-14,on_hold,,1800
V00270,C0122,Cold Caller,Sales VA,Standard,2025-11-24,filled,2025-12-05,1000
V00271,C0123,Executive Assistant,Executive VA,Standard,2025-09-23,cancelled,,1800
V00272,C0123,Email Marketer,Marketing VA,Standard,2026-03-10,filled,2026-03-28,1500
V00273,C0123,Executive Assistant,Executive VA,Standard,2025-12-08,filled,2025-12-18,1000
V00274,C0123,Web Developer,Technical,Standard,2026-05-13,filled,2026-06-22,1000
V00275,C0123,Customer Support Agent,Customer Support,Standard,2026-05-13,cancelled,,1200
V00276,C0124,Sales Development Rep,Sales VA,Standard,2025-08-18,cancelled,,1000
V00277,C0125,Email Marketer,Marketing VA,High,2026-01-26,cancelled,,1800
V00278,C0126,Helpdesk Agent,Customer Support,Urgent,2026-04-01,cancelled,,1000
V00279,C0126,Web Developer,Technical,Standard,2026-03-15,cancelled,,800
V00280,C0126,Bookkeeper,Bookkeeping,Standard,2025-08-31,on_hold,,800
V00281,C0127,Executive Assistant,Executive VA,Urgent,2026-01-14,filled,2026-02-01,1500
V00282,C0127,Executive Assistant,Executive VA,Standard,2026-06-19,filled,2026-07-06,1000
V00283,C0128,Web Developer,Technical,Standard,2026-03-03,on_hold,,1200
V00284,C0129,Bookkeeper,Bookkeeping,Urgent,2026-06-21,open,,800
V00285,C0130,Automation Specialist,Technical,Standard,2026-04-07,on_hold,,1000
V00286,C0130,Sales Development Rep,Sales VA,Standard,2026-04-12,cancelled,,1200
V00287,C0131,Operations Assistant,Executive VA,High,2026-06-14,open,,800
V00288,C0132,Cold Caller,Sales VA,Standard,2026-02-09,filled,2026-02-19,800
V00289,C0132,Helpdesk Agent,Customer Support,Standard,2025-11-18,filled,2025-12-09,1500
V00290,C0133,Bookkeeper,Bookkeeping,Standard,2026-01-11,filled,2026-01-31,1000
V00291,C0133,Sales Development Rep,Sales VA,Standard,2026-01-21,cancelled,,800
V00292,C0134,Operations Assistant,Executive VA,High,2026-02-12,filled,2026-03-05,1800
V00293,C0134,Sales Development Rep,Sales VA,Standard,2026-05-27,filled,2026-06-19,1500
V00294,C0134,Executive Assistant,Executive VA,Standard,2025-12-12,filled,2026-01-13,1800
V00295,C0134,Executive Assistant,Executive VA,Standard,2025-11-22,cancelled,,800
V00296,C0135,Executive Assistant,Executive VA,Standard,2025-09-18,cancelled,,1500
V00297,C0135,Helpdesk Agent,Customer Support,High,2025-10-07,cancelled,,1200
V00298,C0136,Helpdesk Agent,Customer Support,High,2025-12-07,filled,2025-12-20,800
V00299,C0136,Operations Assistant,Executive VA,Standard,2026-06-23,filled,2026-07-04,1000
V00300,C0136,Web Developer,Technical,Standard,2025-10-28,filled,2025-11-04,2100
V00301,C0137,Accounts Payable Clerk,Bookkeeping,Standard,2026-06-20,filled,2026-07-18,1200
V00302,C0137,Bookkeeper,Bookkeeping,Standard,2026-04-22,filled,2026-05-22,1500
V00303,C0137,Helpdesk Agent,Customer Support,Standard,2026-03-02,filled,2026-03-24,1800
V00304,C0138,Cold Caller,Sales VA,Urgent,2026-01-10,cancelled,,1200
V00305,C0138,Operations Assistant,Executive VA,High,2026-02-02,filled,2026-02-21,1200
V00306,C0138,Cold Caller,Sales VA,Standard,2026-01-21,filled,2026-02-13,2100
V00307,C0138,Customer Support Agent,Customer Support,Standard,2026-01-12,cancelled,,2100
V00308,C0139,Sales Development Rep,Sales VA,Standard,2026-06-27,open,,1800
V00309,C0140,Cold Caller,Sales VA,Standard,2026-04-04,cancelled,,1000
V00310,C0141,Bookkeeper,Bookkeeping,Standard,2026-01-08,filled,2026-02-11,800
V00311,C0142,Executive Assistant,Executive VA,High,2026-07-14,open,,1000
V00312,C0143,Email Marketer,Marketing VA,Urgent,2026-02-27,filled,2026-03-11,1000
V00313,C0143,Customer Support Agent,Customer Support,Standard,2025-12-21,cancelled,,1800
V00314,C0144,Content Writer,Marketing VA,Urgent,2026-06-16,filled,2026-07-12,1200
V00315,C0144,Operations Assistant,Executive VA,Standard,2025-10-10,filled,2025-11-16,1500
V00316,C0144,Content Writer,Marketing VA,Standard,2025-09-21,on_hold,,1000
V00317,C0144,Web Developer,Technical,Standard,2026-05-10,open,,1500
V00318,C0145,Executive Assistant,Executive VA,High,2026-06-15,open,,1200
V00319,C0146,Data Analyst,Technical,High,2025-10-11,on_hold,,1800
V00320,C0147,Accounts Payable Clerk,Bookkeeping,Standard,2026-04-09,on_hold,,1000
V00321,C0147,Web Developer,Technical,Standard,2025-11-13,cancelled,,800
V00322,C0148,Web Developer,Technical,Urgent,2026-06-13,filled,2026-07-04,2100
V00323,C0149,Sales Development Rep,Sales VA,Standard,2026-07-18,open,,1200
V00324,C0150,Helpdesk Agent,Customer Support,High,2026-02-03,filled,2026-02-17,1000
V00325,C0151,Executive Assistant,Executive VA,Urgent,2026-01-02,filled,2026-01-19,1500
V00326,C0152,Operations Assistant,Executive VA,Standard,2025-12-10,filled,2026-01-05,1000
V00327,C0153,Automation Specialist,Technical,High,2026-04-09,cancelled,,1800
V00328,C0153,Accounts Payable Clerk,Bookkeeping,Standard,2026-06-30,open,,2100
V00329,C0153,Executive Assistant,Executive VA,Urgent,2026-03-22,cancelled,,1000
V00330,C0153,Helpdesk Agent,Customer Support,High,2026-01-16,cancelled,,1500
V00331,C0154,Cold Caller,Sales VA,Standard,2026-04-25,on_hold,,1200
V00332,C0154,Customer Support Agent,Customer Support,Standard,2026-03-29,cancelled,,800
V00333,C0154,Operations Assistant,Executive VA,Standard,2025-12-27,cancelled,,1000
V00334,C0154,Cold Caller,Sales VA,High,2025-10-25,open,,2100
V00335,C0154,Sales Development Rep,Sales VA,High,2026-03-08,cancelled,,1000
V00336,C0155,Helpdesk Agent,Customer Support,Standard,2026-01-05,filled,2026-02-04,1000
V00337,C0155,Executive Assistant,Executive VA,Standard,2025-11-24,filled,2025-12-30,1200
V00338,C0156,Accounts Payable Clerk,Bookkeeping,Standard,2026-04-16,filled,2026-04-30,1200
V00339,C0156,Helpdesk Agent,Customer Support,Standard,2026-06-19,filled,2026-07-12,1000
V00340,C0156,Executive Assistant,Executive VA,Standard,2026-03-21,cancelled,,1200
V00341,C0156,Accounts Payable Clerk,Bookkeeping,Standard,2026-01-27,filled,2026-02-16,1800
V00342,C0157,Automation Specialist,Technical,Standard,2025-12-19,filled,2026-01-28,2100
V00343,C0158,Helpdesk Agent,Customer Support,High,2026-01-08,cancelled,,1500
V00344,C0159,Data Analyst,Technical,Standard,2026-05-04,filled,2026-06-15,1000
V00345,C0160,Helpdesk Agent,Customer Support,Standard,2026-01-02,cancelled,,2100
V00346,C0160,Web Developer,Technical,Standard,2025-10-17,cancelled,,1200
V00347,C0160,Content Writer,Marketing VA,Standard,2026-06-08,filled,2026-06-21,1200
V00348,C0160,Content Writer,Marketing VA,Urgent,2026-01-19,filled,2026-02-06,1200
V00349,C0161,Bookkeeper,Bookkeeping,High,2025-11-18,filled,2025-12-15,800
V00350,C0162,Executive Assistant,Executive VA,Standard,2025-12-09,cancelled,,1500
V00351,C0163,Operations Assistant,Executive VA,High,2025-10-25,cancelled,,800
V00352,C0164,Bookkeeper,Bookkeeping,High,2026-03-16,filled,2026-04-14,800
V00353,C0164,Web Developer,Technical,Standard,2026-02-26,filled,2026-03-18,2100
V00354,C0164,Accounts Payable Clerk,Bookkeeping,High,2025-10-12,filled,2025-10-10,1500
V00355,C0165,Helpdesk Agent,Customer Support,High,2025-11-10,filled,2025-11-20,800
V00356,C0166,Customer Support Agent,Customer Support,High,2026-07-17,filled,2026-07-26,1500
V00357,C0167,Accounts Payable Clerk,Bookkeeping,High,2026-03-25,on_hold,,1500
V00358,C0168,Social Media Manager,Marketing VA,Standard,2026-03-13,filled,2026-04-11,800
V00359,C0168,Executive Assistant,Executive VA,Urgent,2026-04-21,cancelled,,1200
V00360,C0168,Web Developer,Technical,High,2026-03-11,cancelled,,1000
V00361,C0169,Social Media Manager,Marketing VA,Standard,2025-12-17,filled,2026-01-03,1500
V00362,C0169,Helpdesk Agent,Customer Support,Standard,2025-12-04,cancelled,,1200
V00363,C0170,Bookkeeper,Bookkeeping,Standard,2026-04-21,cancelled,,1500
V00364,C0170,Bookkeeper,Bookkeeping,Standard,2026-05-23,on_hold,,2100
V00365,C0171,Appointment Setter,Sales VA,Standard,2026-04-17,on_hold,,1200
V00366,C0171,Cold Caller,Sales VA,Standard,2026-01-06,filled,2026-01-20,1800
V00367,C0172,Appointment Setter,Sales VA,Standard,2026-06-06,filled,2026-06-14,1500
V00368,C0173,Web Developer,Technical,High,2025-12-07,on_hold,,1500
V00369,C0174,Executive Assistant,Executive VA,Standard,2026-03-04,filled,2026-03-18,800
V00370,C0174,Operations Assistant,Executive VA,Standard,2026-03-11,filled,2026-04-02,1000
V00371,C0174,Helpdesk Agent,Customer Support,High,2026-01-28,filled,2026-02-21,2100
V00372,C0174,Executive Assistant,Executive VA,Urgent,2026-04-25,cancelled,,2100
V00373,C0174,Web Developer,Technical,Urgent,2026-04-17,cancelled,,1200
V00374,C0175,Executive Assistant,Executive VA,High,2026-02-06,filled,2026-02-25,800
V00375,C0176,Email Marketer,Marketing VA,Standard,2026-04-22,filled,2026-05-06,1000
V00376,C0176,Customer Support Agent,Customer Support,Standard,2025-12-22,filled,2026-01-11,1200
V00377,C0177,Data Analyst,Technical,High,2025-12-17,cancelled,,1800
V00378,C0178,Content Writer,Marketing VA,Standard,2026-03-07,filled,2026-04-08,2100
V00379,C0178,Email Marketer,Marketing VA,Standard,2025-12-31,filled,2026-01-14,800
V00380,C0178,Accounts Payable Clerk,Bookkeeping,Standard,2026-06-17,filled,2026-06-28,1200
V00381,C0178,Accounts Payable Clerk,Bookkeeping,Standard,2026-06-08,filled,2026-06-26,1200
V00382,C0178,Accounts Payable Clerk,Bookkeeping,Standard,2026-01-17,filled,2026-02-05,800
V00383,C0179,Appointment Setter,Sales VA,High,2026-01-15,filled,2026-01-26,1800
V00384,C0179,Sales Development Rep,Sales VA,Standard,2026-05-25,filled,2026-07-06,1000
V00385,C0180,Appointment Setter,Sales VA,Urgent,2026-01-21,filled,2026-01-31,1500
V00386,C0181,Content Writer,Marketing VA,Standard,2026-03-09,cancelled,,1000
V00387,C0181,Data Analyst,Technical,Urgent,2025-12-21,filled,2026-01-05,2100
V00388,C0182,Social Media Manager,Marketing VA,High,2026-07-20,open,,1500
V00389,C0182,Content Writer,Marketing VA,Standard,2026-07-10,filled,2026-07-26,1200
V00390,C0182,Cold Caller,Sales VA,Standard,2026-03-05,cancelled,,1800
V00391,C0183,Automation Specialist,Technical,Urgent,2026-03-20,filled,2026-04-18,1000
V00392,C0184,Accounts Payable Clerk,Bookkeeping,High,2026-02-21,filled,2026-03-15,1200
V00393,C0184,Data Analyst,Technical,Standard,2026-04-16,cancelled,,1500
V00394,C0185,Data Analyst,Technical,Standard,2026-01-25,filled,2026-03-07,1000
V00395,C0186,Customer Support Agent,Customer Support,Standard,2026-03-23,on_hold,,1000
V00396,C0187,Content Writer,Marketing VA,Urgent,2026-03-27,on_hold,,1000
V00397,C0187,Operations Assistant,Executive VA,Standard,2026-03-20,cancelled,,1200
V00398,C0187,Cold Caller,Sales VA,Standard,2026-02-14,filled,2026-02-06,1000
V00399,C0188,Appointment Setter,Sales VA,Standard,2026-01-22,filled,2026-02-08,1000
V00400,C0189,Executive Assistant,Executive VA,Standard,2026-05-16,on_hold,,1500
V00401,C0190,Operations Assistant,Executive VA,Standard,2026-03-04,filled,2026-04-01,1800
V00402,C0191,Accounts Payable Clerk,Bookkeeping,Urgent,2026-03-07,cancelled,,1500
V00403,C0192,Automation Specialist,Technical,Standard,2026-06-18,filled,2026-07-02,1000
V00404,C0192,Email Marketer,Marketing VA,High,2026-06-02,filled,2026-06-17,1500
V00405,C0193,Executive Assistant,Executive VA,High,2026-04-02,filled,2026-04-14,1500
V00406,C0194,Email Marketer,Marketing VA,High,2026-06-11,open,,1200
V00407,C0194,Helpdesk Agent,Customer Support,High,2026-05-04,filled,2026-05-19,1200
V00408,C0194,Sales Development Rep,Sales VA,Standard,2026-05-27,cancelled,,1500
V00409,C0194,Executive Assistant,Executive VA,Standard,2026-07-12,open,,1000
V00410,C0195,Accounts Payable Clerk,Bookkeeping,Urgent,2026-03-23,filled,2026-04-10,1200
V00411,C0195,Cold Caller,Sales VA,High,2026-07-03,open,,2100
V00412,C0195,Executive Assistant,Executive VA,Urgent,2026-03-06,cancelled,,1200
V00413,C0196,Executive Assistant,Executive VA,Standard,2026-02-09,open,,2100
V00414,C0197,Bookkeeper,Bookkeeping,Standard,2026-02-03,cancelled,,1000
V00415,C0197,Cold Caller,Sales VA,Standard,2026-05-30,filled,2026-06-09,2100
V00416,C0198,Social Media Manager,Marketing VA,Urgent,2026-01-07,filled,2026-01-22,1000
V00417,C0199,Operations Assistant,Executive VA,High,2026-07-05,open,,1500
V00418,C0199,Content Writer,Marketing VA,High,2026-04-11,filled,2026-04-28,800
V00419,C0199,Social Media Manager,Marketing VA,Standard,2026-07-11,open,,1000
V00420,C0200,Sales Development Rep,Sales VA,Standard,2026-02-05,cancelled,,2100
V00421,C0201,Social Media Manager,Marketing VA,High,2026-01-29,filled,2026-03-17,1800
V00422,C0201,Helpdesk Agent,Customer Support,High,2026-04-11,open,,1800
V00423,C0202,Operations Assistant,Executive VA,Standard,2026-05-28,filled,2026-06-21,1200
V00424,C0202,Content Writer,Marketing VA,Standard,2026-06-13,filled,2026-07-01,1200
V00425,C0203,Social Media Manager,Marketing VA,Standard,2026-02-01,filled,2026-02-17,1000
V00426,C0203,Appointment Setter,Sales VA,High,2026-05-22,filled,2026-05-29,1500
V00427,C0204,Customer Support Agent,Customer Support,High,2026-01-20,filled,2026-02-16,1000
V00428,C0205,Bookkeeper,Bookkeeping,Urgent,2026-03-05,cancelled,,1500
V00429,C0205,Executive Assistant,Executive VA,Standard,2026-03-21,filled,2026-04-28,800
V00430,C0206,Helpdesk Agent,Customer Support,High,2026-07-17,open,,2100
V00431,C0206,Cold Caller,Sales VA,High,2026-02-05,cancelled,,1200
V00432,C0206,Social Media Manager,Marketing VA,High,2026-07-21,open,,2100
V00433,C0206,Accounts Payable Clerk,Bookkeeping,Urgent,2026-04-30,on_hold,,800
V00434,C0207,Bookkeeper,Bookkeeping,Standard,2026-06-25,filled,2026-07-09,1800
V00435,C0208,Operations Assistant,Executive VA,Urgent,2026-02-11,cancelled,,1200
V00436,C0208,Accounts Payable Clerk,Bookkeeping,Standard,2026-03-21,on_hold,,1500
V00437,C0209,Email Marketer,Marketing VA,Standard,2026-03-14,filled,2026-03-22,1500
V00438,C0209,Executive Assistant,Executive VA,Standard,2026-07-01,filled,2026-07-18,1000
V00439,C0209,Accounts Payable Clerk,Bookkeeping,Urgent,2026-03-12,on_hold,,1500
V00440,C0209,Helpdesk Agent,Customer Support,Standard,2026-02-02,cancelled,,800
V00441,C0210,Email Marketer,Marketing VA,High,2026-07-01,filled,2026-07-18,1000
V00442,C0210,Executive Assistant,Executive VA,Standard,2026-04-04,filled,2026-04-20,800
V00443,C0210,Content Writer,Marketing VA,Standard,2026-07-25,open,,2100
V00444,C0211,Accounts Payable Clerk,Bookkeeping,Urgent,2026-06-04,filled,2026-06-16,1000
V00445,C0212,Content Writer,Marketing VA,Standard,2026-03-24,filled,2026-04-22,1000
V00446,C0212,Cold Caller,Sales VA,Standard,2026-07-23,open,,1000
V00447,C0212,Appointment Setter,Sales VA,Standard,2026-06-26,open,,1500
V00448,C0212,Social Media Manager,Marketing VA,Standard,2026-07-13,open,,1000
V00449,C0213,Customer Support Agent,Customer Support,Standard,2026-06-13,cancelled,,1000
V00450,C0213,Operations Assistant,Executive VA,Standard,2026-03-05,filled,2026-03-13,1000
V00451,C0213,Customer Support Agent,Customer Support,Standard,2026-05-07,cancelled,,1200
V00452,C0214,Executive Assistant,Executive VA,Standard,2026-05-15,on_hold,,1200
V00453,C0215,Operations Assistant,Executive VA,High,2026-05-11,filled,2026-05-22,1000
V00454,C0215,Accounts Payable Clerk,Bookkeeping,Standard,2026-03-18,filled,2026-04-25,1500
V00455,C0216,Executive Assistant,Executive VA,Standard,2026-04-06,filled,2026-04-19,1200
V00456,C0217,Content Writer,Marketing VA,Urgent,2026-04-16,on_hold,,1000
V00457,C0218,Web Developer,Technical,Standard,2026-03-29,cancelled,,800
V00458,C0219,Bookkeeper,Bookkeeping,Standard,2026-06-23,filled,2026-07-04,1800
V00459,C0219,Appointment Setter,Sales VA,Urgent,2026-07-10,open,,2100
V00460,C0220,Cold Caller,Sales VA,High,2026-04-29,filled,2026-05-15,1200
V00461,C0220,Accounts Payable Clerk,Bookkeeping,High,2026-04-15,filled,2026-05-05,1000
V00462,C0221,Appointment Setter,Sales VA,High,2026-06-27,filled,2026-07-11,1000
V00463,C0222,Cold Caller,Sales VA,Standard,2026-06-13,open,,1000
V00464,C0223,Sales Development Rep,Sales VA,Urgent,2026-06-18,filled,2026-07-10,1800
V00465,C0224,Data Analyst,Technical,Standard,2026-04-28,filled,2026-07-02,800
V00466,C0224,Operations Assistant,Executive VA,Standard,2026-03-25,cancelled,,1000
V00467,C0225,Appointment Setter,Sales VA,Standard,2026-06-11,open,,800
V00468,C0225,Helpdesk Agent,Customer Support,Standard,2026-06-22,filled,2026-07-01,1800
V00469,C0226,Web Developer,Technical,Standard,2026-07-10,open,,2100
V00470,C0227,Customer Support Agent,Customer Support,Standard,2026-05-19,filled,2026-06-21,1000
V00471,C0228,Bookkeeper,Bookkeeping,Standard,2026-04-26,filled,2026-05-21,2100
V00472,C0228,Operations Assistant,Executive VA,Standard,2026-05-31,filled,2026-06-29,1500
V00473,C0228,Sales Development Rep,Sales VA,Standard,2026-07-07,filled,2026-07-24,2100
V00474,C0228,Email Marketer,Marketing VA,High,2026-06-08,filled,2026-06-23,2100
V00475,C0229,Content Writer,Marketing VA,High,2026-04-24,filled,2026-05-21,1200
V00476,C0229,Customer Support Agent,Customer Support,Standard,2026-05-24,filled,2026-06-17,800
V00477,C0229,Operations Assistant,Executive VA,Standard,2026-04-24,filled,2026-05-11,1500
V00478,C0229,Content Writer,Marketing VA,Standard,2026-05-12,filled,2026-05-26,1000
V00479,C0229,Data Analyst,Technical,High,2026-04-21,filled,2026-05-11,1800
V00480,C0230,Web Developer,Technical,High,2026-06-01,filled,2026-07-26,2100
V00481,C0230,Social Media Manager,Marketing VA,Urgent,2026-04-28,filled,2026-05-18,1200
V00482,C0230,Cold Caller,Sales VA,Standard,2026-04-30,on_hold,,1000
V00483,C0230,Content Writer,Marketing VA,High,2026-06-07,open,,1000
V00484,C0231,Email Marketer,Marketing VA,Standard,2026-07-26,open,,800
V00485,C0231,Automation Specialist,Technical,Standard,2026-05-30,open,,1200
V00486,C0232,Automation Specialist,Technical,Urgent,2026-04-02,open,,1500
V00487,C0233,Accounts Payable Clerk,Bookkeeping,Standard,2026-05-15,filled,2026-05-24,2100
V00488,C0233,Helpdesk Agent,Customer Support,Standard,2026-05-14,filled,2026-06-06,1500
V00489,C0234,Accounts Payable Clerk,Bookkeeping,High,2026-07-01,open,,1000
V00490,C0234,Operations Assistant,Executive VA,Standard,2026-03-23,filled,2026-04-08,800
V00491,C0234,Customer Support Agent,Customer Support,Standard,2026-05-15,cancelled,,1000
V00492,C0234,Operations Assistant,Executive VA,Standard,2026-07-07,open,,1000
V00493,C0234,Executive Assistant,Executive VA,Standard,2026-03-24,filled,2026-04-16,1200
V00494,C0235,Social Media Manager,Marketing VA,Standard,2026-06-15,open,,1500
V00495,C0235,Web Developer,Technical,Standard,2026-05-09,filled,2026-05-25,1200
V00496,C0235,Content Writer,Marketing VA,Standard,2026-04-25,cancelled,,2100
V00497,C0235,Helpdesk Agent,Customer Support,High,2026-07-17,open,,1500
V00498,C0236,Accounts Payable Clerk,Bookkeeping,Standard,2026-05-22,cancelled,,1000
V00499,C0236,Social Media Manager,Marketing VA,Standard,2026-05-18,on_hold,,1200
V00500,C0236,Content Writer,Marketing VA,Urgent,2026-06-15,filled,2026-06-26,2100
V00501,C0236,Helpdesk Agent,Customer Support,High,2026-05-26,cancelled,,1000
V00502,C0236,Accounts Payable Clerk,Bookkeeping,Standard,2026-04-03,cancelled,,1800
V00503,C0237,Content Writer,Marketing VA,High,2026-04-16,filled,2026-05-09,1500
V00504,C0238,Automation Specialist,Technical,High,2026-06-23,open,,1200
V00505,C0238,Accounts Payable Clerk,Bookkeeping,High,2026-05-11,cancelled,,1000
V00506,C0238,Sales Development Rep,Sales VA,Standard,2026-05-14,on_hold,,1500
V00507,C0239,Customer Support Agent,Customer Support,High,2026-05-01,filled,2026-05-20,1500
V00508,C0239,Data Analyst,Technical,Standard,2026-04-06,filled,2026-04-26,800
V00509,C0239,Appointment Setter,Sales VA,High,2026-05-11,filled,2026-06-02,1000
V00510,C0240,Web Developer,Technical,Standard,2026-04-16,filled,2026-06-05,1800
V00511,C0240,Executive Assistant,Executive VA,High,2026-06-19,filled,2026-07-07,2100
V00512,C0241,Bookkeeper,Bookkeeping,Standard,2026-07-02,open,,1500
V00513,C0241,Email Marketer,Marketing VA,Standard,2026-06-23,filled,2026-07-25,1000
V00514,C0241,Executive Assistant,Executive VA,Standard,2026-05-30,filled,2026-06-20,800
V00515,C0241,Data Analyst,Technical,High,2026-04-09,filled,2026-05-04,1500
V00516,C0242,Helpdesk Agent,Customer Support,Standard,2026-07-11,open,,2100
V00517,C0243,Appointment Setter,Sales VA,High,2026-05-23,filled,2026-06-11,1200
V00518,C0244,Sales Development Rep,Sales VA,Standard,2026-04-15,open,,1200
V00519,C0245,Cold Caller,Sales VA,Standard,2026-07-07,filled,2026-07-26,1000
V00520,C0246,Helpdesk Agent,Customer Support,High,2026-07-12,open,,2100
V00521,C0246,Executive Assistant,Executive VA,Standard,2026-07-25,open,,1000
V00522,C0246,Cold Caller,Sales VA,Standard,2026-05-27,filled,2026-06-08,1200
V00523,C0246,Sales Development Rep,Sales VA,High,2026-05-04,cancelled,,1500
V00524,C0247,Helpdesk Agent,Customer Support,Standard,2026-04-19,filled,2026-05-11,2100
V00525,C0247,Social Media Manager,Marketing VA,Standard,2026-06-06,filled,2026-07-01,2100
V00526,C0248,Executive Assistant,Executive VA,Standard,2026-06-15,open,,1500
V00527,C0248,Email Marketer,Marketing VA,High,2026-04-29,on_hold,,800
V00528,C0249,Bookkeeper,Bookkeeping,Urgent,2026-05-20,filled,2026-06-18,2100
V00529,C0250,Data Analyst,Technical,Standard,2026-06-28,filled,2026-07-16,1200
V00530,C0250,Customer Support Agent,Customer Support,High,2026-05-09,cancelled,,1500
V00531,C0251,Customer Support Agent,Customer Support,Standard,2026-07-19,open,,1000
V00532,C0252,Email Marketer,Marketing VA,High,2026-05-06,filled,2026-06-06,1200
V00533,C0252,Social Media Manager,Marketing VA,High,2026-07-17,open,,2100
V00534,C0252,Bookkeeper,Bookkeeping,High,2026-05-21,filled,2026-06-10,1800
V00535,C0253,Automation Specialist,Technical,Standard,2026-06-14,filled,2026-06-21,1500
V00536,C0254,Appointment Setter,Sales VA,Standard,2026-06-21,filled,2026-07-13,1200
V00537,C0255,Email Marketer,Marketing VA,High,2026-06-13,filled,2026-06-22,1200
V00538,C0256,Executive Assistant,Executive VA,Standard,2026-05-09,cancelled,,1500
V00539,C0256,Bookkeeper,Bookkeeping,High,2026-05-15,cancelled,,1200
V00540,C0256,Email Marketer,Marketing VA,High,2026-05-25,filled,2026-06-15,800
V00541,C0257,Helpdesk Agent,Customer Support,Standard,2026-05-11,cancelled,,2100
V00542,C0257,Web Developer,Technical,Standard,2026-07-18,open,,800
V00543,C0257,Bookkeeper,Bookkeeping,Standard,2026-07-12,open,,800
V00544,C0258,Content Writer,Marketing VA,Standard,2026-07-05,open,,2100
V00545,C0259,Social Media Manager,Marketing VA,Standard,2026-06-24,filled,2026-07-05,1200
V00546,C0260,Executive Assistant,Executive VA,Standard,2026-06-27,filled,2026-07-18,1500
V00547,C0260,Customer Support Agent,Customer Support,Standard,2026-06-28,open,,1200
V00548,C0260,Helpdesk Agent,Customer Support,High,2026-05-23,filled,2026-06-03,1500
V00549,C0261,Cold Caller,Sales VA,Standard,2026-06-01,filled,2026-06-16,800
V00550,C0261,Automation Specialist,Technical,Standard,2026-06-29,open,,1500
V00551,C0261,Data Analyst,Technical,Standard,2026-06-14,open,,2100
V00552,C0261,Customer Support Agent,Customer Support,Standard,2026-05-19,on_hold,,1200
V00553,C0262,Operations Assistant,Executive VA,High,2026-05-13,filled,2026-05-30,1200
V00554,C0263,Bookkeeper,Bookkeeping,Standard,2026-06-11,open,,2100
V00555,C0263,Bookkeeper,Bookkeeping,Urgent,2026-07-26,open,,1200
V00556,C0263,Content Writer,Marketing VA,High,2026-06-18,open,,2100
V00557,C0263,Customer Support Agent,Customer Support,Standard,2026-05-31,filled,2026-06-19,1500
V00558,C0264,Operations Assistant,Executive VA,Standard,2026-07-23,open,,2100
V00559,C0265,Customer Support Agent,Customer Support,High,2026-07-03,filled,2026-06-29,1500
V00560,C0265,Customer Support Agent,Customer Support,Standard,2026-06-29,filled,2026-07-11,1800
V00561,C0265,Helpdesk Agent,Customer Support,Urgent,2026-06-06,filled,2026-06-09,1200
V00562,C0266,Social Media Manager,Marketing VA,Urgent,2026-06-13,filled,2026-06-29,1200
V00563,C0266,Email Marketer,Marketing VA,High,2026-06-07,open,,2100
V00564,C0267,Social Media Manager,Marketing VA,High,2026-06-09,open,,1500
V00565,C0267,Automation Specialist,Technical,Standard,2026-06-02,open,,1200
V00566,C0268,Helpdesk Agent,Customer Support,High,2026-06-07,filled,2026-07-05,1000
V00567,C0269,Social Media Manager,Marketing VA,Standard,2026-06-01,filled,2026-06-23,1000
V00568,C0270,Accounts Payable Clerk,Bookkeeping,Standard,2026-06-27,open,,1000
V00569,C0271,Operations Assistant,Executive VA,Standard,2026-06-19,open,,1000
V00570,C0272,Automation Specialist,Technical,High,2026-07-13,open,,800
V00571,C0272,Social Media Manager,Marketing VA,Standard,2026-07-05,open,,1200
V00572,C0273,Appointment Setter,Sales VA,Standard,2026-07-09,filled,2026-07-16,800
V00573,C0273,Bookkeeper,Bookkeeping,Standard,2026-06-13,filled,2026-07-20,2100
V00574,C0274,Automation Specialist,Technical,Standard,2026-07-20,open,,2100
V00575,C0274,Bookkeeper,Bookkeeping,High,2026-06-29,open,,1000
V00576,C0275,Web Developer,Technical,Standard,2026-07-10,open,,2100
V00577,C0275,Sales Development Rep,Sales VA,Urgent,2026-07-21,open,,1500
V00578,C0275,Content Writer,Marketing VA,Standard,2026-06-21,open,,2100
V00579,C0275,Web Developer,Technical,Standard,2026-07-22,open,,1800
V00580,C0276,Cold Caller,Sales VA,Standard,2026-07-07,open,,800
V00581,C0276,Social Media Manager,Marketing VA,Urgent,2026-06-24,open,,1000
V00582,C0276,Sales Development Rep,Sales VA,Urgent,2026-07-26,open,,800
V00583,C0276,Helpdesk Agent,Customer Support,High,2026-07-07,open,,2100
V00584,C0276,Accounts Payable Clerk,Bookkeeping,Standard,2026-07-23,open,,1000
V00585,C0277,Customer Support Agent,Customer Support,Standard,2026-07-01,filled,2026-07-24,1500
V00586,C0277,Customer Support Agent,Customer Support,Standard,2026-07-18,open,,2100
V00587,C0277,Customer Support Agent,Customer Support,Standard,2026-07-08,open,,2100
V00588,C0277,Email Marketer,Marketing VA,Standard,2026-07-08,filled,2026-07-18,800
V00589,C0277,Social Media Manager,Marketing VA,High,2026-07-12,open,,2100
V00590,C0278,Accounts Payable Clerk,Bookkeeping,Standard,2026-07-08,filled,2026-07-26,800
V00591,C0279,Bookkeeper,Bookkeeping,Standard,2026-06-13,open,,2100
V00592,C0279,Sales Development Rep,Sales VA,High,2026-06-22,filled,2026-07-24,2100
V00593,C0280,Operations Assistant,Executive VA,Standard,2026-07-21,open,,2100
V00594,C0280,Sales Development Rep,Sales VA,Standard,2026-07-24,open,,1000
V00595,C0281,Web Developer,Technical,Standard,2026-07-16,open,,1500
V00596,C0281,Customer Support Agent,Customer Support,Standard,2026-07-06,filled,2026-07-17,800
V00597,C0282,Data Analyst,Technical,High,2026-07-01,open,,2100
V00598,C0282,Web Developer,Technical,Standard,2026-07-05,open,,800
V00599,C0283,Cold Caller,Sales VA,Standard,2026-07-03,filled,2026-07-19,1000
V00600,C0283,Sales Development Rep,Sales VA,Standard,2026-07-13,open,,2100
V00601,C0283,Data Analyst,Technical,High,2026-07-05,open,,1200
V00602,C0283,Executive Assistant,Executive VA,Urgent,2026-07-20,open,,1200
V00603,C0284,Executive Assistant,Executive VA,Standard,2026-07-18,open,,2100
V00604,C0285,Operations Assistant,Executive VA,Standard,2026-07-03,filled,2026-07-15,1800
V00605,C0286,Operations Assistant,Executive VA,High,2026-07-03,filled,2026-07-12,1000
V00606,C0287,Automation Specialist,Technical,Standard,2026-07-06,open,,1200
V00607,C0288,Helpdesk Agent,Customer Support,Standard,2026-07-21,open,,1200
V00608,C0288,Accounts Payable Clerk,Bookkeeping,High,2026-07-24,open,,1200
V00609,C0288,Customer Support Agent,Customer Support,Standard,2026-07-22,open,,1500
V00610,C0289,Email Marketer,Marketing VA,Standard,2026-07-13,open,,1200
V00611,C0290,Sales Development Rep,Sales VA,High,2026-07-22,open,,1000
V00612,C0290,Appointment Setter,Sales VA,High,2026-07-23,open,,1800
V00613,C0291,Data Analyst,Technical,Standard,2026-07-18,open,,1500
V00614,C0291,Customer Support Agent,Customer Support,Standard,2026-07-23,open,,1500
V00615,C0291,Content Writer,Marketing VA,High,2026-07-17,filled,2026-07-26,1800
V00616,C0292,Sales Development Rep,Sales VA,Standard,2026-07-26,open,,1200
V00617,C0293,Web Developer,Technical,Standard,2026-07-07,open,,1200
V00618,C0293,Accounts Payable Clerk,Bookkeeping,Standard,2026-07-10,filled,2026-07-25,1800
V00619,C0293,Data Analyst,Technical,Standard,2026-07-09,open,,1800
V00620,C0293,Bookkeeper,Bookkeeping,Urgent,2026-07-16,open,,1800
V00621,C0293,Customer Support Agent,Customer Support,Standard,2026-07-22,open,,800
V00622,C0294,Data Analyst,Technical,Urgent,2026-07-21,open,,800
V00623,C0294,Helpdesk Agent,Customer Support,Standard,2026-07-18,open,,1800
V00624,C0294,Web Developer,Technical,Standard,2026-07-15,open,,1800
V00625,C0295,Social Media Manager,Marketing VA,Standard,2026-07-15,open,,1800
V00626,C0295,Web Developer,Technical,Urgent,2026-07-18,open,,1200
V00627,C0296,Helpdesk Agent,Customer Support,Standard,2026-07-21,open,,1500
V00628,C0296,Email Marketer,Marketing VA,Standard,2026-07-23,open,,1500
V00629,C0296,Accounts Payable Clerk,Bookkeeping,Standard,2026-07-23,open,,1200
V00630,C0297,Bookkeeper,Bookkeeping,Standard,2026-07-21,open,,1200
V00631,C0298,Appointment Setter,Sales VA,Standard,2026-07-24,open,,1500
V00632,C0299,Helpdesk Agent,Customer Support,High,2026-07-26,open,,1500
V00633,C0300,Executive Assistant,Executive VA,Urgent,2026-07-26,open,,1000
V00634,C0301,Operations Assistant,Executive VA,High,2026-07-19,open,,1500
V00635,C0302,Data Analyst,Technical,Standard,2026-07-26,open,,1800
